/*
Navicat MySQL Data Transfer

Source Server         : 10.10.9.98
Source Server Version : 50716
Source Host           : 10.10.9.98:3306
Source Database       : leng56v2

Target Server Type    : MYSQL
Target Server Version : 50716
File Encoding         : 65001

Date: 2017-01-05 16:42:03
*/

SET FOREIGN_KEY_CHECKS=0;

-- ----------------------------
-- Table structure for alliance
-- ----------------------------
DROP TABLE IF EXISTS `alliance`;
CREATE TABLE `alliance` (
  `id` char(36) CHARACTER SET utf8 COLLATE utf8_bin NOT NULL DEFAULT '',
  `name` varchar(255) NOT NULL,
  `desc` varchar(255) DEFAULT NULL,
  `create_time` datetime NOT NULL,
  `update_time` datetime NOT NULL,
  `delete_time` datetime DEFAULT NULL,
  PRIMARY KEY (`id`)
) ENGINE=InnoDB DEFAULT CHARSET=utf8 ROW_FORMAT=COMPACT COMMENT='联盟表';

-- ----------------------------
-- Records of alliance
-- ----------------------------
INSERT INTO `alliance` VALUES ('84048940-cb54-11e6-ba05-738c2bf5c3df', '4848', '4848', '2016-12-26 18:17:33', '2016-12-26 18:43:04', '2016-12-26 18:51:40');
INSERT INTO `alliance` VALUES ('abc', '北京天津联盟', '联盟', '2016-12-26 15:51:20', '2016-12-29 10:13:54', null);
INSERT INTO `alliance` VALUES ('af12d300-cbe3-11e6-b92b-e9ee6c01d192', '1515', '1515', '2016-12-27 11:22:30', '2016-12-27 14:51:40', '2017-01-03 18:24:40');
INSERT INTO `alliance` VALUES ('d2a73430-d19e-11e6-bf3c-3de2cb4f83c6', '菜天联盟', '菜天联盟-（天天物流-菜鸟驿站）', '2017-01-03 18:24:35', '2017-01-03 18:24:35', null);

-- ----------------------------
-- Table structure for alliance_organization
-- ----------------------------
DROP TABLE IF EXISTS `alliance_organization`;
CREATE TABLE `alliance_organization` (
  `alliance_id` char(36) CHARACTER SET utf8 COLLATE utf8_bin NOT NULL,
  `organization_id` char(36) CHARACTER SET utf8 COLLATE utf8_bin NOT NULL,
  PRIMARY KEY (`alliance_id`,`organization_id`),
  UNIQUE KEY `alliance_organization_organizationId_allianceId_unique` (`alliance_id`,`organization_id`),
  KEY `organization_id` (`organization_id`),
  CONSTRAINT `alliance_organization_ibfk_1` FOREIGN KEY (`alliance_id`) REFERENCES `alliance` (`id`) ON DELETE CASCADE ON UPDATE CASCADE,
  CONSTRAINT `alliance_organization_ibfk_2` FOREIGN KEY (`organization_id`) REFERENCES `organization` (`id`) ON DELETE CASCADE ON UPDATE CASCADE
) ENGINE=InnoDB DEFAULT CHARSET=utf8 ROW_FORMAT=COMPACT;

-- ----------------------------
-- Records of alliance_organization
-- ----------------------------
INSERT INTO `alliance_organization` VALUES ('abc', '1');
INSERT INTO `alliance_organization` VALUES ('af12d300-cbe3-11e6-b92b-e9ee6c01d192', '1');
INSERT INTO `alliance_organization` VALUES ('d2a73430-d19e-11e6-bf3c-3de2cb4f83c6', '1');
INSERT INTO `alliance_organization` VALUES ('d2a73430-d19e-11e6-bf3c-3de2cb4f83c6', '2a3eca10-c055-11e6-9d02-01a600aadebb');
INSERT INTO `alliance_organization` VALUES ('abc', '52b7ecd0-ccd3-11e6-aa45-59ef6cfe454d');

-- ----------------------------
-- Table structure for city
-- ----------------------------
DROP TABLE IF EXISTS `city`;
CREATE TABLE `city` (
  `id` int(11) NOT NULL DEFAULT '0',
  `name` varchar(255) DEFAULT NULL,
  `lng` float DEFAULT NULL,
  `lat` float DEFAULT NULL,
  `province_id` int(11) DEFAULT NULL,
  `create_time` datetime DEFAULT NULL,
  `update_time` datetime DEFAULT NULL,
  PRIMARY KEY (`id`)
) ENGINE=InnoDB DEFAULT CHARSET=utf8 ROW_FORMAT=COMPACT;

-- ----------------------------
-- Records of city
-- ----------------------------
INSERT INTO `city` VALUES ('110100', '北京市', '0', '0', '110000', '2016-04-29 16:05:31', '2016-04-29 16:05:31');
INSERT INTO `city` VALUES ('120100', '天津市', '0', '0', '120000', '2016-04-29 16:05:31', '2016-04-29 16:05:31');
INSERT INTO `city` VALUES ('130100', '石家庄市', '0', '0', '130000', '2016-04-29 16:05:31', '2016-04-29 16:05:31');
INSERT INTO `city` VALUES ('130200', '唐山市', '0', '0', '130000', '2016-04-29 16:05:31', '2016-04-29 16:05:31');
INSERT INTO `city` VALUES ('130300', '秦皇岛市', '0', '0', '130000', '2016-04-29 16:05:31', '2016-04-29 16:05:31');
INSERT INTO `city` VALUES ('130400', '邯郸市', '0', '0', '130000', '2016-04-29 16:05:31', '2016-04-29 16:05:31');
INSERT INTO `city` VALUES ('130500', '邢台市', '0', '0', '130000', '2016-04-29 16:05:31', '2016-04-29 16:05:31');
INSERT INTO `city` VALUES ('130600', '保定市', '0', '0', '130000', '2016-04-29 16:05:31', '2016-04-29 16:05:31');
INSERT INTO `city` VALUES ('130700', '张家口市', '0', '0', '130000', '2016-04-29 16:05:31', '2016-04-29 16:05:31');
INSERT INTO `city` VALUES ('130800', '承德市', '0', '0', '130000', '2016-04-29 16:05:31', '2016-04-29 16:05:31');
INSERT INTO `city` VALUES ('130900', '沧州市', '0', '0', '130000', '2016-04-29 16:05:31', '2016-04-29 16:05:31');
INSERT INTO `city` VALUES ('131000', '廊坊市', '0', '0', '130000', '2016-04-29 16:05:31', '2016-04-29 16:05:31');
INSERT INTO `city` VALUES ('131100', '衡水市', '0', '0', '130000', '2016-04-29 16:05:31', '2016-04-29 16:05:31');
INSERT INTO `city` VALUES ('140100', '太原市', '0', '0', '140000', '2016-04-29 16:05:31', '2016-04-29 16:05:31');
INSERT INTO `city` VALUES ('140200', '大同市', '0', '0', '140000', '2016-04-29 16:05:31', '2016-04-29 16:05:31');
INSERT INTO `city` VALUES ('140300', '阳泉市', '0', '0', '140000', '2016-04-29 16:05:31', '2016-04-29 16:05:31');
INSERT INTO `city` VALUES ('140400', '长治市', '0', '0', '140000', '2016-04-29 16:05:31', '2016-04-29 16:05:31');
INSERT INTO `city` VALUES ('140500', '晋城市', '0', '0', '140000', '2016-04-29 16:05:31', '2016-04-29 16:05:31');
INSERT INTO `city` VALUES ('140600', '朔州市', '0', '0', '140000', '2016-04-29 16:05:31', '2016-04-29 16:05:31');
INSERT INTO `city` VALUES ('140700', '晋中市', '0', '0', '140000', '2016-04-29 16:05:31', '2016-04-29 16:05:31');
INSERT INTO `city` VALUES ('140800', '运城市', '0', '0', '140000', '2016-04-29 16:05:31', '2016-04-29 16:05:31');
INSERT INTO `city` VALUES ('140900', '忻州市', '0', '0', '140000', '2016-04-29 16:05:31', '2016-04-29 16:05:31');
INSERT INTO `city` VALUES ('141000', '临汾市', '0', '0', '140000', '2016-04-29 16:05:31', '2016-04-29 16:05:31');
INSERT INTO `city` VALUES ('141100', '吕梁市', '0', '0', '140000', '2016-04-29 16:05:31', '2016-04-29 16:05:31');
INSERT INTO `city` VALUES ('150100', '呼和浩特市', '0', '0', '150000', '2016-04-29 16:05:31', '2016-04-29 16:05:31');
INSERT INTO `city` VALUES ('150200', '包头市', '0', '0', '150000', '2016-04-29 16:05:31', '2016-04-29 16:05:31');
INSERT INTO `city` VALUES ('150300', '乌海市', '0', '0', '150000', '2016-04-29 16:05:31', '2016-04-29 16:05:31');
INSERT INTO `city` VALUES ('150400', '赤峰市', '0', '0', '150000', '2016-04-29 16:05:31', '2016-04-29 16:05:31');
INSERT INTO `city` VALUES ('150500', '通辽市', '0', '0', '150000', '2016-04-29 16:05:31', '2016-04-29 16:05:31');
INSERT INTO `city` VALUES ('150600', '鄂尔多斯市', '0', '0', '150000', '2016-04-29 16:05:31', '2016-04-29 16:05:31');
INSERT INTO `city` VALUES ('150700', '呼伦贝尔市', '0', '0', '150000', '2016-04-29 16:05:31', '2016-04-29 16:05:31');
INSERT INTO `city` VALUES ('150800', '巴彦淖尔市', '0', '0', '150000', '2016-04-29 16:05:31', '2016-04-29 16:05:31');
INSERT INTO `city` VALUES ('150900', '乌兰察布市', '0', '0', '150000', '2016-04-29 16:05:31', '2016-04-29 16:05:31');
INSERT INTO `city` VALUES ('152200', '兴安盟', '0', '0', '150000', '2016-04-29 16:05:31', '2016-04-29 16:05:31');
INSERT INTO `city` VALUES ('152500', '锡林郭勒盟', '0', '0', '150000', '2016-04-29 16:05:31', '2016-04-29 16:05:31');
INSERT INTO `city` VALUES ('152900', '阿拉善盟', '0', '0', '150000', '2016-04-29 16:05:31', '2016-04-29 16:05:31');
INSERT INTO `city` VALUES ('210100', '沈阳市', '0', '0', '210000', '2016-04-29 16:05:31', '2016-04-29 16:05:31');
INSERT INTO `city` VALUES ('210200', '大连市', '0', '0', '210000', '2016-04-29 16:05:31', '2016-04-29 16:05:31');
INSERT INTO `city` VALUES ('210300', '鞍山市', '0', '0', '210000', '2016-04-29 16:05:31', '2016-04-29 16:05:31');
INSERT INTO `city` VALUES ('210400', '抚顺市', '0', '0', '210000', '2016-04-29 16:05:31', '2016-04-29 16:05:31');
INSERT INTO `city` VALUES ('210500', '本溪市', '0', '0', '210000', '2016-04-29 16:05:31', '2016-04-29 16:05:31');
INSERT INTO `city` VALUES ('210600', '丹东市', '0', '0', '210000', '2016-04-29 16:05:31', '2016-04-29 16:05:31');
INSERT INTO `city` VALUES ('210700', '锦州市', '0', '0', '210000', '2016-04-29 16:05:31', '2016-04-29 16:05:31');
INSERT INTO `city` VALUES ('210800', '营口市', '0', '0', '210000', '2016-04-29 16:05:31', '2016-04-29 16:05:31');
INSERT INTO `city` VALUES ('210900', '阜新市', '0', '0', '210000', '2016-04-29 16:05:31', '2016-04-29 16:05:31');
INSERT INTO `city` VALUES ('211000', '辽阳市', '0', '0', '210000', '2016-04-29 16:05:31', '2016-04-29 16:05:31');
INSERT INTO `city` VALUES ('211100', '盘锦市', '0', '0', '210000', '2016-04-29 16:05:31', '2016-04-29 16:05:31');
INSERT INTO `city` VALUES ('211200', '铁岭市', '0', '0', '210000', '2016-04-29 16:05:31', '2016-04-29 16:05:31');
INSERT INTO `city` VALUES ('211300', '朝阳市', '0', '0', '210000', '2016-04-29 16:05:31', '2016-04-29 16:05:31');
INSERT INTO `city` VALUES ('211400', '葫芦岛市', '0', '0', '210000', '2016-04-29 16:05:31', '2016-04-29 16:05:31');
INSERT INTO `city` VALUES ('220100', '长春市', '0', '0', '220000', '2016-04-29 16:05:31', '2016-04-29 16:05:31');
INSERT INTO `city` VALUES ('220200', '吉林市', '0', '0', '220000', '2016-04-29 16:05:31', '2016-04-29 16:05:31');
INSERT INTO `city` VALUES ('220300', '四平市', '0', '0', '220000', '2016-04-29 16:05:31', '2016-04-29 16:05:31');
INSERT INTO `city` VALUES ('220400', '辽源市', '0', '0', '220000', '2016-04-29 16:05:31', '2016-04-29 16:05:31');
INSERT INTO `city` VALUES ('220500', '通化市', '0', '0', '220000', '2016-04-29 16:05:31', '2016-04-29 16:05:31');
INSERT INTO `city` VALUES ('220600', '白山市', '0', '0', '220000', '2016-04-29 16:05:31', '2016-04-29 16:05:31');
INSERT INTO `city` VALUES ('220700', '松原市', '0', '0', '220000', '2016-04-29 16:05:31', '2016-04-29 16:05:31');
INSERT INTO `city` VALUES ('220800', '白城市', '0', '0', '220000', '2016-04-29 16:05:31', '2016-04-29 16:05:31');
INSERT INTO `city` VALUES ('222400', '延边朝鲜族自治州', '0', '0', '220000', '2016-04-29 16:05:31', '2016-04-29 16:05:31');
INSERT INTO `city` VALUES ('230100', '哈尔滨市', '0', '0', '230000', '2016-04-29 16:05:31', '2016-04-29 16:05:31');
INSERT INTO `city` VALUES ('230200', '齐齐哈尔市', '0', '0', '230000', '2016-04-29 16:05:31', '2016-04-29 16:05:31');
INSERT INTO `city` VALUES ('230300', '鸡西市', '0', '0', '230000', '2016-04-29 16:05:31', '2016-04-29 16:05:31');
INSERT INTO `city` VALUES ('230400', '鹤岗市', '0', '0', '230000', '2016-04-29 16:05:31', '2016-04-29 16:05:31');
INSERT INTO `city` VALUES ('230500', '双鸭山市', '0', '0', '230000', '2016-04-29 16:05:31', '2016-04-29 16:05:31');
INSERT INTO `city` VALUES ('230600', '大庆市', '0', '0', '230000', '2016-04-29 16:05:31', '2016-04-29 16:05:31');
INSERT INTO `city` VALUES ('230700', '伊春市', '0', '0', '230000', '2016-04-29 16:05:31', '2016-04-29 16:05:31');
INSERT INTO `city` VALUES ('230800', '佳木斯市', '0', '0', '230000', '2016-04-29 16:05:31', '2016-04-29 16:05:31');
INSERT INTO `city` VALUES ('230900', '七台河市', '0', '0', '230000', '2016-04-29 16:05:31', '2016-04-29 16:05:31');
INSERT INTO `city` VALUES ('231000', '牡丹江市', '0', '0', '230000', '2016-04-29 16:05:31', '2016-04-29 16:05:31');
INSERT INTO `city` VALUES ('231100', '黑河市', '0', '0', '230000', '2016-04-29 16:05:31', '2016-04-29 16:05:31');
INSERT INTO `city` VALUES ('231200', '绥化市', '0', '0', '230000', '2016-04-29 16:05:31', '2016-04-29 16:05:31');
INSERT INTO `city` VALUES ('232700', '大兴安岭地区', '0', '0', '230000', '2016-04-29 16:05:31', '2016-04-29 16:05:31');
INSERT INTO `city` VALUES ('310100', '上海市', '0', '0', '310000', '2016-04-29 16:05:31', '2016-04-29 16:05:31');
INSERT INTO `city` VALUES ('320100', '南京市', '0', '0', '320000', '2016-04-29 16:05:31', '2016-04-29 16:05:31');
INSERT INTO `city` VALUES ('320200', '无锡市', '0', '0', '320000', '2016-04-29 16:05:31', '2016-04-29 16:05:31');
INSERT INTO `city` VALUES ('320300', '徐州市', '0', '0', '320000', '2016-04-29 16:05:31', '2016-04-29 16:05:31');
INSERT INTO `city` VALUES ('320400', '常州市', '0', '0', '320000', '2016-04-29 16:05:31', '2016-04-29 16:05:31');
INSERT INTO `city` VALUES ('320500', '苏州市', '0', '0', '320000', '2016-04-29 16:05:31', '2016-04-29 16:05:31');
INSERT INTO `city` VALUES ('320600', '南通市', '0', '0', '320000', '2016-04-29 16:05:31', '2016-04-29 16:05:31');
INSERT INTO `city` VALUES ('320700', '连云港市', '0', '0', '320000', '2016-04-29 16:05:31', '2016-04-29 16:05:31');
INSERT INTO `city` VALUES ('320800', '淮安市', '0', '0', '320000', '2016-04-29 16:05:31', '2016-04-29 16:05:31');
INSERT INTO `city` VALUES ('320900', '盐城市', '0', '0', '320000', '2016-04-29 16:05:31', '2016-04-29 16:05:31');
INSERT INTO `city` VALUES ('321000', '扬州市', '0', '0', '320000', '2016-04-29 16:05:31', '2016-04-29 16:05:31');
INSERT INTO `city` VALUES ('321100', '镇江市', '0', '0', '320000', '2016-04-29 16:05:31', '2016-04-29 16:05:31');
INSERT INTO `city` VALUES ('321200', '泰州市', '0', '0', '320000', '2016-04-29 16:05:31', '2016-04-29 16:05:31');
INSERT INTO `city` VALUES ('321300', '宿迁市', '0', '0', '320000', '2016-04-29 16:05:31', '2016-04-29 16:05:31');
INSERT INTO `city` VALUES ('330100', '杭州市', '0', '0', '330000', '2016-04-29 16:05:31', '2016-04-29 16:05:31');
INSERT INTO `city` VALUES ('330200', '宁波市', '0', '0', '330000', '2016-04-29 16:05:31', '2016-04-29 16:05:31');
INSERT INTO `city` VALUES ('330300', '温州市', '0', '0', '330000', '2016-04-29 16:05:31', '2016-04-29 16:05:31');
INSERT INTO `city` VALUES ('330400', '嘉兴市', '0', '0', '330000', '2016-04-29 16:05:31', '2016-04-29 16:05:31');
INSERT INTO `city` VALUES ('330500', '湖州市', '0', '0', '330000', '2016-04-29 16:05:31', '2016-04-29 16:05:31');
INSERT INTO `city` VALUES ('330600', '绍兴市', '0', '0', '330000', '2016-04-29 16:05:31', '2016-04-29 16:05:31');
INSERT INTO `city` VALUES ('330700', '金华市', '0', '0', '330000', '2016-04-29 16:05:31', '2016-04-29 16:05:31');
INSERT INTO `city` VALUES ('330800', '衢州市', '0', '0', '330000', '2016-04-29 16:05:31', '2016-04-29 16:05:31');
INSERT INTO `city` VALUES ('330900', '舟山市', '0', '0', '330000', '2016-04-29 16:05:31', '2016-04-29 16:05:31');
INSERT INTO `city` VALUES ('331000', '台州市', '0', '0', '330000', '2016-04-29 16:05:31', '2016-04-29 16:05:31');
INSERT INTO `city` VALUES ('331100', '丽水市', '0', '0', '330000', '2016-04-29 16:05:31', '2016-04-29 16:05:31');
INSERT INTO `city` VALUES ('340100', '合肥市', '0', '0', '340000', '2016-04-29 16:05:31', '2016-04-29 16:05:31');
INSERT INTO `city` VALUES ('340200', '芜湖市', '0', '0', '340000', '2016-04-29 16:05:31', '2016-04-29 16:05:31');
INSERT INTO `city` VALUES ('340300', '蚌埠市', '0', '0', '340000', '2016-04-29 16:05:31', '2016-04-29 16:05:31');
INSERT INTO `city` VALUES ('340400', '淮南市', '0', '0', '340000', '2016-04-29 16:05:31', '2016-04-29 16:05:31');
INSERT INTO `city` VALUES ('340500', '马鞍山市', '0', '0', '340000', '2016-04-29 16:05:31', '2016-04-29 16:05:31');
INSERT INTO `city` VALUES ('340600', '淮北市', '0', '0', '340000', '2016-04-29 16:05:31', '2016-04-29 16:05:31');
INSERT INTO `city` VALUES ('340700', '铜陵市', '0', '0', '340000', '2016-04-29 16:05:31', '2016-04-29 16:05:31');
INSERT INTO `city` VALUES ('340800', '安庆市', '0', '0', '340000', '2016-04-29 16:05:31', '2016-04-29 16:05:31');
INSERT INTO `city` VALUES ('341000', '黄山市', '0', '0', '340000', '2016-04-29 16:05:31', '2016-04-29 16:05:31');
INSERT INTO `city` VALUES ('341100', '滁州市', '0', '0', '340000', '2016-04-29 16:05:31', '2016-04-29 16:05:31');
INSERT INTO `city` VALUES ('341200', '阜阳市', '0', '0', '340000', '2016-04-29 16:05:31', '2016-04-29 16:05:31');
INSERT INTO `city` VALUES ('341300', '宿州市', '0', '0', '340000', '2016-04-29 16:05:31', '2016-04-29 16:05:31');
INSERT INTO `city` VALUES ('341400', '巢湖市', '0', '0', '340000', '2016-04-29 16:05:31', '2016-04-29 16:05:31');
INSERT INTO `city` VALUES ('341500', '六安市', '0', '0', '340000', '2016-04-29 16:05:31', '2016-04-29 16:05:31');
INSERT INTO `city` VALUES ('341600', '亳州市', '0', '0', '340000', '2016-04-29 16:05:31', '2016-04-29 16:05:31');
INSERT INTO `city` VALUES ('341700', '池州市', '0', '0', '340000', '2016-04-29 16:05:31', '2016-04-29 16:05:31');
INSERT INTO `city` VALUES ('341800', '宣城市', '0', '0', '340000', '2016-04-29 16:05:31', '2016-04-29 16:05:31');
INSERT INTO `city` VALUES ('350100', '福州市', '0', '0', '350000', '2016-04-29 16:05:31', '2016-04-29 16:05:31');
INSERT INTO `city` VALUES ('350200', '厦门市', '0', '0', '350000', '2016-04-29 16:05:31', '2016-04-29 16:05:31');
INSERT INTO `city` VALUES ('350300', '莆田市', '0', '0', '350000', '2016-04-29 16:05:31', '2016-04-29 16:05:31');
INSERT INTO `city` VALUES ('350400', '三明市', '0', '0', '350000', '2016-04-29 16:05:31', '2016-04-29 16:05:31');
INSERT INTO `city` VALUES ('350500', '泉州市', '0', '0', '350000', '2016-04-29 16:05:31', '2016-04-29 16:05:31');
INSERT INTO `city` VALUES ('350600', '漳州市', '0', '0', '350000', '2016-04-29 16:05:31', '2016-04-29 16:05:31');
INSERT INTO `city` VALUES ('350700', '南平市', '0', '0', '350000', '2016-04-29 16:05:31', '2016-04-29 16:05:31');
INSERT INTO `city` VALUES ('350800', '龙岩市', '0', '0', '350000', '2016-04-29 16:05:31', '2016-04-29 16:05:31');
INSERT INTO `city` VALUES ('350900', '宁德市', '0', '0', '350000', '2016-04-29 16:05:31', '2016-04-29 16:05:31');
INSERT INTO `city` VALUES ('360100', '南昌市', '0', '0', '360000', '2016-04-29 16:05:31', '2016-04-29 16:05:31');
INSERT INTO `city` VALUES ('360200', '景德镇市', '0', '0', '360000', '2016-04-29 16:05:31', '2016-04-29 16:05:31');
INSERT INTO `city` VALUES ('360300', '萍乡市', '0', '0', '360000', '2016-04-29 16:05:31', '2016-04-29 16:05:31');
INSERT INTO `city` VALUES ('360400', '九江市', '0', '0', '360000', '2016-04-29 16:05:31', '2016-04-29 16:05:31');
INSERT INTO `city` VALUES ('360500', '新余市', '0', '0', '360000', '2016-04-29 16:05:31', '2016-04-29 16:05:31');
INSERT INTO `city` VALUES ('360600', '鹰潭市', '0', '0', '360000', '2016-04-29 16:05:31', '2016-04-29 16:05:31');
INSERT INTO `city` VALUES ('360700', '赣州市', '0', '0', '360000', '2016-04-29 16:05:31', '2016-04-29 16:05:31');
INSERT INTO `city` VALUES ('360800', '吉安市', '0', '0', '360000', '2016-04-29 16:05:31', '2016-04-29 16:05:31');
INSERT INTO `city` VALUES ('360900', '宜春市', '0', '0', '360000', '2016-04-29 16:05:31', '2016-04-29 16:05:31');
INSERT INTO `city` VALUES ('361000', '抚州市', '0', '0', '360000', '2016-04-29 16:05:31', '2016-04-29 16:05:31');
INSERT INTO `city` VALUES ('361100', '上饶市', '0', '0', '360000', '2016-04-29 16:05:31', '2016-04-29 16:05:31');
INSERT INTO `city` VALUES ('370100', '济南市', '0', '0', '370000', '2016-04-29 16:05:31', '2016-04-29 16:05:31');
INSERT INTO `city` VALUES ('370200', '青岛市', '0', '0', '370000', '2016-04-29 16:05:31', '2016-04-29 16:05:31');
INSERT INTO `city` VALUES ('370300', '淄博市', '0', '0', '370000', '2016-04-29 16:05:31', '2016-04-29 16:05:31');
INSERT INTO `city` VALUES ('370400', '枣庄市', '0', '0', '370000', '2016-04-29 16:05:31', '2016-04-29 16:05:31');
INSERT INTO `city` VALUES ('370500', '东营市', '0', '0', '370000', '2016-04-29 16:05:31', '2016-04-29 16:05:31');
INSERT INTO `city` VALUES ('370600', '烟台市', '0', '0', '370000', '2016-04-29 16:05:31', '2016-04-29 16:05:31');
INSERT INTO `city` VALUES ('370700', '潍坊市', '0', '0', '370000', '2016-04-29 16:05:31', '2016-04-29 16:05:31');
INSERT INTO `city` VALUES ('370800', '济宁市', '0', '0', '370000', '2016-04-29 16:05:31', '2016-04-29 16:05:31');
INSERT INTO `city` VALUES ('370900', '泰安市', '0', '0', '370000', '2016-04-29 16:05:31', '2016-04-29 16:05:31');
INSERT INTO `city` VALUES ('371000', '威海市', '0', '0', '370000', '2016-04-29 16:05:31', '2016-04-29 16:05:31');
INSERT INTO `city` VALUES ('371100', '日照市', '0', '0', '370000', '2016-04-29 16:05:31', '2016-04-29 16:05:31');
INSERT INTO `city` VALUES ('371200', '莱芜市', '0', '0', '370000', '2016-04-29 16:05:31', '2016-04-29 16:05:31');
INSERT INTO `city` VALUES ('371300', '临沂市', '0', '0', '370000', '2016-04-29 16:05:31', '2016-04-29 16:05:31');
INSERT INTO `city` VALUES ('371400', '德州市', '0', '0', '370000', '2016-04-29 16:05:31', '2016-04-29 16:05:31');
INSERT INTO `city` VALUES ('371500', '聊城市', '0', '0', '370000', '2016-04-29 16:05:31', '2016-04-29 16:05:31');
INSERT INTO `city` VALUES ('371600', '滨州市', '0', '0', '370000', '2016-04-29 16:05:31', '2016-04-29 16:05:31');
INSERT INTO `city` VALUES ('371700', '荷泽市', '0', '0', '370000', '2016-04-29 16:05:31', '2016-04-29 16:05:31');
INSERT INTO `city` VALUES ('410100', '郑州市', '0', '0', '410000', '2016-04-29 16:05:31', '2016-04-29 16:05:31');
INSERT INTO `city` VALUES ('410200', '开封市', '0', '0', '410000', '2016-04-29 16:05:31', '2016-04-29 16:05:31');
INSERT INTO `city` VALUES ('410300', '洛阳市', '0', '0', '410000', '2016-04-29 16:05:31', '2016-04-29 16:05:31');
INSERT INTO `city` VALUES ('410400', '平顶山市', '0', '0', '410000', '2016-04-29 16:05:31', '2016-04-29 16:05:31');
INSERT INTO `city` VALUES ('410500', '安阳市', '0', '0', '410000', '2016-04-29 16:05:31', '2016-04-29 16:05:31');
INSERT INTO `city` VALUES ('410600', '鹤壁市', '0', '0', '410000', '2016-04-29 16:05:31', '2016-04-29 16:05:31');
INSERT INTO `city` VALUES ('410700', '新乡市', '0', '0', '410000', '2016-04-29 16:05:31', '2016-04-29 16:05:31');
INSERT INTO `city` VALUES ('410800', '焦作市', '0', '0', '410000', '2016-04-29 16:05:31', '2016-04-29 16:05:31');
INSERT INTO `city` VALUES ('410900', '濮阳市', '0', '0', '410000', '2016-04-29 16:05:31', '2016-04-29 16:05:31');
INSERT INTO `city` VALUES ('411000', '许昌市', '0', '0', '410000', '2016-04-29 16:05:31', '2016-04-29 16:05:31');
INSERT INTO `city` VALUES ('411100', '漯河市', '0', '0', '410000', '2016-04-29 16:05:31', '2016-04-29 16:05:31');
INSERT INTO `city` VALUES ('411200', '三门峡市', '0', '0', '410000', '2016-04-29 16:05:31', '2016-04-29 16:05:31');
INSERT INTO `city` VALUES ('411300', '南阳市', '0', '0', '410000', '2016-04-29 16:05:31', '2016-04-29 16:05:31');
INSERT INTO `city` VALUES ('411400', '商丘市', '0', '0', '410000', '2016-04-29 16:05:31', '2016-04-29 16:05:31');
INSERT INTO `city` VALUES ('411500', '信阳市', '0', '0', '410000', '2016-04-29 16:05:31', '2016-04-29 16:05:31');
INSERT INTO `city` VALUES ('411600', '周口市', '0', '0', '410000', '2016-04-29 16:05:31', '2016-04-29 16:05:31');
INSERT INTO `city` VALUES ('411700', '驻马店市', '0', '0', '410000', '2016-04-29 16:05:31', '2016-04-29 16:05:31');
INSERT INTO `city` VALUES ('420100', '武汉市', '0', '0', '420000', '2016-04-29 16:05:31', '2016-04-29 16:05:31');
INSERT INTO `city` VALUES ('420200', '黄石市', '0', '0', '420000', '2016-04-29 16:05:31', '2016-04-29 16:05:31');
INSERT INTO `city` VALUES ('420300', '十堰市', '0', '0', '420000', '2016-04-29 16:05:31', '2016-04-29 16:05:31');
INSERT INTO `city` VALUES ('420500', '宜昌市', '0', '0', '420000', '2016-04-29 16:05:31', '2016-04-29 16:05:31');
INSERT INTO `city` VALUES ('420600', '襄樊市', '0', '0', '420000', '2016-04-29 16:05:31', '2016-04-29 16:05:31');
INSERT INTO `city` VALUES ('420700', '鄂州市', '0', '0', '420000', '2016-04-29 16:05:31', '2016-04-29 16:05:31');
INSERT INTO `city` VALUES ('420800', '荆门市', '0', '0', '420000', '2016-04-29 16:05:31', '2016-04-29 16:05:31');
INSERT INTO `city` VALUES ('420900', '孝感市', '0', '0', '420000', '2016-04-29 16:05:31', '2016-04-29 16:05:31');
INSERT INTO `city` VALUES ('421000', '荆州市', '0', '0', '420000', '2016-04-29 16:05:31', '2016-04-29 16:05:31');
INSERT INTO `city` VALUES ('421100', '黄冈市', '0', '0', '420000', '2016-04-29 16:05:31', '2016-04-29 16:05:31');
INSERT INTO `city` VALUES ('421200', '咸宁市', '0', '0', '420000', '2016-04-29 16:05:31', '2016-04-29 16:05:31');
INSERT INTO `city` VALUES ('421300', '随州市', '0', '0', '420000', '2016-04-29 16:05:31', '2016-04-29 16:05:31');
INSERT INTO `city` VALUES ('422800', '恩施土家族苗族自治州', '0', '0', '420000', '2016-04-29 16:05:31', '2016-04-29 16:05:31');
INSERT INTO `city` VALUES ('429000', '省直辖行政单位', '0', '0', '420000', '2016-04-29 16:05:31', '2016-04-29 16:05:31');
INSERT INTO `city` VALUES ('430100', '长沙市', '0', '0', '430000', '2016-04-29 16:05:31', '2016-04-29 16:05:31');
INSERT INTO `city` VALUES ('430200', '株洲市', '0', '0', '430000', '2016-04-29 16:05:31', '2016-04-29 16:05:31');
INSERT INTO `city` VALUES ('430300', '湘潭市', '0', '0', '430000', '2016-04-29 16:05:31', '2016-04-29 16:05:31');
INSERT INTO `city` VALUES ('430400', '衡阳市', '0', '0', '430000', '2016-04-29 16:05:31', '2016-04-29 16:05:31');
INSERT INTO `city` VALUES ('430500', '邵阳市', '0', '0', '430000', '2016-04-29 16:05:31', '2016-04-29 16:05:31');
INSERT INTO `city` VALUES ('430600', '岳阳市', '0', '0', '430000', '2016-04-29 16:05:31', '2016-04-29 16:05:31');
INSERT INTO `city` VALUES ('430700', '常德市', '0', '0', '430000', '2016-04-29 16:05:31', '2016-04-29 16:05:31');
INSERT INTO `city` VALUES ('430800', '张家界市', '0', '0', '430000', '2016-04-29 16:05:31', '2016-04-29 16:05:31');
INSERT INTO `city` VALUES ('430900', '益阳市', '0', '0', '430000', '2016-04-29 16:05:31', '2016-04-29 16:05:31');
INSERT INTO `city` VALUES ('431000', '郴州市', '0', '0', '430000', '2016-04-29 16:05:31', '2016-04-29 16:05:31');
INSERT INTO `city` VALUES ('431100', '永州市', '0', '0', '430000', '2016-04-29 16:05:31', '2016-04-29 16:05:31');
INSERT INTO `city` VALUES ('431200', '怀化市', '0', '0', '430000', '2016-04-29 16:05:31', '2016-04-29 16:05:31');
INSERT INTO `city` VALUES ('431300', '娄底市', '0', '0', '430000', '2016-04-29 16:05:31', '2016-04-29 16:05:31');
INSERT INTO `city` VALUES ('433100', '湘西土家族苗族自治州', '0', '0', '430000', '2016-04-29 16:05:31', '2016-04-29 16:05:31');
INSERT INTO `city` VALUES ('440100', '广州市', '0', '0', '440000', '2016-04-29 16:05:31', '2016-04-29 16:05:31');
INSERT INTO `city` VALUES ('440200', '韶关市', '0', '0', '440000', '2016-04-29 16:05:31', '2016-04-29 16:05:31');
INSERT INTO `city` VALUES ('440300', '深圳市', '0', '0', '440000', '2016-04-29 16:05:31', '2016-04-29 16:05:31');
INSERT INTO `city` VALUES ('440400', '珠海市', '0', '0', '440000', '2016-04-29 16:05:31', '2016-04-29 16:05:31');
INSERT INTO `city` VALUES ('440500', '汕头市', '0', '0', '440000', '2016-04-29 16:05:31', '2016-04-29 16:05:31');
INSERT INTO `city` VALUES ('440600', '佛山市', '0', '0', '440000', '2016-04-29 16:05:31', '2016-04-29 16:05:31');
INSERT INTO `city` VALUES ('440700', '江门市', '0', '0', '440000', '2016-04-29 16:05:31', '2016-04-29 16:05:31');
INSERT INTO `city` VALUES ('440800', '湛江市', '0', '0', '440000', '2016-04-29 16:05:31', '2016-04-29 16:05:31');
INSERT INTO `city` VALUES ('440900', '茂名市', '0', '0', '440000', '2016-04-29 16:05:31', '2016-04-29 16:05:31');
INSERT INTO `city` VALUES ('441200', '肇庆市', '0', '0', '440000', '2016-04-29 16:05:31', '2016-04-29 16:05:31');
INSERT INTO `city` VALUES ('441300', '惠州市', '0', '0', '440000', '2016-04-29 16:05:31', '2016-04-29 16:05:31');
INSERT INTO `city` VALUES ('441400', '梅州市', '0', '0', '440000', '2016-04-29 16:05:31', '2016-04-29 16:05:31');
INSERT INTO `city` VALUES ('441500', '汕尾市', '0', '0', '440000', '2016-04-29 16:05:31', '2016-04-29 16:05:31');
INSERT INTO `city` VALUES ('441600', '河源市', '0', '0', '440000', '2016-04-29 16:05:31', '2016-04-29 16:05:31');
INSERT INTO `city` VALUES ('441700', '阳江市', '0', '0', '440000', '2016-04-29 16:05:31', '2016-04-29 16:05:31');
INSERT INTO `city` VALUES ('441800', '清远市', '0', '0', '440000', '2016-04-29 16:05:31', '2016-04-29 16:05:31');
INSERT INTO `city` VALUES ('441900', '东莞市', '0', '0', '440000', '2016-04-29 16:05:31', '2016-04-29 16:05:31');
INSERT INTO `city` VALUES ('442000', '中山市', '0', '0', '440000', '2016-04-29 16:05:31', '2016-04-29 16:05:31');
INSERT INTO `city` VALUES ('445100', '潮州市', '0', '0', '440000', '2016-04-29 16:05:31', '2016-04-29 16:05:31');
INSERT INTO `city` VALUES ('445200', '揭阳市', '0', '0', '440000', '2016-04-29 16:05:31', '2016-04-29 16:05:31');
INSERT INTO `city` VALUES ('445300', '云浮市', '0', '0', '440000', '2016-04-29 16:05:31', '2016-04-29 16:05:31');
INSERT INTO `city` VALUES ('450100', '南宁市', '0', '0', '450000', '2016-04-29 16:05:31', '2016-04-29 16:05:31');
INSERT INTO `city` VALUES ('450200', '柳州市', '0', '0', '450000', '2016-04-29 16:05:31', '2016-04-29 16:05:31');
INSERT INTO `city` VALUES ('450300', '桂林市', '0', '0', '450000', '2016-04-29 16:05:31', '2016-04-29 16:05:31');
INSERT INTO `city` VALUES ('450400', '梧州市', '0', '0', '450000', '2016-04-29 16:05:31', '2016-04-29 16:05:31');
INSERT INTO `city` VALUES ('450500', '北海市', '0', '0', '450000', '2016-04-29 16:05:31', '2016-04-29 16:05:31');
INSERT INTO `city` VALUES ('450600', '防城港市', '0', '0', '450000', '2016-04-29 16:05:31', '2016-04-29 16:05:31');
INSERT INTO `city` VALUES ('450700', '钦州市', '0', '0', '450000', '2016-04-29 16:05:31', '2016-04-29 16:05:31');
INSERT INTO `city` VALUES ('450800', '贵港市', '0', '0', '450000', '2016-04-29 16:05:31', '2016-04-29 16:05:31');
INSERT INTO `city` VALUES ('450900', '玉林市', '0', '0', '450000', '2016-04-29 16:05:31', '2016-04-29 16:05:31');
INSERT INTO `city` VALUES ('451000', '百色市', '0', '0', '450000', '2016-04-29 16:05:31', '2016-04-29 16:05:31');
INSERT INTO `city` VALUES ('451100', '贺州市', '0', '0', '450000', '2016-04-29 16:05:31', '2016-04-29 16:05:31');
INSERT INTO `city` VALUES ('451200', '河池市', '0', '0', '450000', '2016-04-29 16:05:31', '2016-04-29 16:05:31');
INSERT INTO `city` VALUES ('451300', '来宾市', '0', '0', '450000', '2016-04-29 16:05:31', '2016-04-29 16:05:31');
INSERT INTO `city` VALUES ('451400', '崇左市', '0', '0', '450000', '2016-04-29 16:05:31', '2016-04-29 16:05:31');
INSERT INTO `city` VALUES ('460100', '海口市', '0', '0', '460000', '2016-04-29 16:05:31', '2016-04-29 16:05:31');
INSERT INTO `city` VALUES ('460200', '三亚市', '0', '0', '460000', '2016-04-29 16:05:31', '2016-04-29 16:05:31');
INSERT INTO `city` VALUES ('469000', '省直辖县级行政单位', '0', '0', '460000', '2016-04-29 16:05:31', '2016-04-29 16:05:31');
INSERT INTO `city` VALUES ('500100', '重庆市', '0', '0', '500000', '2016-04-29 16:05:31', '2016-04-29 16:05:31');
INSERT INTO `city` VALUES ('510100', '成都市', '0', '0', '510000', '2016-04-29 16:05:31', '2016-04-29 16:05:31');
INSERT INTO `city` VALUES ('510300', '自贡市', '0', '0', '510000', '2016-04-29 16:05:31', '2016-04-29 16:05:31');
INSERT INTO `city` VALUES ('510400', '攀枝花市', '0', '0', '510000', '2016-04-29 16:05:31', '2016-04-29 16:05:31');
INSERT INTO `city` VALUES ('510500', '泸州市', '0', '0', '510000', '2016-04-29 16:05:31', '2016-04-29 16:05:31');
INSERT INTO `city` VALUES ('510600', '德阳市', '0', '0', '510000', '2016-04-29 16:05:31', '2016-04-29 16:05:31');
INSERT INTO `city` VALUES ('510700', '绵阳市', '0', '0', '510000', '2016-04-29 16:05:31', '2016-04-29 16:05:31');
INSERT INTO `city` VALUES ('510800', '广元市', '0', '0', '510000', '2016-04-29 16:05:31', '2016-04-29 16:05:31');
INSERT INTO `city` VALUES ('510900', '遂宁市', '0', '0', '510000', '2016-04-29 16:05:31', '2016-04-29 16:05:31');
INSERT INTO `city` VALUES ('511000', '内江市', '0', '0', '510000', '2016-04-29 16:05:31', '2016-04-29 16:05:31');
INSERT INTO `city` VALUES ('511100', '乐山市', '0', '0', '510000', '2016-04-29 16:05:31', '2016-04-29 16:05:31');
INSERT INTO `city` VALUES ('511300', '南充市', '0', '0', '510000', '2016-04-29 16:05:31', '2016-04-29 16:05:31');
INSERT INTO `city` VALUES ('511400', '眉山市', '0', '0', '510000', '2016-04-29 16:05:31', '2016-04-29 16:05:31');
INSERT INTO `city` VALUES ('511500', '宜宾市', '0', '0', '510000', '2016-04-29 16:05:31', '2016-04-29 16:05:31');
INSERT INTO `city` VALUES ('511600', '广安市', '0', '0', '510000', '2016-04-29 16:05:31', '2016-04-29 16:05:31');
INSERT INTO `city` VALUES ('511700', '达州市', '0', '0', '510000', '2016-04-29 16:05:31', '2016-04-29 16:05:31');
INSERT INTO `city` VALUES ('511800', '雅安市', '0', '0', '510000', '2016-04-29 16:05:31', '2016-04-29 16:05:31');
INSERT INTO `city` VALUES ('511900', '巴中市', '0', '0', '510000', '2016-04-29 16:05:31', '2016-04-29 16:05:31');
INSERT INTO `city` VALUES ('512000', '资阳市', '0', '0', '510000', '2016-04-29 16:05:31', '2016-04-29 16:05:31');
INSERT INTO `city` VALUES ('513200', '阿坝藏族羌族自治州', '0', '0', '510000', '2016-04-29 16:05:31', '2016-04-29 16:05:31');
INSERT INTO `city` VALUES ('513300', '甘孜藏族自治州', '0', '0', '510000', '2016-04-29 16:05:31', '2016-04-29 16:05:31');
INSERT INTO `city` VALUES ('513400', '凉山彝族自治州', '0', '0', '510000', '2016-04-29 16:05:31', '2016-04-29 16:05:31');
INSERT INTO `city` VALUES ('520100', '贵阳市', '0', '0', '520000', '2016-04-29 16:05:31', '2016-04-29 16:05:31');
INSERT INTO `city` VALUES ('520200', '六盘水市', '0', '0', '520000', '2016-04-29 16:05:31', '2016-04-29 16:05:31');
INSERT INTO `city` VALUES ('520300', '遵义市', '0', '0', '520000', '2016-04-29 16:05:31', '2016-04-29 16:05:31');
INSERT INTO `city` VALUES ('520400', '安顺市', '0', '0', '520000', '2016-04-29 16:05:31', '2016-04-29 16:05:31');
INSERT INTO `city` VALUES ('522200', '铜仁地区', '0', '0', '520000', '2016-04-29 16:05:31', '2016-04-29 16:05:31');
INSERT INTO `city` VALUES ('522300', '黔西南布依族苗族自治州', '0', '0', '520000', '2016-04-29 16:05:31', '2016-04-29 16:05:31');
INSERT INTO `city` VALUES ('522400', '毕节地区', '0', '0', '520000', '2016-04-29 16:05:31', '2016-04-29 16:05:31');
INSERT INTO `city` VALUES ('522600', '黔东南苗族侗族自治州', '0', '0', '520000', '2016-04-29 16:05:31', '2016-04-29 16:05:31');
INSERT INTO `city` VALUES ('522700', '黔南布依族苗族自治州', '0', '0', '520000', '2016-04-29 16:05:31', '2016-04-29 16:05:31');
INSERT INTO `city` VALUES ('530100', '昆明市', '0', '0', '530000', '2016-04-29 16:05:31', '2016-04-29 16:05:31');
INSERT INTO `city` VALUES ('530300', '曲靖市', '0', '0', '530000', '2016-04-29 16:05:31', '2016-04-29 16:05:31');
INSERT INTO `city` VALUES ('530400', '玉溪市', '0', '0', '530000', '2016-04-29 16:05:31', '2016-04-29 16:05:31');
INSERT INTO `city` VALUES ('530500', '保山市', '0', '0', '530000', '2016-04-29 16:05:31', '2016-04-29 16:05:31');
INSERT INTO `city` VALUES ('530600', '昭通市', '0', '0', '530000', '2016-04-29 16:05:31', '2016-04-29 16:05:31');
INSERT INTO `city` VALUES ('530700', '丽江市', '0', '0', '530000', '2016-04-29 16:05:31', '2016-04-29 16:05:31');
INSERT INTO `city` VALUES ('530800', '思茅市', '0', '0', '530000', '2016-04-29 16:05:31', '2016-04-29 16:05:31');
INSERT INTO `city` VALUES ('530900', '临沧市', '0', '0', '530000', '2016-04-29 16:05:31', '2016-04-29 16:05:31');
INSERT INTO `city` VALUES ('532300', '楚雄彝族自治州', '0', '0', '530000', '2016-04-29 16:05:31', '2016-04-29 16:05:31');
INSERT INTO `city` VALUES ('532500', '红河哈尼族彝族自治州', '0', '0', '530000', '2016-04-29 16:05:31', '2016-04-29 16:05:31');
INSERT INTO `city` VALUES ('532600', '文山壮族苗族自治州', '0', '0', '530000', '2016-04-29 16:05:31', '2016-04-29 16:05:31');
INSERT INTO `city` VALUES ('532800', '西双版纳傣族自治州', '0', '0', '530000', '2016-04-29 16:05:31', '2016-04-29 16:05:31');
INSERT INTO `city` VALUES ('532900', '大理白族自治州', '0', '0', '530000', '2016-04-29 16:05:31', '2016-04-29 16:05:31');
INSERT INTO `city` VALUES ('533100', '德宏傣族景颇族自治州', '0', '0', '530000', '2016-04-29 16:05:31', '2016-04-29 16:05:31');
INSERT INTO `city` VALUES ('533300', '怒江傈僳族自治州', '0', '0', '530000', '2016-04-29 16:05:31', '2016-04-29 16:05:31');
INSERT INTO `city` VALUES ('533400', '迪庆藏族自治州', '0', '0', '530000', '2016-04-29 16:05:31', '2016-04-29 16:05:31');
INSERT INTO `city` VALUES ('540100', '拉萨市', '0', '0', '540000', '2016-04-29 16:05:31', '2016-04-29 16:05:31');
INSERT INTO `city` VALUES ('542100', '昌都地区', '0', '0', '540000', '2016-04-29 16:05:31', '2016-04-29 16:05:31');
INSERT INTO `city` VALUES ('542200', '山南地区', '0', '0', '540000', '2016-04-29 16:05:31', '2016-04-29 16:05:31');
INSERT INTO `city` VALUES ('542300', '日喀则地区', '0', '0', '540000', '2016-04-29 16:05:31', '2016-04-29 16:05:31');
INSERT INTO `city` VALUES ('542400', '那曲地区', '0', '0', '540000', '2016-04-29 16:05:31', '2016-04-29 16:05:31');
INSERT INTO `city` VALUES ('542500', '阿里地区', '0', '0', '540000', '2016-04-29 16:05:31', '2016-04-29 16:05:31');
INSERT INTO `city` VALUES ('542600', '林芝地区', '0', '0', '540000', '2016-04-29 16:05:31', '2016-04-29 16:05:31');
INSERT INTO `city` VALUES ('610100', '西安市', '0', '0', '610000', '2016-04-29 16:05:31', '2016-04-29 16:05:31');
INSERT INTO `city` VALUES ('610200', '铜川市', '0', '0', '610000', '2016-04-29 16:05:31', '2016-04-29 16:05:31');
INSERT INTO `city` VALUES ('610300', '宝鸡市', '0', '0', '610000', '2016-04-29 16:05:31', '2016-04-29 16:05:31');
INSERT INTO `city` VALUES ('610400', '咸阳市', '0', '0', '610000', '2016-04-29 16:05:31', '2016-04-29 16:05:31');
INSERT INTO `city` VALUES ('610500', '渭南市', '0', '0', '610000', '2016-04-29 16:05:31', '2016-04-29 16:05:31');
INSERT INTO `city` VALUES ('610600', '延安市', '0', '0', '610000', '2016-04-29 16:05:31', '2016-04-29 16:05:31');
INSERT INTO `city` VALUES ('610700', '汉中市', '0', '0', '610000', '2016-04-29 16:05:31', '2016-04-29 16:05:31');
INSERT INTO `city` VALUES ('610800', '榆林市', '0', '0', '610000', '2016-04-29 16:05:31', '2016-04-29 16:05:31');
INSERT INTO `city` VALUES ('610900', '安康市', '0', '0', '610000', '2016-04-29 16:05:31', '2016-04-29 16:05:31');
INSERT INTO `city` VALUES ('611000', '商洛市', '0', '0', '610000', '2016-04-29 16:05:31', '2016-04-29 16:05:31');
INSERT INTO `city` VALUES ('620100', '兰州市', '0', '0', '620000', '2016-04-29 16:05:31', '2016-04-29 16:05:31');
INSERT INTO `city` VALUES ('620200', '嘉峪关市', '0', '0', '620000', '2016-04-29 16:05:31', '2016-04-29 16:05:31');
INSERT INTO `city` VALUES ('620300', '金昌市', '0', '0', '620000', '2016-04-29 16:05:31', '2016-04-29 16:05:31');
INSERT INTO `city` VALUES ('620400', '白银市', '0', '0', '620000', '2016-04-29 16:05:31', '2016-04-29 16:05:31');
INSERT INTO `city` VALUES ('620500', '天水市', '0', '0', '620000', '2016-04-29 16:05:31', '2016-04-29 16:05:31');
INSERT INTO `city` VALUES ('620600', '武威市', '0', '0', '620000', '2016-04-29 16:05:31', '2016-04-29 16:05:31');
INSERT INTO `city` VALUES ('620700', '张掖市', '0', '0', '620000', '2016-04-29 16:05:31', '2016-04-29 16:05:31');
INSERT INTO `city` VALUES ('620800', '平凉市', '0', '0', '620000', '2016-04-29 16:05:31', '2016-04-29 16:05:31');
INSERT INTO `city` VALUES ('620900', '酒泉市', '0', '0', '620000', '2016-04-29 16:05:31', '2016-04-29 16:05:31');
INSERT INTO `city` VALUES ('621000', '庆阳市', '0', '0', '620000', '2016-04-29 16:05:31', '2016-04-29 16:05:31');
INSERT INTO `city` VALUES ('621100', '定西市', '0', '0', '620000', '2016-04-29 16:05:31', '2016-04-29 16:05:31');
INSERT INTO `city` VALUES ('621200', '陇南市', '0', '0', '620000', '2016-04-29 16:05:31', '2016-04-29 16:05:31');
INSERT INTO `city` VALUES ('622900', '临夏回族自治州', '0', '0', '620000', '2016-04-29 16:05:31', '2016-04-29 16:05:31');
INSERT INTO `city` VALUES ('623000', '甘南藏族自治州', '0', '0', '620000', '2016-04-29 16:05:31', '2016-04-29 16:05:31');
INSERT INTO `city` VALUES ('630100', '西宁市', '0', '0', '630000', '2016-04-29 16:05:31', '2016-04-29 16:05:31');
INSERT INTO `city` VALUES ('632100', '海东地区', '0', '0', '630000', '2016-04-29 16:05:31', '2016-04-29 16:05:31');
INSERT INTO `city` VALUES ('632200', '海北藏族自治州', '0', '0', '630000', '2016-04-29 16:05:31', '2016-04-29 16:05:31');
INSERT INTO `city` VALUES ('632300', '黄南藏族自治州', '0', '0', '630000', '2016-04-29 16:05:31', '2016-04-29 16:05:31');
INSERT INTO `city` VALUES ('632500', '海南藏族自治州', '0', '0', '630000', '2016-04-29 16:05:31', '2016-04-29 16:05:31');
INSERT INTO `city` VALUES ('632600', '果洛藏族自治州', '0', '0', '630000', '2016-04-29 16:05:31', '2016-04-29 16:05:31');
INSERT INTO `city` VALUES ('632700', '玉树藏族自治州', '0', '0', '630000', '2016-04-29 16:05:31', '2016-04-29 16:05:31');
INSERT INTO `city` VALUES ('632800', '海西蒙古族藏族自治州', '0', '0', '630000', '2016-04-29 16:05:31', '2016-04-29 16:05:31');
INSERT INTO `city` VALUES ('640100', '银川市', '0', '0', '640000', '2016-04-29 16:05:31', '2016-04-29 16:05:31');
INSERT INTO `city` VALUES ('640200', '石嘴山市', '0', '0', '640000', '2016-04-29 16:05:31', '2016-04-29 16:05:31');
INSERT INTO `city` VALUES ('640300', '吴忠市', '0', '0', '640000', '2016-04-29 16:05:31', '2016-04-29 16:05:31');
INSERT INTO `city` VALUES ('640400', '固原市', '0', '0', '640000', '2016-04-29 16:05:31', '2016-04-29 16:05:31');
INSERT INTO `city` VALUES ('640500', '中卫市', '0', '0', '640000', '2016-04-29 16:05:31', '2016-04-29 16:05:31');
INSERT INTO `city` VALUES ('650100', '乌鲁木齐市', '0', '0', '650000', '2016-04-29 16:05:31', '2016-04-29 16:05:31');
INSERT INTO `city` VALUES ('650200', '克拉玛依市', '0', '0', '650000', '2016-04-29 16:05:31', '2016-04-29 16:05:31');
INSERT INTO `city` VALUES ('652100', '吐鲁番地区', '0', '0', '650000', '2016-04-29 16:05:31', '2016-04-29 16:05:31');
INSERT INTO `city` VALUES ('652200', '哈密地区', '0', '0', '650000', '2016-04-29 16:05:31', '2016-04-29 16:05:31');
INSERT INTO `city` VALUES ('652300', '昌吉回族自治州', '0', '0', '650000', '2016-04-29 16:05:31', '2016-04-29 16:05:31');
INSERT INTO `city` VALUES ('652700', '博尔塔拉蒙古自治州', '0', '0', '650000', '2016-04-29 16:05:31', '2016-04-29 16:05:31');
INSERT INTO `city` VALUES ('652800', '巴音郭楞蒙古自治州', '0', '0', '650000', '2016-04-29 16:05:31', '2016-04-29 16:05:31');
INSERT INTO `city` VALUES ('652900', '阿克苏地区', '0', '0', '650000', '2016-04-29 16:05:31', '2016-04-29 16:05:31');
INSERT INTO `city` VALUES ('653000', '克孜勒苏柯尔克孜自治州', '0', '0', '650000', '2016-04-29 16:05:31', '2016-04-29 16:05:31');
INSERT INTO `city` VALUES ('653100', '喀什地区', '0', '0', '650000', '2016-04-29 16:05:31', '2016-04-29 16:05:31');
INSERT INTO `city` VALUES ('653200', '和田地区', '0', '0', '650000', '2016-04-29 16:05:31', '2016-04-29 16:05:31');
INSERT INTO `city` VALUES ('654000', '伊犁哈萨克自治州', '0', '0', '650000', '2016-04-29 16:05:31', '2016-04-29 16:05:31');
INSERT INTO `city` VALUES ('654200', '塔城地区', '0', '0', '650000', '2016-04-29 16:05:31', '2016-04-29 16:05:31');
INSERT INTO `city` VALUES ('654300', '阿勒泰地区', '0', '0', '650000', '2016-04-29 16:05:31', '2016-04-29 16:05:31');
INSERT INTO `city` VALUES ('659000', '省直辖行政单位', '0', '0', '650000', '2016-04-29 16:05:31', '2016-04-29 16:05:31');

-- ----------------------------
-- Table structure for customer
-- ----------------------------
DROP TABLE IF EXISTS `customer`;
CREATE TABLE `customer` (
  `id` char(36) CHARACTER SET utf8 COLLATE utf8_bin NOT NULL DEFAULT '',
  `name` varchar(255) DEFAULT NULL,
  `linkman` varchar(255) DEFAULT NULL,
  `phone` varchar(255) DEFAULT NULL,
  `business` varchar(255) DEFAULT NULL,
  `region_id` int(11) DEFAULT NULL,
  `address` varchar(255) DEFAULT NULL,
  `organization_id` char(36) CHARACTER SET utf8 COLLATE utf8_bin DEFAULT NULL,
  `seat_group_id` char(36) CHARACTER SET utf8 COLLATE utf8_bin DEFAULT NULL,
  `remark` varchar(255) DEFAULT NULL,
  `opening_bank` varchar(255) DEFAULT '开户行',
  `account` varchar(255) DEFAULT '账号',
  `account_name` varchar(255) DEFAULT '账号名',
  `billing_type` varchar(30) DEFAULT NULL,
  `billing_title` varchar(255) DEFAULT '发票抬头',
  `taxpayer_no` varchar(255) DEFAULT '纳税人识别号',
  `creator_id` char(36) CHARACTER SET utf8 COLLATE utf8_bin DEFAULT NULL,
  `create_time` datetime NOT NULL,
  `update_time` datetime NOT NULL,
  `delete_time` datetime DEFAULT NULL,
  PRIMARY KEY (`id`),
  KEY `organization_id` (`organization_id`),
  KEY `seat_group_id` (`seat_group_id`),
  KEY `creator_id` (`creator_id`),
  CONSTRAINT `customer_ibfk_1` FOREIGN KEY (`organization_id`) REFERENCES `organization` (`id`) ON DELETE NO ACTION ON UPDATE CASCADE,
  CONSTRAINT `customer_ibfk_2` FOREIGN KEY (`seat_group_id`) REFERENCES `seat_group` (`id`) ON DELETE SET NULL ON UPDATE CASCADE,
  CONSTRAINT `customer_ibfk_3` FOREIGN KEY (`creator_id`) REFERENCES `user` (`id`) ON DELETE NO ACTION ON UPDATE CASCADE
) ENGINE=InnoDB DEFAULT CHARSET=utf8 ROW_FORMAT=COMPACT COMMENT='客户表';

-- ----------------------------
-- Records of customer
-- ----------------------------
INSERT INTO `customer` VALUES ('06745ec0-ce64-11e6-a304-074aad0b1759', '涵涵涵', null, null, null, null, null, null, null, null, null, null, null, null, null, null, '1', '2016-12-30 15:46:08', '2016-12-30 15:46:08', '2016-12-30 15:46:30');
INSERT INTO `customer` VALUES ('08eb48f0-c813-11e6-8708-bf31b68150a8', '石家庄中和禽肉产品有限公司', '黄经理', '13876369896', '鸡肉产品、猪肉产品', '130104', '志远路50号', '1', '1', '石家庄分公司', '中国工商银行石家庄支行志远路分理处', '620030321236933', '黄哲', 'ORDINARY', '石家庄中和禽肉产品有限公司', '30012023323', '1', '2016-12-22 14:51:16', '2017-01-04 15:20:54', null);
INSERT INTO `customer` VALUES ('0bde6890-ce66-11e6-8a91-d51e21d208cf', '1516', null, null, null, null, null, '1', null, null, null, null, null, null, null, null, '1', '2016-12-30 16:00:36', '2016-12-30 16:00:36', '2016-12-30 16:08:27');
INSERT INTO `customer` VALUES ('1814a110-ce66-11e6-8a91-d51e21d208cf', '15156', '16165', '156516', '165', '140402', '165', '1', null, null, null, null, null, null, null, null, '1', '2016-12-30 16:00:56', '2016-12-30 16:01:10', '2016-12-30 16:08:30');
INSERT INTO `customer` VALUES ('193fd210-ce4f-11e6-9b15-ad271eab55b7', '河北运输食品有限公司', '赵助理', '13141427077', '食品', '110104', '东直门', '1', '72172fe0-c806-11e6-8708-bf31b68150a8', '食品', '北京银行', '13093019941024361X', '赵晗', 'VAT', '河北运输食品有限公司', '1045', '16eb09f0-c0d8-11e6-8ebd-1b0f078634cf', '2016-12-30 13:16:20', '2017-01-04 16:49:21', null);
INSERT INTO `customer` VALUES ('1d4c4ad0-cca8-11e6-b6af-cdaca8571654', '南方调度的客户', '张主管', '13141427077', '冻', '110101', '雍和宫', '1', 'de0bf410-c054-11e6-9d02-01a600aadebb', null, null, null, null, null, null, null, 'f87a7b00-cca7-11e6-b6af-cdaca8571654', '2016-12-28 10:48:29', '2016-12-28 10:48:59', '2016-12-29 14:44:06');
INSERT INTO `customer` VALUES ('204e4d00-ce65-11e6-8a91-d51e21d208cf', '河北客户', '赵涵', '13141427077', '111', '120104', '000', '1', '1', null, null, null, null, null, null, null, '1', '2016-12-30 15:54:01', '2016-12-30 15:55:56', '2016-12-30 15:57:18');
INSERT INTO `customer` VALUES ('2c65a5e0-c04e-11e6-950f-a35dcb6d0413', '33', '33', '33', '33', '130303', '33', '1', '1', '33', '33', '33', '33', 'ORDINARY', '33', '33', '1', '2016-12-12 17:34:43', '2016-12-13 13:25:21', '2016-12-22 14:47:07');
INSERT INTO `customer` VALUES ('31d8c4c0-ce64-11e6-a304-074aad0b1759', '汗涵', '韩梅梅', '110', '110', null, '4545', null, null, '4545', '45', '45', '45', 'ORDINARY', '45', '45', '1', '2016-12-30 15:47:20', '2016-12-30 15:47:20', '2016-12-30 15:48:21');
INSERT INTO `customer` VALUES ('394ce480-ce68-11e6-9421-a730901cb7f8', '2222', '222', '2222', '222', '110101', '2222', '1', null, null, null, null, null, null, null, null, '1', '2016-12-30 16:16:11', '2016-12-30 16:16:28', '2016-12-30 16:17:06');
INSERT INTO `customer` VALUES ('3d1bb100-c82c-11e6-8708-bf31b68150a8', '天津冷冻公司', '张经理', '13141427077', '冷冻', '120103', '利民道48号', '1', '07fc3f80-cd6d-11e6-a374-6da3754fe6cf', '冷冻', '天津招商支行', '1309330', '掌柜', 'ORDINARY', '天津冷冻公司', '130930', '1', '2016-12-22 17:51:41', '2016-12-29 15:42:14', null);
INSERT INTO `customer` VALUES ('521dc5c0-d15f-11e6-9836-e9503d800356', '上海冷藏食品有限公司', '徐经理', '13601200268', '冷藏巧克力等食品', '310115', '浦发大街666号', '1', null, '冷藏食品', '上海浦发银行浦发街支行', '62405 55412 545888', '徐金刚', 'VAT', '上海冷藏食品有限公司', '13019036412325', '16eb09f0-c0d8-11e6-8ebd-1b0f078634cf', '2017-01-03 10:50:01', '2017-01-03 11:53:32', null);
INSERT INTO `customer` VALUES ('543c72b0-c0da-11e6-9136-6f6ee9bf9aa0', '55', '55', '55', '55', null, '55', '1', null, '55', '555', '555', '555', 'ORDINARY', '555', '555', '16eb09f0-c0d8-11e6-8ebd-1b0f078634cf', '2016-12-13 10:17:43', '2016-12-13 10:17:43', '2016-12-22 14:47:14');
INSERT INTO `customer` VALUES ('54c31310-ce68-11e6-9421-a730901cb7f8', '3333', '3333', '3333', '33333', '120101', '33333', '1', null, '333', null, null, null, null, null, null, '1', '2016-12-30 16:16:57', '2016-12-30 16:16:57', '2016-12-30 16:17:09');
INSERT INTO `customer` VALUES ('55da6160-ce66-11e6-8a91-d51e21d208cf', '15616156', null, null, null, null, null, '1', null, null, null, null, null, null, null, null, '1', '2016-12-30 16:02:40', '2016-12-30 16:02:40', '2016-12-30 16:08:32');
INSERT INTO `customer` VALUES ('66ffe050-ce66-11e6-8a91-d51e21d208cf', '2222', '2222', '2222', '2222', null, '2222', '1', null, null, null, null, null, null, null, null, '1', '2016-12-30 16:03:09', '2016-12-30 16:03:09', '2016-12-30 16:08:34');
INSERT INTO `customer` VALUES ('6a9a7910-c80c-11e6-8708-bf31b68150a8', '赵涵', '13141427077', '13141427077', '冷藏', '110101', '雍和宫', '1', 'de0bf410-c054-11e6-9d02-01a600aadebb', '00', '00', '000', '000', 'ORDINARY', '00', '00', '1', '2016-12-22 14:03:53', '2016-12-22 14:03:53', '2016-12-22 14:47:23');
INSERT INTO `customer` VALUES ('6db53510-cd87-11e6-b699-f7176c686828', '北京市顺义鹏程有限公司', '赵鹏程', '13141427077', '熟食', '110113', '南法信22号', '1', '72172fe0-c806-11e6-8708-bf31b68150a8', '鹏程食品', '北京银行', '13640452698754', '赵鹏程', 'ORDINARY', '北京顺义鹏程有限公司', '1368887412369', '16eb09f0-c0d8-11e6-8ebd-1b0f078634cf', '2016-12-29 13:27:02', '2016-12-29 13:27:02', null);
INSERT INTO `customer` VALUES ('706b2e70-ce65-11e6-b909-0bed2c8dae22', '北京客户', '赵晗', '134', '00', '110101', '000', '1', '3a8a4290-c8ee-11e6-a715-19c88109dc4e', null, null, null, null, null, null, null, 'f87a7b00-cca7-11e6-b6af-cdaca8571654', '2016-12-30 15:56:15', '2016-12-30 15:56:15', '2016-12-30 15:57:22');
INSERT INTO `customer` VALUES ('7a9d1950-cce2-11e6-87e5-658fa6569c11', '北京冷藏食品分公司', '杨洋', '13141427099', '冷藏食品', '110101', '雍和宫后门', '52b7ecd0-ccd3-11e6-aa45-59ef6cfe454d', '5f756140-ccd4-11e6-aa45-59ef6cfe454d', '冷藏', '北京建设银行雍和宫支行', '13093019941024361X', '刘洋', 'ORDINARY', '中国冷藏食品北京分公司', '666', 'be8100f0-ccd3-11e6-aa45-59ef6cfe454d', '2016-12-28 17:46:17', '2016-12-29 15:35:20', null);
INSERT INTO `customer` VALUES ('7cbfdb40-c04a-11e6-bc68-8955f65d371a', '11', '11', '11', '11', null, '11', null, 'de0bf410-c054-11e6-9d02-01a600aadebb', '11', '1', '1', '1', 'ORDINARY', '1', '1', null, '2016-12-12 17:08:03', '2016-12-12 18:29:44', '2016-12-22 14:47:25');
INSERT INTO `customer` VALUES ('7eea36d0-c8c5-11e6-999b-8f1c3ad8960f', '肯德基', '李超', '15612341212', '炸鸡、汉堡', '130203', '西北路10号', '1', '1', 'ssd', '123', '123', '123', 'ORDINARY', '123', '123', '16eb09f0-c0d8-11e6-8ebd-1b0f078634cf', '2016-12-23 12:08:44', '2016-12-23 13:05:35', '2016-12-23 13:05:40');
INSERT INTO `customer` VALUES ('7fdfeb40-c0df-11e6-8c47-39cf23506150', '88', '88', '888', '8', null, '88', '1', '1', '8', '88', '8', '8', 'ORDINARY', '88', '8', '1', '2016-12-13 10:54:43', '2016-12-13 10:54:43', '2016-12-22 14:47:28');
INSERT INTO `customer` VALUES ('814ee7c0-c0e3-11e6-b327-99d8822afdc4', '123', '123', '123', '123', '130107', '123', '1', '1', '123', '132', '132', '132', 'ORDINARY', '132', '123', '1', '2016-12-13 11:23:24', '2016-12-13 11:23:24', '2016-12-22 14:47:31');
INSERT INTO `customer` VALUES ('84018650-ce65-11e6-b909-0bed2c8dae22', '赵晗', '咳咳咳', '13141427077', '4111', '310105', '谔谔', '1', null, null, null, null, null, null, null, null, '1', '2016-12-30 15:56:48', '2016-12-30 15:56:48', '2016-12-30 15:59:56');
INSERT INTO `customer` VALUES ('84a04610-ce5f-11e6-b626-81a1ff849b22', '涵妹妹', '韩梅梅', '110', '捶背，捶腿', null, '天津', null, null, '123', '123', '123', '韩梅梅', 'ORDINARY', '123', '132', '1', '2016-12-30 15:13:52', '2016-12-30 15:15:39', '2016-12-30 15:21:51');
INSERT INTO `customer` VALUES ('85d7bb00-ce67-11e6-9e7e-43f686cc4373', '156', '1121', '123', '213', '110101', '123', '1', null, null, null, null, null, null, null, null, '1', '2016-12-30 16:11:14', '2016-12-30 16:11:14', '2016-12-30 16:17:12');
INSERT INTO `customer` VALUES ('87913cc0-ce65-11e6-8a91-d51e21d208cf', '一一', '韩梅梅', '110', '110', '120101', null, '1', null, null, null, null, null, null, null, null, '1', '2016-12-30 15:56:54', '2016-12-30 15:57:17', '2016-12-30 15:57:25');
INSERT INTO `customer` VALUES ('88e87a40-ce63-11e6-a304-074aad0b1759', '韩妹妹', null, null, null, null, null, null, null, null, null, null, null, null, null, null, '1', '2016-12-30 15:42:37', '2016-12-30 15:42:37', '2016-12-30 15:42:59');
INSERT INTO `customer` VALUES ('997e8f60-c04a-11e6-bc68-8955f65d371a', '222', '22', '22', '2', null, '22', null, null, '2', '2', '2', '22', 'ORDINARY', '2', '2', null, '2016-12-12 17:08:51', '2016-12-12 17:08:51', '2016-12-12 18:20:37');
INSERT INTO `customer` VALUES ('9f6a66a0-c03c-11e6-8f66-9356595e9dbe', '1231', '110', '110', '110', null, '110', null, null, '110', '110', '110', '110', 'ORDINARY', '110', '110', null, '2016-12-12 15:28:48', '2016-12-12 15:38:13', '2016-12-12 18:20:35');
INSERT INTO `customer` VALUES ('ad895990-ce64-11e6-b909-0bed2c8dae22', '河北沧州冷藏水果有限公司', '赵经理', '13141427033', '冷藏鲜水果', '130930', '小村庄', '1', '3a8a4290-c8ee-11e6-a715-19c88109dc4e', '冷藏鲜水果', '北京银行东城区支行', '1362 16588 223', '赵涵', 'ORDINARY', '河北沧州冷藏水果有限公司', '010 61455076', 'f87a7b00-cca7-11e6-b6af-cdaca8571654', '2016-12-30 15:50:48', '2016-12-30 15:50:48', null);
INSERT INTO `customer` VALUES ('b7b16b30-ce67-11e6-9e7e-43f686cc4373', '111', '111', '111', '111', '150403', '111', '1', null, null, null, null, null, null, null, null, '1', '2016-12-30 16:12:39', '2016-12-30 16:12:39', '2016-12-30 16:17:15');
INSERT INTO `customer` VALUES ('bb26b380-c65e-11e6-a535-83d0a951795a', '001', '战汉', '110110110', '鲜奶', '110101', '航星科技园', '1', 'de0bf410-c054-11e6-9d02-01a600aadebb', '8号楼', '民生', '62170010110101111212151', '赵涵', 'ORDINARY', '1515', '15155', '1', '2016-12-20 10:48:05', '2016-12-20 10:48:05', '2016-12-22 14:47:33');
INSERT INTO `customer` VALUES ('bc73a3a0-ce66-11e6-8a91-d51e21d208cf', '333', '333', '333', '33', null, '3', '1', null, '3', null, null, null, null, null, null, '1', '2016-12-30 16:05:32', '2016-12-30 16:05:32', '2016-12-30 16:08:35');
INSERT INTO `customer` VALUES ('c40f7690-c03b-11e6-9db0-1d56703383c9', '123', '23', '123', '132', null, '132', null, null, '123', '132', '123', '13232', 'ORDINARY', '132', '132', null, '2016-12-12 15:22:40', '2016-12-12 15:22:40', '2016-12-12 16:24:29');
INSERT INTO `customer` VALUES ('c6764fc0-ce65-11e6-8a91-d51e21d208cf', '马塞查', '111', '111', '11', '120102', '23', '1', null, null, null, null, null, null, null, null, '1', '2016-12-30 15:58:39', '2016-12-30 15:59:15', '2016-12-30 15:59:51');
INSERT INTO `customer` VALUES ('cea8c7b0-c0da-11e6-9dfc-9d58ab333af1', '666', '666', '66', '6', null, '6', '1', '1', '6', '6', '6', '6', 'ORDINARY', '6', '6', '16eb09f0-c0d8-11e6-8ebd-1b0f078634cf', '2016-12-13 10:21:08', '2016-12-13 10:21:08', '2016-12-22 14:47:36');
INSERT INTO `customer` VALUES ('d087cae0-cca1-11e6-b6af-cdaca8571654', '河北冷藏食品公司', '董经理', '13141427077', '冷冻肉食', '110101', '雍和宫', '1', '72172fe0-c806-11e6-8708-bf31b68150a8', '冷藏', '北京银行', '13093019941024361X', '董先生', 'VAT', '河北冷藏食品有限公司', '123455', '16eb09f0-c0d8-11e6-8ebd-1b0f078634cf', '2016-12-28 10:03:24', '2016-12-30 13:22:53', null);
INSERT INTO `customer` VALUES ('e313c240-ce4f-11e6-b909-0bed2c8dae22', '辽宁冷冻食品有限公司', '陈经理', '13141427077', '冷冻食品', '110101', '东直门外大街48号', '1', '72172fe0-c806-11e6-8708-bf31b68150a8', '冷冻食品！', '浦发银行', '13141427077777', '董董', 'VAT', '辽宁冷冻食品有限公司', '456456', '16eb09f0-c0d8-11e6-8ebd-1b0f078634cf', '2016-12-30 13:21:58', '2016-12-30 13:21:58', null);
INSERT INTO `customer` VALUES ('f63f1980-c03c-11e6-8f66-9356595e9dbe', '名称', '联系人', '电话', 'business', null, 'address', null, null, '备注', '开户行', 'account', 'accountName', 'ORDINARY', 'billingTitle', 'taxPayerNo', null, '2016-12-12 15:31:14', '2016-12-12 15:31:14', '2016-12-22 14:47:39');
INSERT INTO `customer` VALUES ('f75813f0-ce7c-11e6-af85-3d3066d5f848', '冷链', '赵晗', '13141427077', '10', '120102', '和平里', '1', '72172fe0-c806-11e6-8708-bf31b68150a8', '10', '北京支行', '123456', '赵晗', 'VAT', null, null, '16eb09f0-c0d8-11e6-8ebd-1b0f078634cf', '2016-12-30 18:44:40', '2016-12-30 18:45:15', '2016-12-30 20:15:01');
INSERT INTO `customer` VALUES ('fe18a700-c0de-11e6-b5c3-1d35e6da5555', '77', '7', '7', '7', null, '7', '1', '1', '7', '7', '77', '7', 'ORDINARY', '77', '7', '1', '2016-12-13 10:51:05', '2016-12-13 10:51:05', '2016-12-22 14:47:41');

-- ----------------------------
-- Table structure for log
-- ----------------------------
DROP TABLE IF EXISTS `log`;
CREATE TABLE `log` (
  `id` char(36) CHARACTER SET utf8 COLLATE utf8_bin NOT NULL DEFAULT '',
  `name` varchar(255) NOT NULL,
  `action` varchar(255) DEFAULT NULL,
  `content` varchar(255) DEFAULT NULL,
  `operate_time` datetime DEFAULT NULL,
  `create_time` datetime NOT NULL,
  `update_time` datetime NOT NULL,
  `delete_time` datetime DEFAULT NULL,
  PRIMARY KEY (`id`)
) ENGINE=InnoDB DEFAULT CHARSET=utf8 ROW_FORMAT=COMPACT;

-- ----------------------------
-- Records of log
-- ----------------------------

-- ----------------------------
-- Table structure for material
-- ----------------------------
DROP TABLE IF EXISTS `material`;
CREATE TABLE `material` (
  `id` char(36) CHARACTER SET utf8 COLLATE utf8_bin NOT NULL DEFAULT '',
  `name` varchar(255) NOT NULL,
  `title` varchar(255) DEFAULT NULL,
  `seq` int(11) NOT NULL DEFAULT '0',
  `is_platform_check` tinyint(1) NOT NULL,
  `is_manager_check` tinyint(1) NOT NULL,
  `desc` varchar(255) DEFAULT NULL,
  `create_time` datetime NOT NULL,
  `update_time` datetime NOT NULL,
  `delete_time` datetime DEFAULT NULL,
  PRIMARY KEY (`id`),
  UNIQUE KEY `name` (`name`),
  UNIQUE KEY `material_name_unique` (`name`)
) ENGINE=InnoDB DEFAULT CHARSET=utf8 ROW_FORMAT=COMPACT;

-- ----------------------------
-- Records of material
-- ----------------------------
INSERT INTO `material` VALUES ('4445c0a0-c1a7-11e6-a898-132d5799627c', 'id', '身份证', '1', '1', '1', null, '2016-12-14 10:44:43', '2016-12-14 10:44:43', null);
INSERT INTO `material` VALUES ('8c12dc70-c1b0-11e6-a898-132d5799627c', 'pass', 'pass', '2', '1', '1', null, '2016-12-14 11:51:08', '2016-12-14 11:51:08', null);

-- ----------------------------
-- Table structure for material_params
-- ----------------------------
DROP TABLE IF EXISTS `material_params`;
CREATE TABLE `material_params` (
  `id` char(36) CHARACTER SET utf8 COLLATE utf8_bin NOT NULL DEFAULT '',
  `name` varchar(255) NOT NULL,
  `title` varchar(255) DEFAULT NULL,
  `type` varchar(255) NOT NULL,
  `seq` int(11) NOT NULL DEFAULT '0',
  `desc` varchar(255) DEFAULT NULL,
  `material_id` char(36) CHARACTER SET utf8 COLLATE utf8_bin DEFAULT NULL,
  PRIMARY KEY (`id`),
  UNIQUE KEY `material_params_material_id_name` (`material_id`,`name`),
  CONSTRAINT `material_params_ibfk_1` FOREIGN KEY (`material_id`) REFERENCES `material` (`id`) ON DELETE CASCADE ON UPDATE CASCADE
) ENGINE=InnoDB DEFAULT CHARSET=utf8 ROW_FORMAT=COMPACT;

-- ----------------------------
-- Records of material_params
-- ----------------------------
INSERT INTO `material_params` VALUES ('4449b840-c1a7-11e6-a898-132d5799627c', '身份证', null, 'IMAGE', '1', null, '4445c0a0-c1a7-11e6-a898-132d5799627c');
INSERT INTO `material_params` VALUES ('8c16ad00-c1b0-11e6-a898-132d5799627c', '明信', null, 'IMAGE', '2', null, '8c12dc70-c1b0-11e6-a898-132d5799627c');

-- ----------------------------
-- Table structure for message
-- ----------------------------
DROP TABLE IF EXISTS `message`;
CREATE TABLE `message` (
  `id` char(36) CHARACTER SET utf8 COLLATE utf8_bin NOT NULL DEFAULT '',
  `message_type` varchar(255) NOT NULL,
  `creator_id` char(36) CHARACTER SET utf8 COLLATE utf8_bin NOT NULL,
  `target_id` varchar(255) DEFAULT NULL,
  `title` varchar(255) DEFAULT NULL,
  `content` text NOT NULL,
  `auto_show` tinyint(1) NOT NULL DEFAULT '0',
  `sentAt` datetime DEFAULT NULL,
  `create_time` datetime NOT NULL,
  `update_time` datetime NOT NULL,
  `delete_time` datetime DEFAULT NULL,
  PRIMARY KEY (`id`),
  KEY `creator_id` (`creator_id`),
  CONSTRAINT `message_ibfk_1` FOREIGN KEY (`creator_id`) REFERENCES `user` (`id`) ON DELETE NO ACTION ON UPDATE CASCADE
) ENGINE=InnoDB DEFAULT CHARSET=utf8 ROW_FORMAT=COMPACT;

-- ----------------------------
-- Records of message
-- ----------------------------
INSERT INTO `message` VALUES ('1a290cd0-ccdf-11e6-82e9-cb154d72446c', 'USER', 'be8100f0-ccd3-11e6-aa45-59ef6cfe454d', '256d3aa0-ccd3-11e6-aa45-59ef6cfe454d', '123', '123', '0', '2016-12-28 17:22:07', '2016-12-28 17:22:07', '2016-12-28 17:22:07', null);

-- ----------------------------
-- Table structure for message_log
-- ----------------------------
DROP TABLE IF EXISTS `message_log`;
CREATE TABLE `message_log` (
  `id` char(36) COLLATE utf8_bin NOT NULL,
  `biz_no` varchar(255) COLLATE utf8_bin DEFAULT NULL,
  `order_id` varchar(255) COLLATE utf8_bin DEFAULT NULL,
  `send_time` varchar(255) COLLATE utf8_bin DEFAULT NULL,
  `send_message` varchar(255) COLLATE utf8_bin DEFAULT NULL,
  `get_time` varchar(255) COLLATE utf8_bin DEFAULT NULL,
  `get_message` varchar(255) COLLATE utf8_bin DEFAULT NULL,
  `status` varchar(255) COLLATE utf8_bin DEFAULT NULL,
  `createdAt` datetime NOT NULL,
  `updatedAt` datetime NOT NULL,
  PRIMARY KEY (`id`)
) ENGINE=InnoDB DEFAULT CHARSET=utf8 COLLATE=utf8_bin;

-- ----------------------------
-- Records of message_log
-- ----------------------------

-- ----------------------------
-- Table structure for message_read
-- ----------------------------
DROP TABLE IF EXISTS `message_read`;
CREATE TABLE `message_read` (
  `id` char(36) CHARACTER SET utf8 COLLATE utf8_bin NOT NULL DEFAULT '',
  `user_id` char(36) CHARACTER SET utf8 COLLATE utf8_bin NOT NULL,
  `message_id` char(36) CHARACTER SET utf8 COLLATE utf8_bin NOT NULL,
  `status` varchar(255) NOT NULL DEFAULT 'READ',
  `createdAt` datetime NOT NULL,
  `updatedAt` datetime NOT NULL,
  PRIMARY KEY (`id`),
  KEY `user_id` (`user_id`),
  KEY `message_id` (`message_id`),
  CONSTRAINT `message_read_ibfk_1` FOREIGN KEY (`user_id`) REFERENCES `user` (`id`) ON DELETE NO ACTION ON UPDATE CASCADE,
  CONSTRAINT `message_read_ibfk_2` FOREIGN KEY (`message_id`) REFERENCES `message` (`id`) ON DELETE NO ACTION ON UPDATE CASCADE
) ENGINE=InnoDB DEFAULT CHARSET=utf8 ROW_FORMAT=COMPACT COMMENT='已读消息表';

-- ----------------------------
-- Records of message_read
-- ----------------------------

-- ----------------------------
-- Table structure for meta_data
-- ----------------------------
DROP TABLE IF EXISTS `meta_data`;
CREATE TABLE `meta_data` (
  `id` int(11) NOT NULL AUTO_INCREMENT,
  `name` varchar(255) NOT NULL,
  `value` varchar(255) NOT NULL,
  `seq` int(11) DEFAULT '1',
  `type_code` varchar(30) NOT NULL,
  `create_time` datetime NOT NULL,
  `update_time` datetime NOT NULL,
  `delete_time` datetime DEFAULT NULL,
  PRIMARY KEY (`id`),
  KEY `type_code` (`type_code`),
  CONSTRAINT `meta_data_ibfk_1` FOREIGN KEY (`type_code`) REFERENCES `meta_data_type` (`code`) ON DELETE NO ACTION ON UPDATE CASCADE
) ENGINE=InnoDB AUTO_INCREMENT=13 DEFAULT CHARSET=utf8 ROW_FORMAT=COMPACT COMMENT='元数据表';

-- ----------------------------
-- Records of meta_data
-- ----------------------------
INSERT INTO `meta_data` VALUES ('1', '货物损失', '货物损失', '1', 'compensation_reason', '2016-12-12 13:50:33', '2016-12-12 13:50:33', null);
INSERT INTO `meta_data` VALUES ('2', '延时太长', '延时太长', '2', 'compensation_reason', '2016-12-12 13:50:33', '2016-12-12 13:50:33', null);
INSERT INTO `meta_data` VALUES ('3', '货物破损严重', '货物破损严重', '1', 'reject_reason', '2016-12-12 13:50:33', '2016-12-12 13:50:33', null);
INSERT INTO `meta_data` VALUES ('4', '货物丢失', '货物丢失', '1', 'termination_reason', '2016-12-12 13:50:33', '2016-12-12 13:50:33', null);
INSERT INTO `meta_data` VALUES ('5', '吨', '1', '1', 'cargo_unit', '2016-12-12 13:50:33', '2016-12-12 13:50:33', null);
INSERT INTO `meta_data` VALUES ('6', '方', '2', '2', 'cargo_unit', '2016-12-12 13:50:33', '2016-12-12 13:50:33', null);
INSERT INTO `meta_data` VALUES ('7', '件', '3', '3', 'cargo_unit', '2016-12-12 13:50:33', '2016-12-12 13:50:33', null);
INSERT INTO `meta_data` VALUES ('8', '盘', '4', '4', 'cargo_unit', '2016-12-12 13:50:33', '2016-12-12 13:50:33', null);
INSERT INTO `meta_data` VALUES ('9', '其它原因', '其它原因', '3', 'termination_reason', '2016-12-12 13:50:33', '2016-12-12 13:50:33', null);
INSERT INTO `meta_data` VALUES ('10', '其它原因', '其它原因', '2', 'reject_reason', '2016-12-12 13:50:33', '2016-12-12 13:50:33', null);
INSERT INTO `meta_data` VALUES ('11', '其它原因', '其它原因', '3', 'compensation_reason', '2016-12-12 13:50:33', '2016-12-12 13:50:33', null);
INSERT INTO `meta_data` VALUES ('12', '货物严重破损', '货物严重破损', '2', 'termination_reason', '2016-12-12 13:50:33', '2016-12-12 13:50:33', null);

-- ----------------------------
-- Table structure for meta_data_type
-- ----------------------------
DROP TABLE IF EXISTS `meta_data_type`;
CREATE TABLE `meta_data_type` (
  `code` varchar(30) NOT NULL DEFAULT '',
  `name` varchar(30) NOT NULL,
  `remark` varchar(255) DEFAULT NULL,
  `create_time` datetime NOT NULL,
  `update_time` datetime NOT NULL,
  `delete_time` datetime DEFAULT NULL,
  PRIMARY KEY (`code`),
  UNIQUE KEY `name` (`name`),
  UNIQUE KEY `meta_data_type_name_unique` (`name`)
) ENGINE=InnoDB DEFAULT CHARSET=utf8 ROW_FORMAT=COMPACT COMMENT='元数据类型表';

-- ----------------------------
-- Records of meta_data_type
-- ----------------------------
INSERT INTO `meta_data_type` VALUES ('cargo_unit', '货物单位', null, '2016-12-12 13:50:33', '2016-12-12 13:50:33', null);
INSERT INTO `meta_data_type` VALUES ('compensation_reason', '理赔原因', null, '2016-12-12 13:50:33', '2016-12-12 13:50:33', null);
INSERT INTO `meta_data_type` VALUES ('reject_reason', '拒绝原因', null, '2016-12-12 13:50:33', '2016-12-12 13:50:33', null);
INSERT INTO `meta_data_type` VALUES ('termination_reason', '终止原因', null, '2016-12-12 13:50:33', '2016-12-12 13:50:33', null);

-- ----------------------------
-- Table structure for module
-- ----------------------------
DROP TABLE IF EXISTS `module`;
CREATE TABLE `module` (
  `id` char(36) CHARACTER SET utf8 COLLATE utf8_bin NOT NULL DEFAULT '',
  `name` varchar(255) NOT NULL,
  `title` varchar(255) NOT NULL,
  `seq` int(11) NOT NULL DEFAULT '0',
  `icon` varchar(255) DEFAULT NULL,
  `type` varchar(255) DEFAULT NULL,
  `ischeck` varchar(255) DEFAULT NULL,
  `price` float DEFAULT NULL,
  `module_group_id` char(36) CHARACTER SET utf8 COLLATE utf8_bin DEFAULT NULL,
  `desc` varchar(255) DEFAULT NULL,
  `create_time` datetime NOT NULL,
  `update_time` datetime NOT NULL,
  `delete_time` datetime DEFAULT NULL,
  PRIMARY KEY (`id`),
  UNIQUE KEY `name` (`name`),
  UNIQUE KEY `module_name_unique` (`name`),
  KEY `module_group_id` (`module_group_id`),
  CONSTRAINT `module_ibfk_1` FOREIGN KEY (`module_group_id`) REFERENCES `module_group` (`id`) ON DELETE NO ACTION ON UPDATE CASCADE
) ENGINE=InnoDB DEFAULT CHARSET=utf8 ROW_FORMAT=COMPACT;

-- ----------------------------
-- Records of module
-- ----------------------------
INSERT INTO `module` VALUES ('1', 'user-management', '用户管理', '1', 'ci-user', '1', '1', '1000', null, '100', '2016-12-12 13:50:32', '2016-12-12 13:50:32', null);
INSERT INTO `module` VALUES ('13b223d0-cb51-11e6-866e-0daf31bc5540', 'alliance-management', '联盟管理', '15', 'ci-module', '1', '1', null, null, null, '2016-12-26 17:52:56', '2016-12-26 17:53:16', null);
INSERT INTO `module` VALUES ('2', 'module-management', '应用管理', '2', 'ci-module', '1', '1', '100', null, '1000', '2016-12-12 13:50:32', '2016-12-12 13:50:32', null);
INSERT INTO `module` VALUES ('2edd4db0-c02f-11e6-b819-7da747d6df0f', 'vehicle-management', '车辆管理', '8', 'ci-module', '1', '1', null, null, null, '2016-12-12 13:52:36', '2016-12-12 13:52:36', null);
INSERT INTO `module` VALUES ('3', 'material-management', '材料管理', '3', 'ci-material', '1', '1', '1200', null, '1200', '2016-12-12 13:50:32', '2016-12-12 13:50:32', null);
INSERT INTO `module` VALUES ('328fb090-c680-11e6-bde2-310823582f99', 'financial-management', '预付款管理', '13', 'ci-module', '1', '1', null, null, null, '2016-12-20 14:47:38', '2016-12-20 17:56:03', null);
INSERT INTO `module` VALUES ('4', 'organization-management', '机构管理', '4', 'ci-organization', '1', '1', null, null, '', '2016-12-12 13:50:32', '2016-12-12 13:50:32', null);
INSERT INTO `module` VALUES ('4d4ac990-c0fb-11e6-920f-11125a4240d9', 'task-management', '货单受理', '9', 'ci-module', '1', '1', null, null, null, '2016-12-13 14:13:44', '2016-12-22 13:59:32', null);
INSERT INTO `module` VALUES ('5', 'user-material-check', '材料审核', '5', 'ci-material-check', '1', '1', null, null, '', '2016-12-12 13:50:32', '2016-12-12 13:50:32', null);
INSERT INTO `module` VALUES ('6', 'role-management', '角色管理', '6', 'ci-role', '1', '1', '11', null, '11', '2016-12-12 13:50:32', '2016-12-12 13:50:32', null);
INSERT INTO `module` VALUES ('68920380-c038-11e6-8661-79cc8f85230d', 'customer-management', '客户管理', '10', 'ci-module', '1', '1', null, null, null, '2016-12-12 14:58:38', '2016-12-12 16:42:07', null);
INSERT INTO `module` VALUES ('7', 'module-group-management', '应用组管理', '7', 'ci-module-group', '1', '1', null, null, '', '2016-12-12 13:50:32', '2016-12-12 13:50:32', null);
INSERT INTO `module` VALUES ('cf5f2d50-c104-11e6-b9a0-cbfc5c2a91b0', 'waybill-management', '运单管理', '12', 'ci-module', '1', '1', null, null, null, '2016-12-13 15:21:48', '2016-12-13 15:23:05', null);
INSERT INTO `module` VALUES ('d30cb570-c8da-11e6-847f-e56cec4d6932', 'settlement-management', '结算管理', '14', 'ci-module', '1', '1', null, null, null, '2016-12-23 14:41:25', '2016-12-23 15:00:00', null);
INSERT INTO `module` VALUES ('e8c6aff0-c02f-11e6-b819-7da747d6df0f', 'seat-group-management', '坐席组管理', '9', 'ci-module', '1', '1', null, null, null, '2016-12-12 13:57:48', '2016-12-12 16:36:58', null);

-- ----------------------------
-- Table structure for module_group
-- ----------------------------
DROP TABLE IF EXISTS `module_group`;
CREATE TABLE `module_group` (
  `id` char(36) CHARACTER SET utf8 COLLATE utf8_bin NOT NULL DEFAULT '',
  `name` varchar(255) NOT NULL,
  `desc` varchar(255) DEFAULT NULL,
  `priority` int(11) NOT NULL,
  `icon` varchar(255) DEFAULT NULL,
  PRIMARY KEY (`id`)
) ENGINE=InnoDB DEFAULT CHARSET=utf8 ROW_FORMAT=COMPACT;

-- ----------------------------
-- Records of module_group
-- ----------------------------

-- ----------------------------
-- Table structure for module_material
-- ----------------------------
DROP TABLE IF EXISTS `module_material`;
CREATE TABLE `module_material` (
  `id` char(36) CHARACTER SET utf8 COLLATE utf8_bin NOT NULL DEFAULT '',
  `material_id` char(36) CHARACTER SET utf8 COLLATE utf8_bin DEFAULT NULL,
  `module_id` char(36) CHARACTER SET utf8 COLLATE utf8_bin DEFAULT NULL,
  PRIMARY KEY (`id`),
  UNIQUE KEY `module_material_moduleId_materialId_unique` (`material_id`,`module_id`),
  KEY `module_id` (`module_id`),
  CONSTRAINT `module_material_ibfk_1` FOREIGN KEY (`material_id`) REFERENCES `material` (`id`) ON DELETE CASCADE ON UPDATE CASCADE,
  CONSTRAINT `module_material_ibfk_2` FOREIGN KEY (`module_id`) REFERENCES `module` (`id`) ON DELETE CASCADE ON UPDATE CASCADE
) ENGINE=InnoDB DEFAULT CHARSET=utf8 ROW_FORMAT=COMPACT;

-- ----------------------------
-- Records of module_material
-- ----------------------------

-- ----------------------------
-- Table structure for organization
-- ----------------------------
DROP TABLE IF EXISTS `organization`;
CREATE TABLE `organization` (
  `id` char(36) CHARACTER SET utf8 COLLATE utf8_bin NOT NULL DEFAULT '',
  `code` varchar(255) DEFAULT NULL,
  `name` varchar(255) NOT NULL,
  `desc` varchar(255) DEFAULT NULL,
  `create_user` varchar(255) DEFAULT NULL,
  `creator_id` char(36) CHARACTER SET utf8 COLLATE utf8_bin DEFAULT NULL,
  `create_time` datetime NOT NULL,
  `update_time` datetime NOT NULL,
  `delete_time` datetime DEFAULT NULL,
  PRIMARY KEY (`id`)
) ENGINE=InnoDB DEFAULT CHARSET=utf8 ROW_FORMAT=COMPACT;

-- ----------------------------
-- Records of organization
-- ----------------------------
INSERT INTO `organization` VALUES ('1', '01', '天天物流', '天天物流公司', null, '1', '2016-12-12 16:20:20', '2016-12-27 14:23:45', null);
INSERT INTO `organization` VALUES ('2a3eca10-c055-11e6-9d02-01a600aadebb', '01', '菜鸟驿站', '菜鸟公司', null, '1', '2016-12-12 18:24:29', '2016-12-12 18:24:38', null);
INSERT INTO `organization` VALUES ('43b94970-cd6b-11e6-a374-6da3754fe6cf', '03', '天津冷藏运输物流', '冷藏运输', null, '1', '2016-12-29 10:05:26', '2016-12-29 10:05:26', null);
INSERT INTO `organization` VALUES ('52b7ecd0-ccd3-11e6-aa45-59ef6cfe454d', '02', '北京冷藏运输物流', '冷藏', null, '1', '2016-12-28 15:57:47', '2016-12-28 15:57:47', null);

-- ----------------------------
-- Table structure for province
-- ----------------------------
DROP TABLE IF EXISTS `province`;
CREATE TABLE `province` (
  `id` int(11) NOT NULL DEFAULT '0',
  `name` varchar(255) DEFAULT NULL,
  `lng` float DEFAULT NULL,
  `lat` float DEFAULT NULL,
  `create_time` datetime DEFAULT NULL,
  `update_time` datetime DEFAULT NULL,
  PRIMARY KEY (`id`)
) ENGINE=InnoDB DEFAULT CHARSET=utf8 ROW_FORMAT=COMPACT;

-- ----------------------------
-- Records of province
-- ----------------------------
INSERT INTO `province` VALUES ('110000', '北京市', '0', '0', '2016-04-29 16:05:37', '2016-04-29 16:05:37');
INSERT INTO `province` VALUES ('120000', '天津市', '0', '0', '2016-04-29 16:05:37', '2016-04-29 16:05:37');
INSERT INTO `province` VALUES ('130000', '河北省', '0', '0', '2016-04-29 16:05:37', '2016-04-29 16:05:37');
INSERT INTO `province` VALUES ('140000', '山西省', '0', '0', '2016-04-29 16:05:37', '2016-04-29 16:05:37');
INSERT INTO `province` VALUES ('150000', '内蒙古自治区', '0', '0', '2016-04-29 16:05:37', '2016-04-29 16:05:37');
INSERT INTO `province` VALUES ('210000', '辽宁省', '0', '0', '2016-04-29 16:05:37', '2016-04-29 16:05:37');
INSERT INTO `province` VALUES ('220000', '吉林省', '0', '0', '2016-04-29 16:05:37', '2016-04-29 16:05:37');
INSERT INTO `province` VALUES ('230000', '黑龙江省', '0', '0', '2016-04-29 16:05:37', '2016-04-29 16:05:37');
INSERT INTO `province` VALUES ('310000', '上海市', '0', '0', '2016-04-29 16:05:37', '2016-04-29 16:05:37');
INSERT INTO `province` VALUES ('320000', '江苏省', '0', '0', '2016-04-29 16:05:37', '2016-04-29 16:05:37');
INSERT INTO `province` VALUES ('330000', '浙江省', '0', '0', '2016-04-29 16:05:37', '2016-04-29 16:05:37');
INSERT INTO `province` VALUES ('340000', '安徽省', '0', '0', '2016-04-29 16:05:37', '2016-04-29 16:05:37');
INSERT INTO `province` VALUES ('350000', '福建省', '0', '0', '2016-04-29 16:05:37', '2016-04-29 16:05:37');
INSERT INTO `province` VALUES ('360000', '江西省', '0', '0', '2016-04-29 16:05:37', '2016-04-29 16:05:37');
INSERT INTO `province` VALUES ('370000', '山东省', '0', '0', '2016-04-29 16:05:37', '2016-04-29 16:05:37');
INSERT INTO `province` VALUES ('410000', '河南省', '0', '0', '2016-04-29 16:05:37', '2016-04-29 16:05:37');
INSERT INTO `province` VALUES ('420000', '湖北省', '0', '0', '2016-04-29 16:05:37', '2016-04-29 16:05:37');
INSERT INTO `province` VALUES ('430000', '湖南省', '0', '0', '2016-04-29 16:05:37', '2016-04-29 16:05:37');
INSERT INTO `province` VALUES ('440000', '广东省', '0', '0', '2016-04-29 16:05:37', '2016-04-29 16:05:37');
INSERT INTO `province` VALUES ('450000', '广西壮族自治区', '0', '0', '2016-04-29 16:05:37', '2016-04-29 16:05:37');
INSERT INTO `province` VALUES ('460000', '海南省', '0', '0', '2016-04-29 16:05:37', '2016-04-29 16:05:37');
INSERT INTO `province` VALUES ('500000', '重庆市', '0', '0', '2016-04-29 16:05:37', '2016-04-29 16:05:37');
INSERT INTO `province` VALUES ('510000', '四川省', '0', '0', '2016-04-29 16:05:37', '2016-04-29 16:05:37');
INSERT INTO `province` VALUES ('520000', '贵州省', '0', '0', '2016-04-29 16:05:37', '2016-04-29 16:05:37');
INSERT INTO `province` VALUES ('530000', '云南省', '0', '0', '2016-04-29 16:05:37', '2016-04-29 16:05:37');
INSERT INTO `province` VALUES ('540000', '西藏自治区', '0', '0', '2016-04-29 16:05:37', '2016-04-29 16:05:37');
INSERT INTO `province` VALUES ('610000', '陕西省', '0', '0', '2016-04-29 16:05:37', '2016-04-29 16:05:37');
INSERT INTO `province` VALUES ('620000', '甘肃省', '0', '0', '2016-04-29 16:05:37', '2016-04-29 16:05:37');
INSERT INTO `province` VALUES ('630000', '青海省', '0', '0', '2016-04-29 16:05:37', '2016-04-29 16:05:37');
INSERT INTO `province` VALUES ('640000', '宁夏回族自治区', '0', '0', '2016-04-29 16:05:37', '2016-04-29 16:05:37');
INSERT INTO `province` VALUES ('650000', '新疆维吾尔自治区', '0', '0', '2016-04-29 16:05:37', '2016-04-29 16:05:37');
INSERT INTO `province` VALUES ('710000', '台湾省', '0', '0', '2016-04-29 16:05:37', '2016-04-29 16:05:37');
INSERT INTO `province` VALUES ('810000', '香港特别行政区', '0', '0', '2016-04-29 16:05:37', '2016-04-29 16:05:37');
INSERT INTO `province` VALUES ('820000', '澳门特别行政区', '0', '0', '2016-04-29 16:05:37', '2016-04-29 16:05:37');

-- ----------------------------
-- Table structure for region
-- ----------------------------
DROP TABLE IF EXISTS `region`;
CREATE TABLE `region` (
  `id` int(11) NOT NULL,
  `name` varchar(255) COLLATE utf8mb4_bin NOT NULL COMMENT '区县名称',
  `lng` float NOT NULL COMMENT '经度 ',
  `lat` float NOT NULL COMMENT '纬度',
  `city_id` int(11) NOT NULL COMMENT '对市的引用',
  `create_time` datetime NOT NULL,
  `update_time` datetime NOT NULL,
  PRIMARY KEY (`id`)
) ENGINE=InnoDB DEFAULT CHARSET=utf8mb4 COLLATE=utf8mb4_bin COMMENT='区县表';

-- ----------------------------
-- Records of region
-- ----------------------------
INSERT INTO `region` VALUES ('110101', '东城区', '0', '0', '110100', '2016-04-29 16:05:43', '2016-04-29 16:05:43');
INSERT INTO `region` VALUES ('110102', '西城区', '0', '0', '110100', '2016-04-29 16:05:43', '2016-04-29 16:05:43');
INSERT INTO `region` VALUES ('110103', '崇文区', '0', '0', '110100', '2016-04-29 16:05:43', '2016-04-29 16:05:43');
INSERT INTO `region` VALUES ('110104', '宣武区', '0', '0', '110100', '2016-04-29 16:05:43', '2016-04-29 16:05:43');
INSERT INTO `region` VALUES ('110105', '朝阳区', '0', '0', '110100', '2016-04-29 16:05:43', '2016-04-29 16:05:43');
INSERT INTO `region` VALUES ('110106', '丰台区', '0', '0', '110100', '2016-04-29 16:05:43', '2016-04-29 16:05:43');
INSERT INTO `region` VALUES ('110107', '石景山区', '0', '0', '110100', '2016-04-29 16:05:43', '2016-04-29 16:05:43');
INSERT INTO `region` VALUES ('110108', '海淀区', '0', '0', '110100', '2016-04-29 16:05:43', '2016-04-29 16:05:43');
INSERT INTO `region` VALUES ('110109', '门头沟区', '0', '0', '110100', '2016-04-29 16:05:43', '2016-04-29 16:05:43');
INSERT INTO `region` VALUES ('110111', '房山区', '0', '0', '110100', '2016-04-29 16:05:43', '2016-04-29 16:05:43');
INSERT INTO `region` VALUES ('110112', '通州区', '0', '0', '110100', '2016-04-29 16:05:43', '2016-04-29 16:05:43');
INSERT INTO `region` VALUES ('110113', '顺义区', '0', '0', '110100', '2016-04-29 16:05:43', '2016-04-29 16:05:43');
INSERT INTO `region` VALUES ('110114', '昌平区', '0', '0', '110100', '2016-04-29 16:05:43', '2016-04-29 16:05:43');
INSERT INTO `region` VALUES ('110115', '大兴区', '0', '0', '110100', '2016-04-29 16:05:43', '2016-04-29 16:05:43');
INSERT INTO `region` VALUES ('110116', '怀柔区', '0', '0', '110100', '2016-04-29 16:05:43', '2016-04-29 16:05:43');
INSERT INTO `region` VALUES ('110117', '平谷区', '0', '0', '110100', '2016-04-29 16:05:43', '2016-04-29 16:05:43');
INSERT INTO `region` VALUES ('110228', '密云县', '0', '0', '110100', '2016-04-29 16:05:43', '2016-04-29 16:05:43');
INSERT INTO `region` VALUES ('110229', '延庆县', '0', '0', '110100', '2016-04-29 16:05:43', '2016-04-29 16:05:43');
INSERT INTO `region` VALUES ('120101', '和平区', '0', '0', '120100', '2016-04-29 16:05:43', '2016-04-29 16:05:43');
INSERT INTO `region` VALUES ('120102', '河东区', '0', '0', '120100', '2016-04-29 16:05:43', '2016-04-29 16:05:43');
INSERT INTO `region` VALUES ('120103', '河西区', '0', '0', '120100', '2016-04-29 16:05:43', '2016-04-29 16:05:43');
INSERT INTO `region` VALUES ('120104', '南开区', '0', '0', '120100', '2016-04-29 16:05:43', '2016-04-29 16:05:43');
INSERT INTO `region` VALUES ('120105', '河北区', '0', '0', '120100', '2016-04-29 16:05:43', '2016-04-29 16:05:43');
INSERT INTO `region` VALUES ('120106', '红桥区', '0', '0', '120100', '2016-04-29 16:05:43', '2016-04-29 16:05:43');
INSERT INTO `region` VALUES ('120107', '塘沽区', '0', '0', '120100', '2016-04-29 16:05:43', '2016-04-29 16:05:43');
INSERT INTO `region` VALUES ('120108', '汉沽区', '0', '0', '120100', '2016-04-29 16:05:43', '2016-04-29 16:05:43');
INSERT INTO `region` VALUES ('120109', '大港区', '0', '0', '120100', '2016-04-29 16:05:43', '2016-04-29 16:05:43');
INSERT INTO `region` VALUES ('120110', '东丽区', '0', '0', '120100', '2016-04-29 16:05:43', '2016-04-29 16:05:43');
INSERT INTO `region` VALUES ('120111', '西青区', '0', '0', '120100', '2016-04-29 16:05:43', '2016-04-29 16:05:43');
INSERT INTO `region` VALUES ('120112', '津南区', '0', '0', '120100', '2016-04-29 16:05:43', '2016-04-29 16:05:43');
INSERT INTO `region` VALUES ('120113', '北辰区', '0', '0', '120100', '2016-04-29 16:05:43', '2016-04-29 16:05:43');
INSERT INTO `region` VALUES ('120114', '武清区', '0', '0', '120100', '2016-04-29 16:05:43', '2016-04-29 16:05:43');
INSERT INTO `region` VALUES ('120115', '宝坻区', '0', '0', '120100', '2016-04-29 16:05:43', '2016-04-29 16:05:43');
INSERT INTO `region` VALUES ('120221', '宁河县', '0', '0', '120100', '2016-04-29 16:05:43', '2016-04-29 16:05:43');
INSERT INTO `region` VALUES ('120223', '静海县', '0', '0', '120100', '2016-04-29 16:05:43', '2016-04-29 16:05:43');
INSERT INTO `region` VALUES ('120225', '蓟　县', '0', '0', '120100', '2016-04-29 16:05:43', '2016-04-29 16:05:43');
INSERT INTO `region` VALUES ('130101', '市辖区', '0', '0', '130100', '2016-04-29 16:05:43', '2016-04-29 16:05:43');
INSERT INTO `region` VALUES ('130102', '长安区', '0', '0', '130100', '2016-04-29 16:05:43', '2016-04-29 16:05:43');
INSERT INTO `region` VALUES ('130103', '桥东区', '0', '0', '130100', '2016-04-29 16:05:43', '2016-04-29 16:05:43');
INSERT INTO `region` VALUES ('130104', '桥西区', '0', '0', '130100', '2016-04-29 16:05:43', '2016-04-29 16:05:43');
INSERT INTO `region` VALUES ('130105', '新华区', '0', '0', '130100', '2016-04-29 16:05:43', '2016-04-29 16:05:43');
INSERT INTO `region` VALUES ('130107', '井陉矿区', '0', '0', '130100', '2016-04-29 16:05:43', '2016-04-29 16:05:43');
INSERT INTO `region` VALUES ('130108', '裕华区', '0', '0', '130100', '2016-04-29 16:05:43', '2016-04-29 16:05:43');
INSERT INTO `region` VALUES ('130121', '井陉县', '0', '0', '130100', '2016-04-29 16:05:43', '2016-04-29 16:05:43');
INSERT INTO `region` VALUES ('130123', '正定县', '0', '0', '130100', '2016-04-29 16:05:43', '2016-04-29 16:05:43');
INSERT INTO `region` VALUES ('130124', '栾城县', '0', '0', '130100', '2016-04-29 16:05:43', '2016-04-29 16:05:43');
INSERT INTO `region` VALUES ('130125', '行唐县', '0', '0', '130100', '2016-04-29 16:05:43', '2016-04-29 16:05:43');
INSERT INTO `region` VALUES ('130126', '灵寿县', '0', '0', '130100', '2016-04-29 16:05:43', '2016-04-29 16:05:43');
INSERT INTO `region` VALUES ('130127', '高邑县', '0', '0', '130100', '2016-04-29 16:05:43', '2016-04-29 16:05:43');
INSERT INTO `region` VALUES ('130128', '深泽县', '0', '0', '130100', '2016-04-29 16:05:43', '2016-04-29 16:05:43');
INSERT INTO `region` VALUES ('130129', '赞皇县', '0', '0', '130100', '2016-04-29 16:05:43', '2016-04-29 16:05:43');
INSERT INTO `region` VALUES ('130130', '无极县', '0', '0', '130100', '2016-04-29 16:05:43', '2016-04-29 16:05:43');
INSERT INTO `region` VALUES ('130131', '平山县', '0', '0', '130100', '2016-04-29 16:05:43', '2016-04-29 16:05:43');
INSERT INTO `region` VALUES ('130132', '元氏县', '0', '0', '130100', '2016-04-29 16:05:43', '2016-04-29 16:05:43');
INSERT INTO `region` VALUES ('130133', '赵　县', '0', '0', '130100', '2016-04-29 16:05:43', '2016-04-29 16:05:43');
INSERT INTO `region` VALUES ('130181', '辛集市', '0', '0', '130100', '2016-04-29 16:05:43', '2016-04-29 16:05:43');
INSERT INTO `region` VALUES ('130182', '藁城市', '0', '0', '130100', '2016-04-29 16:05:43', '2016-04-29 16:05:43');
INSERT INTO `region` VALUES ('130183', '晋州市', '0', '0', '130100', '2016-04-29 16:05:43', '2016-04-29 16:05:43');
INSERT INTO `region` VALUES ('130184', '新乐市', '0', '0', '130100', '2016-04-29 16:05:43', '2016-04-29 16:05:43');
INSERT INTO `region` VALUES ('130185', '鹿泉市', '0', '0', '130100', '2016-04-29 16:05:43', '2016-04-29 16:05:43');
INSERT INTO `region` VALUES ('130201', '市辖区', '0', '0', '130200', '2016-04-29 16:05:43', '2016-04-29 16:05:43');
INSERT INTO `region` VALUES ('130202', '路南区', '0', '0', '130200', '2016-04-29 16:05:43', '2016-04-29 16:05:43');
INSERT INTO `region` VALUES ('130203', '路北区', '0', '0', '130200', '2016-04-29 16:05:43', '2016-04-29 16:05:43');
INSERT INTO `region` VALUES ('130204', '古冶区', '0', '0', '130200', '2016-04-29 16:05:43', '2016-04-29 16:05:43');
INSERT INTO `region` VALUES ('130205', '开平区', '0', '0', '130200', '2016-04-29 16:05:43', '2016-04-29 16:05:43');
INSERT INTO `region` VALUES ('130207', '丰南区', '0', '0', '130200', '2016-04-29 16:05:43', '2016-04-29 16:05:43');
INSERT INTO `region` VALUES ('130208', '丰润区', '0', '0', '130200', '2016-04-29 16:05:43', '2016-04-29 16:05:43');
INSERT INTO `region` VALUES ('130223', '滦　县', '0', '0', '130200', '2016-04-29 16:05:43', '2016-04-29 16:05:43');
INSERT INTO `region` VALUES ('130224', '滦南县', '0', '0', '130200', '2016-04-29 16:05:43', '2016-04-29 16:05:43');
INSERT INTO `region` VALUES ('130225', '乐亭县', '0', '0', '130200', '2016-04-29 16:05:43', '2016-04-29 16:05:43');
INSERT INTO `region` VALUES ('130227', '迁西县', '0', '0', '130200', '2016-04-29 16:05:43', '2016-04-29 16:05:43');
INSERT INTO `region` VALUES ('130229', '玉田县', '0', '0', '130200', '2016-04-29 16:05:43', '2016-04-29 16:05:43');
INSERT INTO `region` VALUES ('130230', '唐海县', '0', '0', '130200', '2016-04-29 16:05:43', '2016-04-29 16:05:43');
INSERT INTO `region` VALUES ('130281', '遵化市', '0', '0', '130200', '2016-04-29 16:05:43', '2016-04-29 16:05:43');
INSERT INTO `region` VALUES ('130283', '迁安市', '0', '0', '130200', '2016-04-29 16:05:43', '2016-04-29 16:05:43');
INSERT INTO `region` VALUES ('130301', '市辖区', '0', '0', '130300', '2016-04-29 16:05:43', '2016-04-29 16:05:43');
INSERT INTO `region` VALUES ('130302', '海港区', '0', '0', '130300', '2016-04-29 16:05:43', '2016-04-29 16:05:43');
INSERT INTO `region` VALUES ('130303', '山海关区', '0', '0', '130300', '2016-04-29 16:05:43', '2016-04-29 16:05:43');
INSERT INTO `region` VALUES ('130304', '北戴河区', '0', '0', '130300', '2016-04-29 16:05:43', '2016-04-29 16:05:43');
INSERT INTO `region` VALUES ('130321', '青龙满族自治县', '0', '0', '130300', '2016-04-29 16:05:43', '2016-04-29 16:05:43');
INSERT INTO `region` VALUES ('130322', '昌黎县', '0', '0', '130300', '2016-04-29 16:05:43', '2016-04-29 16:05:43');
INSERT INTO `region` VALUES ('130323', '抚宁县', '0', '0', '130300', '2016-04-29 16:05:43', '2016-04-29 16:05:43');
INSERT INTO `region` VALUES ('130324', '卢龙县', '0', '0', '130300', '2016-04-29 16:05:43', '2016-04-29 16:05:43');
INSERT INTO `region` VALUES ('130401', '市辖区', '0', '0', '130400', '2016-04-29 16:05:43', '2016-04-29 16:05:43');
INSERT INTO `region` VALUES ('130402', '邯山区', '0', '0', '130400', '2016-04-29 16:05:43', '2016-04-29 16:05:43');
INSERT INTO `region` VALUES ('130403', '丛台区', '0', '0', '130400', '2016-04-29 16:05:43', '2016-04-29 16:05:43');
INSERT INTO `region` VALUES ('130404', '复兴区', '0', '0', '130400', '2016-04-29 16:05:43', '2016-04-29 16:05:43');
INSERT INTO `region` VALUES ('130406', '峰峰矿区', '0', '0', '130400', '2016-04-29 16:05:43', '2016-04-29 16:05:43');
INSERT INTO `region` VALUES ('130421', '邯郸县', '0', '0', '130400', '2016-04-29 16:05:43', '2016-04-29 16:05:43');
INSERT INTO `region` VALUES ('130423', '临漳县', '0', '0', '130400', '2016-04-29 16:05:43', '2016-04-29 16:05:43');
INSERT INTO `region` VALUES ('130424', '成安县', '0', '0', '130400', '2016-04-29 16:05:43', '2016-04-29 16:05:43');
INSERT INTO `region` VALUES ('130425', '大名县', '0', '0', '130400', '2016-04-29 16:05:43', '2016-04-29 16:05:43');
INSERT INTO `region` VALUES ('130426', '涉　县', '0', '0', '130400', '2016-04-29 16:05:43', '2016-04-29 16:05:43');
INSERT INTO `region` VALUES ('130427', '磁　县', '0', '0', '130400', '2016-04-29 16:05:43', '2016-04-29 16:05:43');
INSERT INTO `region` VALUES ('130428', '肥乡县', '0', '0', '130400', '2016-04-29 16:05:43', '2016-04-29 16:05:43');
INSERT INTO `region` VALUES ('130429', '永年县', '0', '0', '130400', '2016-04-29 16:05:43', '2016-04-29 16:05:43');
INSERT INTO `region` VALUES ('130430', '邱　县', '0', '0', '130400', '2016-04-29 16:05:43', '2016-04-29 16:05:43');
INSERT INTO `region` VALUES ('130431', '鸡泽县', '0', '0', '130400', '2016-04-29 16:05:43', '2016-04-29 16:05:43');
INSERT INTO `region` VALUES ('130432', '广平县', '0', '0', '130400', '2016-04-29 16:05:43', '2016-04-29 16:05:43');
INSERT INTO `region` VALUES ('130433', '馆陶县', '0', '0', '130400', '2016-04-29 16:05:43', '2016-04-29 16:05:43');
INSERT INTO `region` VALUES ('130434', '魏　县', '0', '0', '130400', '2016-04-29 16:05:43', '2016-04-29 16:05:43');
INSERT INTO `region` VALUES ('130435', '曲周县', '0', '0', '130400', '2016-04-29 16:05:43', '2016-04-29 16:05:43');
INSERT INTO `region` VALUES ('130481', '武安市', '0', '0', '130400', '2016-04-29 16:05:43', '2016-04-29 16:05:43');
INSERT INTO `region` VALUES ('130501', '市辖区', '0', '0', '130500', '2016-04-29 16:05:43', '2016-04-29 16:05:43');
INSERT INTO `region` VALUES ('130502', '桥东区', '0', '0', '130500', '2016-04-29 16:05:43', '2016-04-29 16:05:43');
INSERT INTO `region` VALUES ('130503', '桥西区', '0', '0', '130500', '2016-04-29 16:05:43', '2016-04-29 16:05:43');
INSERT INTO `region` VALUES ('130521', '邢台县', '0', '0', '130500', '2016-04-29 16:05:43', '2016-04-29 16:05:43');
INSERT INTO `region` VALUES ('130522', '临城县', '0', '0', '130500', '2016-04-29 16:05:43', '2016-04-29 16:05:43');
INSERT INTO `region` VALUES ('130523', '内丘县', '0', '0', '130500', '2016-04-29 16:05:43', '2016-04-29 16:05:43');
INSERT INTO `region` VALUES ('130524', '柏乡县', '0', '0', '130500', '2016-04-29 16:05:43', '2016-04-29 16:05:43');
INSERT INTO `region` VALUES ('130525', '隆尧县', '0', '0', '130500', '2016-04-29 16:05:43', '2016-04-29 16:05:43');
INSERT INTO `region` VALUES ('130526', '任　县', '0', '0', '130500', '2016-04-29 16:05:43', '2016-04-29 16:05:43');
INSERT INTO `region` VALUES ('130527', '南和县', '0', '0', '130500', '2016-04-29 16:05:43', '2016-04-29 16:05:43');
INSERT INTO `region` VALUES ('130528', '宁晋县', '0', '0', '130500', '2016-04-29 16:05:43', '2016-04-29 16:05:43');
INSERT INTO `region` VALUES ('130529', '巨鹿县', '0', '0', '130500', '2016-04-29 16:05:43', '2016-04-29 16:05:43');
INSERT INTO `region` VALUES ('130530', '新河县', '0', '0', '130500', '2016-04-29 16:05:43', '2016-04-29 16:05:43');
INSERT INTO `region` VALUES ('130531', '广宗县', '0', '0', '130500', '2016-04-29 16:05:43', '2016-04-29 16:05:43');
INSERT INTO `region` VALUES ('130532', '平乡县', '0', '0', '130500', '2016-04-29 16:05:43', '2016-04-29 16:05:43');
INSERT INTO `region` VALUES ('130533', '威　县', '0', '0', '130500', '2016-04-29 16:05:43', '2016-04-29 16:05:43');
INSERT INTO `region` VALUES ('130534', '清河县', '0', '0', '130500', '2016-04-29 16:05:43', '2016-04-29 16:05:43');
INSERT INTO `region` VALUES ('130535', '临西县', '0', '0', '130500', '2016-04-29 16:05:43', '2016-04-29 16:05:43');
INSERT INTO `region` VALUES ('130581', '南宫市', '0', '0', '130500', '2016-04-29 16:05:43', '2016-04-29 16:05:43');
INSERT INTO `region` VALUES ('130582', '沙河市', '0', '0', '130500', '2016-04-29 16:05:43', '2016-04-29 16:05:43');
INSERT INTO `region` VALUES ('130601', '市辖区', '0', '0', '130600', '2016-04-29 16:05:43', '2016-04-29 16:05:43');
INSERT INTO `region` VALUES ('130602', '新市区', '0', '0', '130600', '2016-04-29 16:05:43', '2016-04-29 16:05:43');
INSERT INTO `region` VALUES ('130603', '北市区', '0', '0', '130600', '2016-04-29 16:05:43', '2016-04-29 16:05:43');
INSERT INTO `region` VALUES ('130604', '南市区', '0', '0', '130600', '2016-04-29 16:05:43', '2016-04-29 16:05:43');
INSERT INTO `region` VALUES ('130621', '满城县', '0', '0', '130600', '2016-04-29 16:05:43', '2016-04-29 16:05:43');
INSERT INTO `region` VALUES ('130622', '清苑县', '0', '0', '130600', '2016-04-29 16:05:43', '2016-04-29 16:05:43');
INSERT INTO `region` VALUES ('130623', '涞水县', '0', '0', '130600', '2016-04-29 16:05:43', '2016-04-29 16:05:43');
INSERT INTO `region` VALUES ('130624', '阜平县', '0', '0', '130600', '2016-04-29 16:05:43', '2016-04-29 16:05:43');
INSERT INTO `region` VALUES ('130625', '徐水县', '0', '0', '130600', '2016-04-29 16:05:43', '2016-04-29 16:05:43');
INSERT INTO `region` VALUES ('130626', '定兴县', '0', '0', '130600', '2016-04-29 16:05:43', '2016-04-29 16:05:43');
INSERT INTO `region` VALUES ('130627', '唐　县', '0', '0', '130600', '2016-04-29 16:05:43', '2016-04-29 16:05:43');
INSERT INTO `region` VALUES ('130628', '高阳县', '0', '0', '130600', '2016-04-29 16:05:43', '2016-04-29 16:05:43');
INSERT INTO `region` VALUES ('130629', '容城县', '0', '0', '130600', '2016-04-29 16:05:43', '2016-04-29 16:05:43');
INSERT INTO `region` VALUES ('130630', '涞源县', '0', '0', '130600', '2016-04-29 16:05:43', '2016-04-29 16:05:43');
INSERT INTO `region` VALUES ('130631', '望都县', '0', '0', '130600', '2016-04-29 16:05:43', '2016-04-29 16:05:43');
INSERT INTO `region` VALUES ('130632', '安新县', '0', '0', '130600', '2016-04-29 16:05:43', '2016-04-29 16:05:43');
INSERT INTO `region` VALUES ('130633', '易　县', '0', '0', '130600', '2016-04-29 16:05:43', '2016-04-29 16:05:43');
INSERT INTO `region` VALUES ('130634', '曲阳县', '0', '0', '130600', '2016-04-29 16:05:43', '2016-04-29 16:05:43');
INSERT INTO `region` VALUES ('130635', '蠡　县', '0', '0', '130600', '2016-04-29 16:05:43', '2016-04-29 16:05:43');
INSERT INTO `region` VALUES ('130636', '顺平县', '0', '0', '130600', '2016-04-29 16:05:43', '2016-04-29 16:05:43');
INSERT INTO `region` VALUES ('130637', '博野县', '0', '0', '130600', '2016-04-29 16:05:43', '2016-04-29 16:05:43');
INSERT INTO `region` VALUES ('130638', '雄　县', '0', '0', '130600', '2016-04-29 16:05:43', '2016-04-29 16:05:43');
INSERT INTO `region` VALUES ('130681', '涿州市', '0', '0', '130600', '2016-04-29 16:05:43', '2016-04-29 16:05:43');
INSERT INTO `region` VALUES ('130682', '定州市', '0', '0', '130600', '2016-04-29 16:05:43', '2016-04-29 16:05:43');
INSERT INTO `region` VALUES ('130683', '安国市', '0', '0', '130600', '2016-04-29 16:05:43', '2016-04-29 16:05:43');
INSERT INTO `region` VALUES ('130684', '高碑店市', '0', '0', '130600', '2016-04-29 16:05:43', '2016-04-29 16:05:43');
INSERT INTO `region` VALUES ('130701', '市辖区', '0', '0', '130700', '2016-04-29 16:05:43', '2016-04-29 16:05:43');
INSERT INTO `region` VALUES ('130702', '桥东区', '0', '0', '130700', '2016-04-29 16:05:43', '2016-04-29 16:05:43');
INSERT INTO `region` VALUES ('130703', '桥西区', '0', '0', '130700', '2016-04-29 16:05:43', '2016-04-29 16:05:43');
INSERT INTO `region` VALUES ('130705', '宣化区', '0', '0', '130700', '2016-04-29 16:05:43', '2016-04-29 16:05:43');
INSERT INTO `region` VALUES ('130706', '下花园区', '0', '0', '130700', '2016-04-29 16:05:43', '2016-04-29 16:05:43');
INSERT INTO `region` VALUES ('130721', '宣化县', '0', '0', '130700', '2016-04-29 16:05:43', '2016-04-29 16:05:43');
INSERT INTO `region` VALUES ('130722', '张北县', '0', '0', '130700', '2016-04-29 16:05:43', '2016-04-29 16:05:43');
INSERT INTO `region` VALUES ('130723', '康保县', '0', '0', '130700', '2016-04-29 16:05:43', '2016-04-29 16:05:43');
INSERT INTO `region` VALUES ('130724', '沽源县', '0', '0', '130700', '2016-04-29 16:05:43', '2016-04-29 16:05:43');
INSERT INTO `region` VALUES ('130725', '尚义县', '0', '0', '130700', '2016-04-29 16:05:43', '2016-04-29 16:05:43');
INSERT INTO `region` VALUES ('130726', '蔚　县', '0', '0', '130700', '2016-04-29 16:05:43', '2016-04-29 16:05:43');
INSERT INTO `region` VALUES ('130727', '阳原县', '0', '0', '130700', '2016-04-29 16:05:43', '2016-04-29 16:05:43');
INSERT INTO `region` VALUES ('130728', '怀安县', '0', '0', '130700', '2016-04-29 16:05:43', '2016-04-29 16:05:43');
INSERT INTO `region` VALUES ('130729', '万全县', '0', '0', '130700', '2016-04-29 16:05:43', '2016-04-29 16:05:43');
INSERT INTO `region` VALUES ('130730', '怀来县', '0', '0', '130700', '2016-04-29 16:05:43', '2016-04-29 16:05:43');
INSERT INTO `region` VALUES ('130731', '涿鹿县', '0', '0', '130700', '2016-04-29 16:05:43', '2016-04-29 16:05:43');
INSERT INTO `region` VALUES ('130732', '赤城县', '0', '0', '130700', '2016-04-29 16:05:43', '2016-04-29 16:05:43');
INSERT INTO `region` VALUES ('130733', '崇礼县', '0', '0', '130700', '2016-04-29 16:05:43', '2016-04-29 16:05:43');
INSERT INTO `region` VALUES ('130801', '市辖区', '0', '0', '130800', '2016-04-29 16:05:43', '2016-04-29 16:05:43');
INSERT INTO `region` VALUES ('130802', '双桥区', '0', '0', '130800', '2016-04-29 16:05:43', '2016-04-29 16:05:43');
INSERT INTO `region` VALUES ('130803', '双滦区', '0', '0', '130800', '2016-04-29 16:05:43', '2016-04-29 16:05:43');
INSERT INTO `region` VALUES ('130804', '鹰手营子矿区', '0', '0', '130800', '2016-04-29 16:05:43', '2016-04-29 16:05:43');
INSERT INTO `region` VALUES ('130821', '承德县', '0', '0', '130800', '2016-04-29 16:05:43', '2016-04-29 16:05:43');
INSERT INTO `region` VALUES ('130822', '兴隆县', '0', '0', '130800', '2016-04-29 16:05:43', '2016-04-29 16:05:43');
INSERT INTO `region` VALUES ('130823', '平泉县', '0', '0', '130800', '2016-04-29 16:05:43', '2016-04-29 16:05:43');
INSERT INTO `region` VALUES ('130824', '滦平县', '0', '0', '130800', '2016-04-29 16:05:43', '2016-04-29 16:05:43');
INSERT INTO `region` VALUES ('130825', '隆化县', '0', '0', '130800', '2016-04-29 16:05:43', '2016-04-29 16:05:43');
INSERT INTO `region` VALUES ('130826', '丰宁满族自治县', '0', '0', '130800', '2016-04-29 16:05:43', '2016-04-29 16:05:43');
INSERT INTO `region` VALUES ('130827', '宽城满族自治县', '0', '0', '130800', '2016-04-29 16:05:43', '2016-04-29 16:05:43');
INSERT INTO `region` VALUES ('130828', '围场满族蒙古族自治县', '0', '0', '130800', '2016-04-29 16:05:43', '2016-04-29 16:05:43');
INSERT INTO `region` VALUES ('130901', '市辖区', '0', '0', '130900', '2016-04-29 16:05:43', '2016-04-29 16:05:43');
INSERT INTO `region` VALUES ('130902', '新华区', '0', '0', '130900', '2016-04-29 16:05:43', '2016-04-29 16:05:43');
INSERT INTO `region` VALUES ('130903', '运河区', '0', '0', '130900', '2016-04-29 16:05:43', '2016-04-29 16:05:43');
INSERT INTO `region` VALUES ('130921', '沧　县', '0', '0', '130900', '2016-04-29 16:05:43', '2016-04-29 16:05:43');
INSERT INTO `region` VALUES ('130922', '青　县', '0', '0', '130900', '2016-04-29 16:05:43', '2016-04-29 16:05:43');
INSERT INTO `region` VALUES ('130923', '东光县', '0', '0', '130900', '2016-04-29 16:05:43', '2016-04-29 16:05:43');
INSERT INTO `region` VALUES ('130924', '海兴县', '0', '0', '130900', '2016-04-29 16:05:43', '2016-04-29 16:05:43');
INSERT INTO `region` VALUES ('130925', '盐山县', '0', '0', '130900', '2016-04-29 16:05:43', '2016-04-29 16:05:43');
INSERT INTO `region` VALUES ('130926', '肃宁县', '0', '0', '130900', '2016-04-29 16:05:43', '2016-04-29 16:05:43');
INSERT INTO `region` VALUES ('130927', '南皮县', '0', '0', '130900', '2016-04-29 16:05:43', '2016-04-29 16:05:43');
INSERT INTO `region` VALUES ('130928', '吴桥县', '0', '0', '130900', '2016-04-29 16:05:43', '2016-04-29 16:05:43');
INSERT INTO `region` VALUES ('130929', '献　县', '0', '0', '130900', '2016-04-29 16:05:43', '2016-04-29 16:05:43');
INSERT INTO `region` VALUES ('130930', '孟村回族自治县', '0', '0', '130900', '2016-04-29 16:05:43', '2016-04-29 16:05:43');
INSERT INTO `region` VALUES ('130981', '泊头市', '0', '0', '130900', '2016-04-29 16:05:43', '2016-04-29 16:05:43');
INSERT INTO `region` VALUES ('130982', '任丘市', '0', '0', '130900', '2016-04-29 16:05:43', '2016-04-29 16:05:43');
INSERT INTO `region` VALUES ('130983', '黄骅市', '0', '0', '130900', '2016-04-29 16:05:43', '2016-04-29 16:05:43');
INSERT INTO `region` VALUES ('130984', '河间市', '0', '0', '130900', '2016-04-29 16:05:43', '2016-04-29 16:05:43');
INSERT INTO `region` VALUES ('131001', '市辖区', '0', '0', '131000', '2016-04-29 16:05:43', '2016-04-29 16:05:43');
INSERT INTO `region` VALUES ('131002', '安次区', '0', '0', '131000', '2016-04-29 16:05:43', '2016-04-29 16:05:43');
INSERT INTO `region` VALUES ('131003', '广阳区', '0', '0', '131000', '2016-04-29 16:05:43', '2016-04-29 16:05:43');
INSERT INTO `region` VALUES ('131022', '固安县', '0', '0', '131000', '2016-04-29 16:05:43', '2016-04-29 16:05:43');
INSERT INTO `region` VALUES ('131023', '永清县', '0', '0', '131000', '2016-04-29 16:05:43', '2016-04-29 16:05:43');
INSERT INTO `region` VALUES ('131024', '香河县', '0', '0', '131000', '2016-04-29 16:05:43', '2016-04-29 16:05:43');
INSERT INTO `region` VALUES ('131025', '大城县', '0', '0', '131000', '2016-04-29 16:05:43', '2016-04-29 16:05:43');
INSERT INTO `region` VALUES ('131026', '文安县', '0', '0', '131000', '2016-04-29 16:05:43', '2016-04-29 16:05:43');
INSERT INTO `region` VALUES ('131028', '大厂回族自治县', '0', '0', '131000', '2016-04-29 16:05:43', '2016-04-29 16:05:43');
INSERT INTO `region` VALUES ('131081', '霸州市', '0', '0', '131000', '2016-04-29 16:05:43', '2016-04-29 16:05:43');
INSERT INTO `region` VALUES ('131082', '三河市', '0', '0', '131000', '2016-04-29 16:05:43', '2016-04-29 16:05:43');
INSERT INTO `region` VALUES ('131101', '市辖区', '0', '0', '131100', '2016-04-29 16:05:43', '2016-04-29 16:05:43');
INSERT INTO `region` VALUES ('131102', '桃城区', '0', '0', '131100', '2016-04-29 16:05:43', '2016-04-29 16:05:43');
INSERT INTO `region` VALUES ('131121', '枣强县', '0', '0', '131100', '2016-04-29 16:05:43', '2016-04-29 16:05:43');
INSERT INTO `region` VALUES ('131122', '武邑县', '0', '0', '131100', '2016-04-29 16:05:43', '2016-04-29 16:05:43');
INSERT INTO `region` VALUES ('131123', '武强县', '0', '0', '131100', '2016-04-29 16:05:43', '2016-04-29 16:05:43');
INSERT INTO `region` VALUES ('131124', '饶阳县', '0', '0', '131100', '2016-04-29 16:05:43', '2016-04-29 16:05:43');
INSERT INTO `region` VALUES ('131125', '安平县', '0', '0', '131100', '2016-04-29 16:05:43', '2016-04-29 16:05:43');
INSERT INTO `region` VALUES ('131126', '故城县', '0', '0', '131100', '2016-04-29 16:05:43', '2016-04-29 16:05:43');
INSERT INTO `region` VALUES ('131127', '景　县', '0', '0', '131100', '2016-04-29 16:05:43', '2016-04-29 16:05:43');
INSERT INTO `region` VALUES ('131128', '阜城县', '0', '0', '131100', '2016-04-29 16:05:43', '2016-04-29 16:05:43');
INSERT INTO `region` VALUES ('131181', '冀州市', '0', '0', '131100', '2016-04-29 16:05:43', '2016-04-29 16:05:43');
INSERT INTO `region` VALUES ('131182', '深州市', '0', '0', '131100', '2016-04-29 16:05:43', '2016-04-29 16:05:43');
INSERT INTO `region` VALUES ('140101', '市辖区', '0', '0', '140100', '2016-04-29 16:05:43', '2016-04-29 16:05:43');
INSERT INTO `region` VALUES ('140105', '小店区', '0', '0', '140100', '2016-04-29 16:05:43', '2016-04-29 16:05:43');
INSERT INTO `region` VALUES ('140106', '迎泽区', '0', '0', '140100', '2016-04-29 16:05:43', '2016-04-29 16:05:43');
INSERT INTO `region` VALUES ('140107', '杏花岭区', '0', '0', '140100', '2016-04-29 16:05:43', '2016-04-29 16:05:43');
INSERT INTO `region` VALUES ('140108', '尖草坪区', '0', '0', '140100', '2016-04-29 16:05:43', '2016-04-29 16:05:43');
INSERT INTO `region` VALUES ('140109', '万柏林区', '0', '0', '140100', '2016-04-29 16:05:43', '2016-04-29 16:05:43');
INSERT INTO `region` VALUES ('140110', '晋源区', '0', '0', '140100', '2016-04-29 16:05:43', '2016-04-29 16:05:43');
INSERT INTO `region` VALUES ('140121', '清徐县', '0', '0', '140100', '2016-04-29 16:05:43', '2016-04-29 16:05:43');
INSERT INTO `region` VALUES ('140122', '阳曲县', '0', '0', '140100', '2016-04-29 16:05:43', '2016-04-29 16:05:43');
INSERT INTO `region` VALUES ('140123', '娄烦县', '0', '0', '140100', '2016-04-29 16:05:43', '2016-04-29 16:05:43');
INSERT INTO `region` VALUES ('140181', '古交市', '0', '0', '140100', '2016-04-29 16:05:43', '2016-04-29 16:05:43');
INSERT INTO `region` VALUES ('140201', '市辖区', '0', '0', '140200', '2016-04-29 16:05:43', '2016-04-29 16:05:43');
INSERT INTO `region` VALUES ('140202', '城　区', '0', '0', '140200', '2016-04-29 16:05:43', '2016-04-29 16:05:43');
INSERT INTO `region` VALUES ('140203', '矿　区', '0', '0', '140200', '2016-04-29 16:05:43', '2016-04-29 16:05:43');
INSERT INTO `region` VALUES ('140211', '南郊区', '0', '0', '140200', '2016-04-29 16:05:43', '2016-04-29 16:05:43');
INSERT INTO `region` VALUES ('140212', '新荣区', '0', '0', '140200', '2016-04-29 16:05:43', '2016-04-29 16:05:43');
INSERT INTO `region` VALUES ('140221', '阳高县', '0', '0', '140200', '2016-04-29 16:05:43', '2016-04-29 16:05:43');
INSERT INTO `region` VALUES ('140222', '天镇县', '0', '0', '140200', '2016-04-29 16:05:43', '2016-04-29 16:05:43');
INSERT INTO `region` VALUES ('140223', '广灵县', '0', '0', '140200', '2016-04-29 16:05:43', '2016-04-29 16:05:43');
INSERT INTO `region` VALUES ('140224', '灵丘县', '0', '0', '140200', '2016-04-29 16:05:43', '2016-04-29 16:05:43');
INSERT INTO `region` VALUES ('140225', '浑源县', '0', '0', '140200', '2016-04-29 16:05:43', '2016-04-29 16:05:43');
INSERT INTO `region` VALUES ('140226', '左云县', '0', '0', '140200', '2016-04-29 16:05:43', '2016-04-29 16:05:43');
INSERT INTO `region` VALUES ('140227', '大同县', '0', '0', '140200', '2016-04-29 16:05:43', '2016-04-29 16:05:43');
INSERT INTO `region` VALUES ('140301', '市辖区', '0', '0', '140300', '2016-04-29 16:05:43', '2016-04-29 16:05:43');
INSERT INTO `region` VALUES ('140302', '城　区', '0', '0', '140300', '2016-04-29 16:05:43', '2016-04-29 16:05:43');
INSERT INTO `region` VALUES ('140303', '矿　区', '0', '0', '140300', '2016-04-29 16:05:43', '2016-04-29 16:05:43');
INSERT INTO `region` VALUES ('140311', '郊　区', '0', '0', '140300', '2016-04-29 16:05:43', '2016-04-29 16:05:43');
INSERT INTO `region` VALUES ('140321', '平定县', '0', '0', '140300', '2016-04-29 16:05:43', '2016-04-29 16:05:43');
INSERT INTO `region` VALUES ('140322', '盂　县', '0', '0', '140300', '2016-04-29 16:05:43', '2016-04-29 16:05:43');
INSERT INTO `region` VALUES ('140401', '市辖区', '0', '0', '140400', '2016-04-29 16:05:43', '2016-04-29 16:05:43');
INSERT INTO `region` VALUES ('140402', '城　区', '0', '0', '140400', '2016-04-29 16:05:43', '2016-04-29 16:05:43');
INSERT INTO `region` VALUES ('140411', '郊　区', '0', '0', '140400', '2016-04-29 16:05:43', '2016-04-29 16:05:43');
INSERT INTO `region` VALUES ('140421', '长治县', '0', '0', '140400', '2016-04-29 16:05:43', '2016-04-29 16:05:43');
INSERT INTO `region` VALUES ('140423', '襄垣县', '0', '0', '140400', '2016-04-29 16:05:43', '2016-04-29 16:05:43');
INSERT INTO `region` VALUES ('140424', '屯留县', '0', '0', '140400', '2016-04-29 16:05:43', '2016-04-29 16:05:43');
INSERT INTO `region` VALUES ('140425', '平顺县', '0', '0', '140400', '2016-04-29 16:05:43', '2016-04-29 16:05:43');
INSERT INTO `region` VALUES ('140426', '黎城县', '0', '0', '140400', '2016-04-29 16:05:43', '2016-04-29 16:05:43');
INSERT INTO `region` VALUES ('140427', '壶关县', '0', '0', '140400', '2016-04-29 16:05:43', '2016-04-29 16:05:43');
INSERT INTO `region` VALUES ('140428', '长子县', '0', '0', '140400', '2016-04-29 16:05:43', '2016-04-29 16:05:43');
INSERT INTO `region` VALUES ('140429', '武乡县', '0', '0', '140400', '2016-04-29 16:05:43', '2016-04-29 16:05:43');
INSERT INTO `region` VALUES ('140430', '沁　县', '0', '0', '140400', '2016-04-29 16:05:43', '2016-04-29 16:05:43');
INSERT INTO `region` VALUES ('140431', '沁源县', '0', '0', '140400', '2016-04-29 16:05:43', '2016-04-29 16:05:43');
INSERT INTO `region` VALUES ('140481', '潞城市', '0', '0', '140400', '2016-04-29 16:05:43', '2016-04-29 16:05:43');
INSERT INTO `region` VALUES ('140501', '市辖区', '0', '0', '140500', '2016-04-29 16:05:43', '2016-04-29 16:05:43');
INSERT INTO `region` VALUES ('140502', '城　区', '0', '0', '140500', '2016-04-29 16:05:43', '2016-04-29 16:05:43');
INSERT INTO `region` VALUES ('140521', '沁水县', '0', '0', '140500', '2016-04-29 16:05:43', '2016-04-29 16:05:43');
INSERT INTO `region` VALUES ('140522', '阳城县', '0', '0', '140500', '2016-04-29 16:05:43', '2016-04-29 16:05:43');
INSERT INTO `region` VALUES ('140524', '陵川县', '0', '0', '140500', '2016-04-29 16:05:43', '2016-04-29 16:05:43');
INSERT INTO `region` VALUES ('140525', '泽州县', '0', '0', '140500', '2016-04-29 16:05:43', '2016-04-29 16:05:43');
INSERT INTO `region` VALUES ('140581', '高平市', '0', '0', '140500', '2016-04-29 16:05:43', '2016-04-29 16:05:43');
INSERT INTO `region` VALUES ('140601', '市辖区', '0', '0', '140600', '2016-04-29 16:05:43', '2016-04-29 16:05:43');
INSERT INTO `region` VALUES ('140602', '朔城区', '0', '0', '140600', '2016-04-29 16:05:43', '2016-04-29 16:05:43');
INSERT INTO `region` VALUES ('140603', '平鲁区', '0', '0', '140600', '2016-04-29 16:05:43', '2016-04-29 16:05:43');
INSERT INTO `region` VALUES ('140621', '山阴县', '0', '0', '140600', '2016-04-29 16:05:43', '2016-04-29 16:05:43');
INSERT INTO `region` VALUES ('140622', '应　县', '0', '0', '140600', '2016-04-29 16:05:43', '2016-04-29 16:05:43');
INSERT INTO `region` VALUES ('140623', '右玉县', '0', '0', '140600', '2016-04-29 16:05:43', '2016-04-29 16:05:43');
INSERT INTO `region` VALUES ('140624', '怀仁县', '0', '0', '140600', '2016-04-29 16:05:43', '2016-04-29 16:05:43');
INSERT INTO `region` VALUES ('140701', '市辖区', '0', '0', '140700', '2016-04-29 16:05:43', '2016-04-29 16:05:43');
INSERT INTO `region` VALUES ('140702', '榆次区', '0', '0', '140700', '2016-04-29 16:05:43', '2016-04-29 16:05:43');
INSERT INTO `region` VALUES ('140721', '榆社县', '0', '0', '140700', '2016-04-29 16:05:43', '2016-04-29 16:05:43');
INSERT INTO `region` VALUES ('140722', '左权县', '0', '0', '140700', '2016-04-29 16:05:43', '2016-04-29 16:05:43');
INSERT INTO `region` VALUES ('140723', '和顺县', '0', '0', '140700', '2016-04-29 16:05:43', '2016-04-29 16:05:43');
INSERT INTO `region` VALUES ('140724', '昔阳县', '0', '0', '140700', '2016-04-29 16:05:43', '2016-04-29 16:05:43');
INSERT INTO `region` VALUES ('140725', '寿阳县', '0', '0', '140700', '2016-04-29 16:05:43', '2016-04-29 16:05:43');
INSERT INTO `region` VALUES ('140726', '太谷县', '0', '0', '140700', '2016-04-29 16:05:43', '2016-04-29 16:05:43');
INSERT INTO `region` VALUES ('140727', '祁　县', '0', '0', '140700', '2016-04-29 16:05:43', '2016-04-29 16:05:43');
INSERT INTO `region` VALUES ('140728', '平遥县', '0', '0', '140700', '2016-04-29 16:05:43', '2016-04-29 16:05:43');
INSERT INTO `region` VALUES ('140729', '灵石县', '0', '0', '140700', '2016-04-29 16:05:43', '2016-04-29 16:05:43');
INSERT INTO `region` VALUES ('140781', '介休市', '0', '0', '140700', '2016-04-29 16:05:43', '2016-04-29 16:05:43');
INSERT INTO `region` VALUES ('140801', '市辖区', '0', '0', '140800', '2016-04-29 16:05:43', '2016-04-29 16:05:43');
INSERT INTO `region` VALUES ('140802', '盐湖区', '0', '0', '140800', '2016-04-29 16:05:43', '2016-04-29 16:05:43');
INSERT INTO `region` VALUES ('140821', '临猗县', '0', '0', '140800', '2016-04-29 16:05:43', '2016-04-29 16:05:43');
INSERT INTO `region` VALUES ('140822', '万荣县', '0', '0', '140800', '2016-04-29 16:05:43', '2016-04-29 16:05:43');
INSERT INTO `region` VALUES ('140823', '闻喜县', '0', '0', '140800', '2016-04-29 16:05:43', '2016-04-29 16:05:43');
INSERT INTO `region` VALUES ('140824', '稷山县', '0', '0', '140800', '2016-04-29 16:05:43', '2016-04-29 16:05:43');
INSERT INTO `region` VALUES ('140825', '新绛县', '0', '0', '140800', '2016-04-29 16:05:43', '2016-04-29 16:05:43');
INSERT INTO `region` VALUES ('140826', '绛　县', '0', '0', '140800', '2016-04-29 16:05:43', '2016-04-29 16:05:43');
INSERT INTO `region` VALUES ('140827', '垣曲县', '0', '0', '140800', '2016-04-29 16:05:43', '2016-04-29 16:05:43');
INSERT INTO `region` VALUES ('140828', '夏　县', '0', '0', '140800', '2016-04-29 16:05:43', '2016-04-29 16:05:43');
INSERT INTO `region` VALUES ('140829', '平陆县', '0', '0', '140800', '2016-04-29 16:05:43', '2016-04-29 16:05:43');
INSERT INTO `region` VALUES ('140830', '芮城县', '0', '0', '140800', '2016-04-29 16:05:43', '2016-04-29 16:05:43');
INSERT INTO `region` VALUES ('140881', '永济市', '0', '0', '140800', '2016-04-29 16:05:43', '2016-04-29 16:05:43');
INSERT INTO `region` VALUES ('140882', '河津市', '0', '0', '140800', '2016-04-29 16:05:43', '2016-04-29 16:05:43');
INSERT INTO `region` VALUES ('140901', '市辖区', '0', '0', '140900', '2016-04-29 16:05:43', '2016-04-29 16:05:43');
INSERT INTO `region` VALUES ('140902', '忻府区', '0', '0', '140900', '2016-04-29 16:05:43', '2016-04-29 16:05:43');
INSERT INTO `region` VALUES ('140921', '定襄县', '0', '0', '140900', '2016-04-29 16:05:43', '2016-04-29 16:05:43');
INSERT INTO `region` VALUES ('140922', '五台县', '0', '0', '140900', '2016-04-29 16:05:43', '2016-04-29 16:05:43');
INSERT INTO `region` VALUES ('140923', '代　县', '0', '0', '140900', '2016-04-29 16:05:43', '2016-04-29 16:05:43');
INSERT INTO `region` VALUES ('140924', '繁峙县', '0', '0', '140900', '2016-04-29 16:05:43', '2016-04-29 16:05:43');
INSERT INTO `region` VALUES ('140925', '宁武县', '0', '0', '140900', '2016-04-29 16:05:43', '2016-04-29 16:05:43');
INSERT INTO `region` VALUES ('140926', '静乐县', '0', '0', '140900', '2016-04-29 16:05:43', '2016-04-29 16:05:43');
INSERT INTO `region` VALUES ('140927', '神池县', '0', '0', '140900', '2016-04-29 16:05:43', '2016-04-29 16:05:43');
INSERT INTO `region` VALUES ('140928', '五寨县', '0', '0', '140900', '2016-04-29 16:05:43', '2016-04-29 16:05:43');
INSERT INTO `region` VALUES ('140929', '岢岚县', '0', '0', '140900', '2016-04-29 16:05:43', '2016-04-29 16:05:43');
INSERT INTO `region` VALUES ('140930', '河曲县', '0', '0', '140900', '2016-04-29 16:05:43', '2016-04-29 16:05:43');
INSERT INTO `region` VALUES ('140931', '保德县', '0', '0', '140900', '2016-04-29 16:05:43', '2016-04-29 16:05:43');
INSERT INTO `region` VALUES ('140932', '偏关县', '0', '0', '140900', '2016-04-29 16:05:43', '2016-04-29 16:05:43');
INSERT INTO `region` VALUES ('140981', '原平市', '0', '0', '140900', '2016-04-29 16:05:43', '2016-04-29 16:05:43');
INSERT INTO `region` VALUES ('141001', '市辖区', '0', '0', '141000', '2016-04-29 16:05:43', '2016-04-29 16:05:43');
INSERT INTO `region` VALUES ('141002', '尧都区', '0', '0', '141000', '2016-04-29 16:05:43', '2016-04-29 16:05:43');
INSERT INTO `region` VALUES ('141021', '曲沃县', '0', '0', '141000', '2016-04-29 16:05:43', '2016-04-29 16:05:43');
INSERT INTO `region` VALUES ('141022', '翼城县', '0', '0', '141000', '2016-04-29 16:05:43', '2016-04-29 16:05:43');
INSERT INTO `region` VALUES ('141023', '襄汾县', '0', '0', '141000', '2016-04-29 16:05:43', '2016-04-29 16:05:43');
INSERT INTO `region` VALUES ('141024', '洪洞县', '0', '0', '141000', '2016-04-29 16:05:43', '2016-04-29 16:05:43');
INSERT INTO `region` VALUES ('141025', '古　县', '0', '0', '141000', '2016-04-29 16:05:43', '2016-04-29 16:05:43');
INSERT INTO `region` VALUES ('141026', '安泽县', '0', '0', '141000', '2016-04-29 16:05:43', '2016-04-29 16:05:43');
INSERT INTO `region` VALUES ('141027', '浮山县', '0', '0', '141000', '2016-04-29 16:05:43', '2016-04-29 16:05:43');
INSERT INTO `region` VALUES ('141028', '吉　县', '0', '0', '141000', '2016-04-29 16:05:43', '2016-04-29 16:05:43');
INSERT INTO `region` VALUES ('141029', '乡宁县', '0', '0', '141000', '2016-04-29 16:05:43', '2016-04-29 16:05:43');
INSERT INTO `region` VALUES ('141030', '大宁县', '0', '0', '141000', '2016-04-29 16:05:43', '2016-04-29 16:05:43');
INSERT INTO `region` VALUES ('141031', '隰　县', '0', '0', '141000', '2016-04-29 16:05:43', '2016-04-29 16:05:43');
INSERT INTO `region` VALUES ('141032', '永和县', '0', '0', '141000', '2016-04-29 16:05:43', '2016-04-29 16:05:43');
INSERT INTO `region` VALUES ('141033', '蒲　县', '0', '0', '141000', '2016-04-29 16:05:43', '2016-04-29 16:05:43');
INSERT INTO `region` VALUES ('141034', '汾西县', '0', '0', '141000', '2016-04-29 16:05:43', '2016-04-29 16:05:43');
INSERT INTO `region` VALUES ('141081', '侯马市', '0', '0', '141000', '2016-04-29 16:05:43', '2016-04-29 16:05:43');
INSERT INTO `region` VALUES ('141082', '霍州市', '0', '0', '141000', '2016-04-29 16:05:43', '2016-04-29 16:05:43');
INSERT INTO `region` VALUES ('141101', '市辖区', '0', '0', '141100', '2016-04-29 16:05:43', '2016-04-29 16:05:43');
INSERT INTO `region` VALUES ('141102', '离石区', '0', '0', '141100', '2016-04-29 16:05:43', '2016-04-29 16:05:43');
INSERT INTO `region` VALUES ('141121', '文水县', '0', '0', '141100', '2016-04-29 16:05:43', '2016-04-29 16:05:43');
INSERT INTO `region` VALUES ('141122', '交城县', '0', '0', '141100', '2016-04-29 16:05:43', '2016-04-29 16:05:43');
INSERT INTO `region` VALUES ('141123', '兴　县', '0', '0', '141100', '2016-04-29 16:05:43', '2016-04-29 16:05:43');
INSERT INTO `region` VALUES ('141124', '临　县', '0', '0', '141100', '2016-04-29 16:05:43', '2016-04-29 16:05:43');
INSERT INTO `region` VALUES ('141125', '柳林县', '0', '0', '141100', '2016-04-29 16:05:43', '2016-04-29 16:05:43');
INSERT INTO `region` VALUES ('141126', '石楼县', '0', '0', '141100', '2016-04-29 16:05:43', '2016-04-29 16:05:43');
INSERT INTO `region` VALUES ('141127', '岚　县', '0', '0', '141100', '2016-04-29 16:05:43', '2016-04-29 16:05:43');
INSERT INTO `region` VALUES ('141128', '方山县', '0', '0', '141100', '2016-04-29 16:05:43', '2016-04-29 16:05:43');
INSERT INTO `region` VALUES ('141129', '中阳县', '0', '0', '141100', '2016-04-29 16:05:43', '2016-04-29 16:05:43');
INSERT INTO `region` VALUES ('141130', '交口县', '0', '0', '141100', '2016-04-29 16:05:43', '2016-04-29 16:05:43');
INSERT INTO `region` VALUES ('141181', '孝义市', '0', '0', '141100', '2016-04-29 16:05:43', '2016-04-29 16:05:43');
INSERT INTO `region` VALUES ('141182', '汾阳市', '0', '0', '141100', '2016-04-29 16:05:43', '2016-04-29 16:05:43');
INSERT INTO `region` VALUES ('150101', '市辖区', '0', '0', '150100', '2016-04-29 16:05:43', '2016-04-29 16:05:43');
INSERT INTO `region` VALUES ('150102', '新城区', '0', '0', '150100', '2016-04-29 16:05:43', '2016-04-29 16:05:43');
INSERT INTO `region` VALUES ('150103', '回民区', '0', '0', '150100', '2016-04-29 16:05:43', '2016-04-29 16:05:43');
INSERT INTO `region` VALUES ('150104', '玉泉区', '0', '0', '150100', '2016-04-29 16:05:43', '2016-04-29 16:05:43');
INSERT INTO `region` VALUES ('150105', '赛罕区', '0', '0', '150100', '2016-04-29 16:05:43', '2016-04-29 16:05:43');
INSERT INTO `region` VALUES ('150121', '土默特左旗', '0', '0', '150100', '2016-04-29 16:05:43', '2016-04-29 16:05:43');
INSERT INTO `region` VALUES ('150122', '托克托县', '0', '0', '150100', '2016-04-29 16:05:43', '2016-04-29 16:05:43');
INSERT INTO `region` VALUES ('150123', '和林格尔县', '0', '0', '150100', '2016-04-29 16:05:43', '2016-04-29 16:05:43');
INSERT INTO `region` VALUES ('150124', '清水河县', '0', '0', '150100', '2016-04-29 16:05:43', '2016-04-29 16:05:43');
INSERT INTO `region` VALUES ('150125', '武川县', '0', '0', '150100', '2016-04-29 16:05:43', '2016-04-29 16:05:43');
INSERT INTO `region` VALUES ('150201', '市辖区', '0', '0', '150200', '2016-04-29 16:05:43', '2016-04-29 16:05:43');
INSERT INTO `region` VALUES ('150202', '东河区', '0', '0', '150200', '2016-04-29 16:05:43', '2016-04-29 16:05:43');
INSERT INTO `region` VALUES ('150203', '昆都仑区', '0', '0', '150200', '2016-04-29 16:05:43', '2016-04-29 16:05:43');
INSERT INTO `region` VALUES ('150204', '青山区', '0', '0', '150200', '2016-04-29 16:05:43', '2016-04-29 16:05:43');
INSERT INTO `region` VALUES ('150205', '石拐区', '0', '0', '150200', '2016-04-29 16:05:43', '2016-04-29 16:05:43');
INSERT INTO `region` VALUES ('150206', '白云矿区', '0', '0', '150200', '2016-04-29 16:05:43', '2016-04-29 16:05:43');
INSERT INTO `region` VALUES ('150207', '九原区', '0', '0', '150200', '2016-04-29 16:05:43', '2016-04-29 16:05:43');
INSERT INTO `region` VALUES ('150221', '土默特右旗', '0', '0', '150200', '2016-04-29 16:05:43', '2016-04-29 16:05:43');
INSERT INTO `region` VALUES ('150222', '固阳县', '0', '0', '150200', '2016-04-29 16:05:43', '2016-04-29 16:05:43');
INSERT INTO `region` VALUES ('150223', '达尔罕茂明安联合旗', '0', '0', '150200', '2016-04-29 16:05:43', '2016-04-29 16:05:43');
INSERT INTO `region` VALUES ('150301', '市辖区', '0', '0', '150300', '2016-04-29 16:05:43', '2016-04-29 16:05:43');
INSERT INTO `region` VALUES ('150302', '海勃湾区', '0', '0', '150300', '2016-04-29 16:05:43', '2016-04-29 16:05:43');
INSERT INTO `region` VALUES ('150303', '海南区', '0', '0', '150300', '2016-04-29 16:05:43', '2016-04-29 16:05:43');
INSERT INTO `region` VALUES ('150304', '乌达区', '0', '0', '150300', '2016-04-29 16:05:43', '2016-04-29 16:05:43');
INSERT INTO `region` VALUES ('150401', '市辖区', '0', '0', '150400', '2016-04-29 16:05:43', '2016-04-29 16:05:43');
INSERT INTO `region` VALUES ('150402', '红山区', '0', '0', '150400', '2016-04-29 16:05:43', '2016-04-29 16:05:43');
INSERT INTO `region` VALUES ('150403', '元宝山区', '0', '0', '150400', '2016-04-29 16:05:43', '2016-04-29 16:05:43');
INSERT INTO `region` VALUES ('150404', '松山区', '0', '0', '150400', '2016-04-29 16:05:43', '2016-04-29 16:05:43');
INSERT INTO `region` VALUES ('150421', '阿鲁科尔沁旗', '0', '0', '150400', '2016-04-29 16:05:43', '2016-04-29 16:05:43');
INSERT INTO `region` VALUES ('150422', '巴林左旗', '0', '0', '150400', '2016-04-29 16:05:43', '2016-04-29 16:05:43');
INSERT INTO `region` VALUES ('150423', '巴林右旗', '0', '0', '150400', '2016-04-29 16:05:43', '2016-04-29 16:05:43');
INSERT INTO `region` VALUES ('150424', '林西县', '0', '0', '150400', '2016-04-29 16:05:43', '2016-04-29 16:05:43');
INSERT INTO `region` VALUES ('150425', '克什克腾旗', '0', '0', '150400', '2016-04-29 16:05:43', '2016-04-29 16:05:43');
INSERT INTO `region` VALUES ('150426', '翁牛特旗', '0', '0', '150400', '2016-04-29 16:05:43', '2016-04-29 16:05:43');
INSERT INTO `region` VALUES ('150428', '喀喇沁旗', '0', '0', '150400', '2016-04-29 16:05:43', '2016-04-29 16:05:43');
INSERT INTO `region` VALUES ('150429', '宁城县', '0', '0', '150400', '2016-04-29 16:05:43', '2016-04-29 16:05:43');
INSERT INTO `region` VALUES ('150430', '敖汉旗', '0', '0', '150400', '2016-04-29 16:05:43', '2016-04-29 16:05:43');
INSERT INTO `region` VALUES ('150501', '市辖区', '0', '0', '150500', '2016-04-29 16:05:43', '2016-04-29 16:05:43');
INSERT INTO `region` VALUES ('150502', '科尔沁区', '0', '0', '150500', '2016-04-29 16:05:43', '2016-04-29 16:05:43');
INSERT INTO `region` VALUES ('150521', '科尔沁左翼中旗', '0', '0', '150500', '2016-04-29 16:05:43', '2016-04-29 16:05:43');
INSERT INTO `region` VALUES ('150522', '科尔沁左翼后旗', '0', '0', '150500', '2016-04-29 16:05:43', '2016-04-29 16:05:43');
INSERT INTO `region` VALUES ('150523', '开鲁县', '0', '0', '150500', '2016-04-29 16:05:43', '2016-04-29 16:05:43');
INSERT INTO `region` VALUES ('150524', '库伦旗', '0', '0', '150500', '2016-04-29 16:05:43', '2016-04-29 16:05:43');
INSERT INTO `region` VALUES ('150525', '奈曼旗', '0', '0', '150500', '2016-04-29 16:05:43', '2016-04-29 16:05:43');
INSERT INTO `region` VALUES ('150526', '扎鲁特旗', '0', '0', '150500', '2016-04-29 16:05:43', '2016-04-29 16:05:43');
INSERT INTO `region` VALUES ('150581', '霍林郭勒市', '0', '0', '150500', '2016-04-29 16:05:43', '2016-04-29 16:05:43');
INSERT INTO `region` VALUES ('150602', '东胜区', '0', '0', '150600', '2016-04-29 16:05:43', '2016-04-29 16:05:43');
INSERT INTO `region` VALUES ('150621', '达拉特旗', '0', '0', '150600', '2016-04-29 16:05:43', '2016-04-29 16:05:43');
INSERT INTO `region` VALUES ('150622', '准格尔旗', '0', '0', '150600', '2016-04-29 16:05:43', '2016-04-29 16:05:43');
INSERT INTO `region` VALUES ('150623', '鄂托克前旗', '0', '0', '150600', '2016-04-29 16:05:43', '2016-04-29 16:05:43');
INSERT INTO `region` VALUES ('150624', '鄂托克旗', '0', '0', '150600', '2016-04-29 16:05:43', '2016-04-29 16:05:43');
INSERT INTO `region` VALUES ('150625', '杭锦旗', '0', '0', '150600', '2016-04-29 16:05:43', '2016-04-29 16:05:43');
INSERT INTO `region` VALUES ('150626', '乌审旗', '0', '0', '150600', '2016-04-29 16:05:43', '2016-04-29 16:05:43');
INSERT INTO `region` VALUES ('150627', '伊金霍洛旗', '0', '0', '150600', '2016-04-29 16:05:43', '2016-04-29 16:05:43');
INSERT INTO `region` VALUES ('150701', '市辖区', '0', '0', '150700', '2016-04-29 16:05:43', '2016-04-29 16:05:43');
INSERT INTO `region` VALUES ('150702', '海拉尔区', '0', '0', '150700', '2016-04-29 16:05:43', '2016-04-29 16:05:43');
INSERT INTO `region` VALUES ('150721', '阿荣旗', '0', '0', '150700', '2016-04-29 16:05:43', '2016-04-29 16:05:43');
INSERT INTO `region` VALUES ('150722', '莫力达瓦达斡尔族自治旗', '0', '0', '150700', '2016-04-29 16:05:43', '2016-04-29 16:05:43');
INSERT INTO `region` VALUES ('150723', '鄂伦春自治旗', '0', '0', '150700', '2016-04-29 16:05:43', '2016-04-29 16:05:43');
INSERT INTO `region` VALUES ('150724', '鄂温克族自治旗', '0', '0', '150700', '2016-04-29 16:05:43', '2016-04-29 16:05:43');
INSERT INTO `region` VALUES ('150725', '陈巴尔虎旗', '0', '0', '150700', '2016-04-29 16:05:43', '2016-04-29 16:05:43');
INSERT INTO `region` VALUES ('150726', '新巴尔虎左旗', '0', '0', '150700', '2016-04-29 16:05:43', '2016-04-29 16:05:43');
INSERT INTO `region` VALUES ('150727', '新巴尔虎右旗', '0', '0', '150700', '2016-04-29 16:05:43', '2016-04-29 16:05:43');
INSERT INTO `region` VALUES ('150781', '满洲里市', '0', '0', '150700', '2016-04-29 16:05:43', '2016-04-29 16:05:43');
INSERT INTO `region` VALUES ('150782', '牙克石市', '0', '0', '150700', '2016-04-29 16:05:43', '2016-04-29 16:05:43');
INSERT INTO `region` VALUES ('150783', '扎兰屯市', '0', '0', '150700', '2016-04-29 16:05:43', '2016-04-29 16:05:43');
INSERT INTO `region` VALUES ('150784', '额尔古纳市', '0', '0', '150700', '2016-04-29 16:05:43', '2016-04-29 16:05:43');
INSERT INTO `region` VALUES ('150785', '根河市', '0', '0', '150700', '2016-04-29 16:05:43', '2016-04-29 16:05:43');
INSERT INTO `region` VALUES ('150801', '市辖区', '0', '0', '150800', '2016-04-29 16:05:43', '2016-04-29 16:05:43');
INSERT INTO `region` VALUES ('150802', '临河区', '0', '0', '150800', '2016-04-29 16:05:43', '2016-04-29 16:05:43');
INSERT INTO `region` VALUES ('150821', '五原县', '0', '0', '150800', '2016-04-29 16:05:43', '2016-04-29 16:05:43');
INSERT INTO `region` VALUES ('150822', '磴口县', '0', '0', '150800', '2016-04-29 16:05:43', '2016-04-29 16:05:43');
INSERT INTO `region` VALUES ('150823', '乌拉特前旗', '0', '0', '150800', '2016-04-29 16:05:43', '2016-04-29 16:05:43');
INSERT INTO `region` VALUES ('150824', '乌拉特中旗', '0', '0', '150800', '2016-04-29 16:05:43', '2016-04-29 16:05:43');
INSERT INTO `region` VALUES ('150825', '乌拉特后旗', '0', '0', '150800', '2016-04-29 16:05:43', '2016-04-29 16:05:43');
INSERT INTO `region` VALUES ('150826', '杭锦后旗', '0', '0', '150800', '2016-04-29 16:05:43', '2016-04-29 16:05:43');
INSERT INTO `region` VALUES ('150901', '市辖区', '0', '0', '150900', '2016-04-29 16:05:43', '2016-04-29 16:05:43');
INSERT INTO `region` VALUES ('150902', '集宁区', '0', '0', '150900', '2016-04-29 16:05:43', '2016-04-29 16:05:43');
INSERT INTO `region` VALUES ('150921', '卓资县', '0', '0', '150900', '2016-04-29 16:05:43', '2016-04-29 16:05:43');
INSERT INTO `region` VALUES ('150922', '化德县', '0', '0', '150900', '2016-04-29 16:05:43', '2016-04-29 16:05:43');
INSERT INTO `region` VALUES ('150923', '商都县', '0', '0', '150900', '2016-04-29 16:05:43', '2016-04-29 16:05:43');
INSERT INTO `region` VALUES ('150924', '兴和县', '0', '0', '150900', '2016-04-29 16:05:43', '2016-04-29 16:05:43');
INSERT INTO `region` VALUES ('150925', '凉城县', '0', '0', '150900', '2016-04-29 16:05:43', '2016-04-29 16:05:43');
INSERT INTO `region` VALUES ('150926', '察哈尔右翼前旗', '0', '0', '150900', '2016-04-29 16:05:43', '2016-04-29 16:05:43');
INSERT INTO `region` VALUES ('150927', '察哈尔右翼中旗', '0', '0', '150900', '2016-04-29 16:05:43', '2016-04-29 16:05:43');
INSERT INTO `region` VALUES ('150928', '察哈尔右翼后旗', '0', '0', '150900', '2016-04-29 16:05:43', '2016-04-29 16:05:43');
INSERT INTO `region` VALUES ('150929', '四子王旗', '0', '0', '150900', '2016-04-29 16:05:43', '2016-04-29 16:05:43');
INSERT INTO `region` VALUES ('150981', '丰镇市', '0', '0', '150900', '2016-04-29 16:05:43', '2016-04-29 16:05:43');
INSERT INTO `region` VALUES ('152201', '乌兰浩特市', '0', '0', '152200', '2016-04-29 16:05:43', '2016-04-29 16:05:43');
INSERT INTO `region` VALUES ('152202', '阿尔山市', '0', '0', '152200', '2016-04-29 16:05:43', '2016-04-29 16:05:43');
INSERT INTO `region` VALUES ('152221', '科尔沁右翼前旗', '0', '0', '152200', '2016-04-29 16:05:43', '2016-04-29 16:05:43');
INSERT INTO `region` VALUES ('152222', '科尔沁右翼中旗', '0', '0', '152200', '2016-04-29 16:05:43', '2016-04-29 16:05:43');
INSERT INTO `region` VALUES ('152223', '扎赉特旗', '0', '0', '152200', '2016-04-29 16:05:43', '2016-04-29 16:05:43');
INSERT INTO `region` VALUES ('152224', '突泉县', '0', '0', '152200', '2016-04-29 16:05:43', '2016-04-29 16:05:43');
INSERT INTO `region` VALUES ('152501', '二连浩特市', '0', '0', '152500', '2016-04-29 16:05:43', '2016-04-29 16:05:43');
INSERT INTO `region` VALUES ('152502', '锡林浩特市', '0', '0', '152500', '2016-04-29 16:05:43', '2016-04-29 16:05:43');
INSERT INTO `region` VALUES ('152522', '阿巴嘎旗', '0', '0', '152500', '2016-04-29 16:05:43', '2016-04-29 16:05:43');
INSERT INTO `region` VALUES ('152523', '苏尼特左旗', '0', '0', '152500', '2016-04-29 16:05:43', '2016-04-29 16:05:43');
INSERT INTO `region` VALUES ('152524', '苏尼特右旗', '0', '0', '152500', '2016-04-29 16:05:43', '2016-04-29 16:05:43');
INSERT INTO `region` VALUES ('152525', '东乌珠穆沁旗', '0', '0', '152500', '2016-04-29 16:05:43', '2016-04-29 16:05:43');
INSERT INTO `region` VALUES ('152526', '西乌珠穆沁旗', '0', '0', '152500', '2016-04-29 16:05:43', '2016-04-29 16:05:43');
INSERT INTO `region` VALUES ('152527', '太仆寺旗', '0', '0', '152500', '2016-04-29 16:05:43', '2016-04-29 16:05:43');
INSERT INTO `region` VALUES ('152528', '镶黄旗', '0', '0', '152500', '2016-04-29 16:05:43', '2016-04-29 16:05:43');
INSERT INTO `region` VALUES ('152529', '正镶白旗', '0', '0', '152500', '2016-04-29 16:05:43', '2016-04-29 16:05:43');
INSERT INTO `region` VALUES ('152530', '正蓝旗', '0', '0', '152500', '2016-04-29 16:05:43', '2016-04-29 16:05:43');
INSERT INTO `region` VALUES ('152531', '多伦县', '0', '0', '152500', '2016-04-29 16:05:43', '2016-04-29 16:05:43');
INSERT INTO `region` VALUES ('152921', '阿拉善左旗', '0', '0', '152900', '2016-04-29 16:05:43', '2016-04-29 16:05:43');
INSERT INTO `region` VALUES ('152922', '阿拉善右旗', '0', '0', '152900', '2016-04-29 16:05:43', '2016-04-29 16:05:43');
INSERT INTO `region` VALUES ('152923', '额济纳旗', '0', '0', '152900', '2016-04-29 16:05:43', '2016-04-29 16:05:43');
INSERT INTO `region` VALUES ('210101', '市辖区', '0', '0', '210100', '2016-04-29 16:05:43', '2016-04-29 16:05:43');
INSERT INTO `region` VALUES ('210102', '和平区', '0', '0', '210100', '2016-04-29 16:05:43', '2016-04-29 16:05:43');
INSERT INTO `region` VALUES ('210103', '沈河区', '0', '0', '210100', '2016-04-29 16:05:43', '2016-04-29 16:05:43');
INSERT INTO `region` VALUES ('210104', '大东区', '0', '0', '210100', '2016-04-29 16:05:43', '2016-04-29 16:05:43');
INSERT INTO `region` VALUES ('210105', '皇姑区', '0', '0', '210100', '2016-04-29 16:05:43', '2016-04-29 16:05:43');
INSERT INTO `region` VALUES ('210106', '铁西区', '0', '0', '210100', '2016-04-29 16:05:43', '2016-04-29 16:05:43');
INSERT INTO `region` VALUES ('210111', '苏家屯区', '0', '0', '210100', '2016-04-29 16:05:43', '2016-04-29 16:05:43');
INSERT INTO `region` VALUES ('210112', '东陵区', '0', '0', '210100', '2016-04-29 16:05:43', '2016-04-29 16:05:43');
INSERT INTO `region` VALUES ('210113', '新城子区', '0', '0', '210100', '2016-04-29 16:05:43', '2016-04-29 16:05:43');
INSERT INTO `region` VALUES ('210114', '于洪区', '0', '0', '210100', '2016-04-29 16:05:43', '2016-04-29 16:05:43');
INSERT INTO `region` VALUES ('210122', '辽中县', '0', '0', '210100', '2016-04-29 16:05:43', '2016-04-29 16:05:43');
INSERT INTO `region` VALUES ('210123', '康平县', '0', '0', '210100', '2016-04-29 16:05:43', '2016-04-29 16:05:43');
INSERT INTO `region` VALUES ('210124', '法库县', '0', '0', '210100', '2016-04-29 16:05:43', '2016-04-29 16:05:43');
INSERT INTO `region` VALUES ('210181', '新民市', '0', '0', '210100', '2016-04-29 16:05:43', '2016-04-29 16:05:43');
INSERT INTO `region` VALUES ('210201', '市辖区', '0', '0', '210200', '2016-04-29 16:05:43', '2016-04-29 16:05:43');
INSERT INTO `region` VALUES ('210202', '中山区', '0', '0', '210200', '2016-04-29 16:05:43', '2016-04-29 16:05:43');
INSERT INTO `region` VALUES ('210203', '西岗区', '0', '0', '210200', '2016-04-29 16:05:43', '2016-04-29 16:05:43');
INSERT INTO `region` VALUES ('210204', '沙河口区', '0', '0', '210200', '2016-04-29 16:05:43', '2016-04-29 16:05:43');
INSERT INTO `region` VALUES ('210211', '甘井子区', '0', '0', '210200', '2016-04-29 16:05:43', '2016-04-29 16:05:43');
INSERT INTO `region` VALUES ('210212', '旅顺口区', '0', '0', '210200', '2016-04-29 16:05:43', '2016-04-29 16:05:43');
INSERT INTO `region` VALUES ('210213', '金州区', '0', '0', '210200', '2016-04-29 16:05:43', '2016-04-29 16:05:43');
INSERT INTO `region` VALUES ('210224', '长海县', '0', '0', '210200', '2016-04-29 16:05:43', '2016-04-29 16:05:43');
INSERT INTO `region` VALUES ('210281', '瓦房店市', '0', '0', '210200', '2016-04-29 16:05:43', '2016-04-29 16:05:43');
INSERT INTO `region` VALUES ('210282', '普兰店市', '0', '0', '210200', '2016-04-29 16:05:43', '2016-04-29 16:05:43');
INSERT INTO `region` VALUES ('210283', '庄河市', '0', '0', '210200', '2016-04-29 16:05:43', '2016-04-29 16:05:43');
INSERT INTO `region` VALUES ('210301', '市辖区', '0', '0', '210300', '2016-04-29 16:05:43', '2016-04-29 16:05:43');
INSERT INTO `region` VALUES ('210302', '铁东区', '0', '0', '210300', '2016-04-29 16:05:43', '2016-04-29 16:05:43');
INSERT INTO `region` VALUES ('210303', '铁西区', '0', '0', '210300', '2016-04-29 16:05:43', '2016-04-29 16:05:43');
INSERT INTO `region` VALUES ('210304', '立山区', '0', '0', '210300', '2016-04-29 16:05:43', '2016-04-29 16:05:43');
INSERT INTO `region` VALUES ('210311', '千山区', '0', '0', '210300', '2016-04-29 16:05:43', '2016-04-29 16:05:43');
INSERT INTO `region` VALUES ('210321', '台安县', '0', '0', '210300', '2016-04-29 16:05:43', '2016-04-29 16:05:43');
INSERT INTO `region` VALUES ('210323', '岫岩满族自治县', '0', '0', '210300', '2016-04-29 16:05:43', '2016-04-29 16:05:43');
INSERT INTO `region` VALUES ('210381', '海城市', '0', '0', '210300', '2016-04-29 16:05:43', '2016-04-29 16:05:43');
INSERT INTO `region` VALUES ('210401', '市辖区', '0', '0', '210400', '2016-04-29 16:05:43', '2016-04-29 16:05:43');
INSERT INTO `region` VALUES ('210402', '新抚区', '0', '0', '210400', '2016-04-29 16:05:43', '2016-04-29 16:05:43');
INSERT INTO `region` VALUES ('210403', '东洲区', '0', '0', '210400', '2016-04-29 16:05:43', '2016-04-29 16:05:43');
INSERT INTO `region` VALUES ('210404', '望花区', '0', '0', '210400', '2016-04-29 16:05:43', '2016-04-29 16:05:43');
INSERT INTO `region` VALUES ('210411', '顺城区', '0', '0', '210400', '2016-04-29 16:05:43', '2016-04-29 16:05:43');
INSERT INTO `region` VALUES ('210421', '抚顺县', '0', '0', '210400', '2016-04-29 16:05:43', '2016-04-29 16:05:43');
INSERT INTO `region` VALUES ('210422', '新宾满族自治县', '0', '0', '210400', '2016-04-29 16:05:43', '2016-04-29 16:05:43');
INSERT INTO `region` VALUES ('210423', '清原满族自治县', '0', '0', '210400', '2016-04-29 16:05:43', '2016-04-29 16:05:43');
INSERT INTO `region` VALUES ('210501', '市辖区', '0', '0', '210500', '2016-04-29 16:05:43', '2016-04-29 16:05:43');
INSERT INTO `region` VALUES ('210502', '平山区', '0', '0', '210500', '2016-04-29 16:05:43', '2016-04-29 16:05:43');
INSERT INTO `region` VALUES ('210503', '溪湖区', '0', '0', '210500', '2016-04-29 16:05:43', '2016-04-29 16:05:43');
INSERT INTO `region` VALUES ('210504', '明山区', '0', '0', '210500', '2016-04-29 16:05:43', '2016-04-29 16:05:43');
INSERT INTO `region` VALUES ('210505', '南芬区', '0', '0', '210500', '2016-04-29 16:05:43', '2016-04-29 16:05:43');
INSERT INTO `region` VALUES ('210521', '本溪满族自治县', '0', '0', '210500', '2016-04-29 16:05:43', '2016-04-29 16:05:43');
INSERT INTO `region` VALUES ('210522', '桓仁满族自治县', '0', '0', '210500', '2016-04-29 16:05:43', '2016-04-29 16:05:43');
INSERT INTO `region` VALUES ('210601', '市辖区', '0', '0', '210600', '2016-04-29 16:05:43', '2016-04-29 16:05:43');
INSERT INTO `region` VALUES ('210602', '元宝区', '0', '0', '210600', '2016-04-29 16:05:43', '2016-04-29 16:05:43');
INSERT INTO `region` VALUES ('210603', '振兴区', '0', '0', '210600', '2016-04-29 16:05:43', '2016-04-29 16:05:43');
INSERT INTO `region` VALUES ('210604', '振安区', '0', '0', '210600', '2016-04-29 16:05:43', '2016-04-29 16:05:43');
INSERT INTO `region` VALUES ('210624', '宽甸满族自治县', '0', '0', '210600', '2016-04-29 16:05:43', '2016-04-29 16:05:43');
INSERT INTO `region` VALUES ('210681', '东港市', '0', '0', '210600', '2016-04-29 16:05:43', '2016-04-29 16:05:43');
INSERT INTO `region` VALUES ('210682', '凤城市', '0', '0', '210600', '2016-04-29 16:05:43', '2016-04-29 16:05:43');
INSERT INTO `region` VALUES ('210701', '市辖区', '0', '0', '210700', '2016-04-29 16:05:43', '2016-04-29 16:05:43');
INSERT INTO `region` VALUES ('210702', '古塔区', '0', '0', '210700', '2016-04-29 16:05:43', '2016-04-29 16:05:43');
INSERT INTO `region` VALUES ('210703', '凌河区', '0', '0', '210700', '2016-04-29 16:05:43', '2016-04-29 16:05:43');
INSERT INTO `region` VALUES ('210711', '太和区', '0', '0', '210700', '2016-04-29 16:05:43', '2016-04-29 16:05:43');
INSERT INTO `region` VALUES ('210726', '黑山县', '0', '0', '210700', '2016-04-29 16:05:43', '2016-04-29 16:05:43');
INSERT INTO `region` VALUES ('210727', '义　县', '0', '0', '210700', '2016-04-29 16:05:43', '2016-04-29 16:05:43');
INSERT INTO `region` VALUES ('210781', '凌海市', '0', '0', '210700', '2016-04-29 16:05:43', '2016-04-29 16:05:43');
INSERT INTO `region` VALUES ('210782', '北宁市', '0', '0', '210700', '2016-04-29 16:05:43', '2016-04-29 16:05:43');
INSERT INTO `region` VALUES ('210801', '市辖区', '0', '0', '210800', '2016-04-29 16:05:43', '2016-04-29 16:05:43');
INSERT INTO `region` VALUES ('210802', '站前区', '0', '0', '210800', '2016-04-29 16:05:43', '2016-04-29 16:05:43');
INSERT INTO `region` VALUES ('210803', '西市区', '0', '0', '210800', '2016-04-29 16:05:43', '2016-04-29 16:05:43');
INSERT INTO `region` VALUES ('210804', '鲅鱼圈区', '0', '0', '210800', '2016-04-29 16:05:43', '2016-04-29 16:05:43');
INSERT INTO `region` VALUES ('210811', '老边区', '0', '0', '210800', '2016-04-29 16:05:43', '2016-04-29 16:05:43');
INSERT INTO `region` VALUES ('210881', '盖州市', '0', '0', '210800', '2016-04-29 16:05:43', '2016-04-29 16:05:43');
INSERT INTO `region` VALUES ('210882', '大石桥市', '0', '0', '210800', '2016-04-29 16:05:43', '2016-04-29 16:05:43');
INSERT INTO `region` VALUES ('210901', '市辖区', '0', '0', '210900', '2016-04-29 16:05:43', '2016-04-29 16:05:43');
INSERT INTO `region` VALUES ('210902', '海州区', '0', '0', '210900', '2016-04-29 16:05:43', '2016-04-29 16:05:43');
INSERT INTO `region` VALUES ('210903', '新邱区', '0', '0', '210900', '2016-04-29 16:05:43', '2016-04-29 16:05:43');
INSERT INTO `region` VALUES ('210904', '太平区', '0', '0', '210900', '2016-04-29 16:05:43', '2016-04-29 16:05:43');
INSERT INTO `region` VALUES ('210905', '清河门区', '0', '0', '210900', '2016-04-29 16:05:43', '2016-04-29 16:05:43');
INSERT INTO `region` VALUES ('210911', '细河区', '0', '0', '210900', '2016-04-29 16:05:43', '2016-04-29 16:05:43');
INSERT INTO `region` VALUES ('210921', '阜新蒙古族自治县', '0', '0', '210900', '2016-04-29 16:05:43', '2016-04-29 16:05:43');
INSERT INTO `region` VALUES ('210922', '彰武县', '0', '0', '210900', '2016-04-29 16:05:43', '2016-04-29 16:05:43');
INSERT INTO `region` VALUES ('211001', '市辖区', '0', '0', '211000', '2016-04-29 16:05:43', '2016-04-29 16:05:43');
INSERT INTO `region` VALUES ('211002', '白塔区', '0', '0', '211000', '2016-04-29 16:05:43', '2016-04-29 16:05:43');
INSERT INTO `region` VALUES ('211003', '文圣区', '0', '0', '211000', '2016-04-29 16:05:43', '2016-04-29 16:05:43');
INSERT INTO `region` VALUES ('211004', '宏伟区', '0', '0', '211000', '2016-04-29 16:05:43', '2016-04-29 16:05:43');
INSERT INTO `region` VALUES ('211005', '弓长岭区', '0', '0', '211000', '2016-04-29 16:05:43', '2016-04-29 16:05:43');
INSERT INTO `region` VALUES ('211011', '太子河区', '0', '0', '211000', '2016-04-29 16:05:43', '2016-04-29 16:05:43');
INSERT INTO `region` VALUES ('211021', '辽阳县', '0', '0', '211000', '2016-04-29 16:05:43', '2016-04-29 16:05:43');
INSERT INTO `region` VALUES ('211081', '灯塔市', '0', '0', '211000', '2016-04-29 16:05:43', '2016-04-29 16:05:43');
INSERT INTO `region` VALUES ('211101', '市辖区', '0', '0', '211100', '2016-04-29 16:05:43', '2016-04-29 16:05:43');
INSERT INTO `region` VALUES ('211102', '双台子区', '0', '0', '211100', '2016-04-29 16:05:43', '2016-04-29 16:05:43');
INSERT INTO `region` VALUES ('211103', '兴隆台区', '0', '0', '211100', '2016-04-29 16:05:43', '2016-04-29 16:05:43');
INSERT INTO `region` VALUES ('211121', '大洼县', '0', '0', '211100', '2016-04-29 16:05:43', '2016-04-29 16:05:43');
INSERT INTO `region` VALUES ('211122', '盘山县', '0', '0', '211100', '2016-04-29 16:05:43', '2016-04-29 16:05:43');
INSERT INTO `region` VALUES ('211201', '市辖区', '0', '0', '211200', '2016-04-29 16:05:43', '2016-04-29 16:05:43');
INSERT INTO `region` VALUES ('211202', '银州区', '0', '0', '211200', '2016-04-29 16:05:43', '2016-04-29 16:05:43');
INSERT INTO `region` VALUES ('211204', '清河区', '0', '0', '211200', '2016-04-29 16:05:43', '2016-04-29 16:05:43');
INSERT INTO `region` VALUES ('211221', '铁岭县', '0', '0', '211200', '2016-04-29 16:05:43', '2016-04-29 16:05:43');
INSERT INTO `region` VALUES ('211223', '西丰县', '0', '0', '211200', '2016-04-29 16:05:43', '2016-04-29 16:05:43');
INSERT INTO `region` VALUES ('211224', '昌图县', '0', '0', '211200', '2016-04-29 16:05:43', '2016-04-29 16:05:43');
INSERT INTO `region` VALUES ('211281', '调兵山市', '0', '0', '211200', '2016-04-29 16:05:43', '2016-04-29 16:05:43');
INSERT INTO `region` VALUES ('211282', '开原市', '0', '0', '211200', '2016-04-29 16:05:43', '2016-04-29 16:05:43');
INSERT INTO `region` VALUES ('211301', '市辖区', '0', '0', '211300', '2016-04-29 16:05:43', '2016-04-29 16:05:43');
INSERT INTO `region` VALUES ('211302', '双塔区', '0', '0', '211300', '2016-04-29 16:05:43', '2016-04-29 16:05:43');
INSERT INTO `region` VALUES ('211303', '龙城区', '0', '0', '211300', '2016-04-29 16:05:43', '2016-04-29 16:05:43');
INSERT INTO `region` VALUES ('211321', '朝阳县', '0', '0', '211300', '2016-04-29 16:05:43', '2016-04-29 16:05:43');
INSERT INTO `region` VALUES ('211322', '建平县', '0', '0', '211300', '2016-04-29 16:05:43', '2016-04-29 16:05:43');
INSERT INTO `region` VALUES ('211324', '喀喇沁左翼蒙古族自治县', '0', '0', '211300', '2016-04-29 16:05:43', '2016-04-29 16:05:43');
INSERT INTO `region` VALUES ('211381', '北票市', '0', '0', '211300', '2016-04-29 16:05:43', '2016-04-29 16:05:43');
INSERT INTO `region` VALUES ('211382', '凌源市', '0', '0', '211300', '2016-04-29 16:05:43', '2016-04-29 16:05:43');
INSERT INTO `region` VALUES ('211401', '市辖区', '0', '0', '211400', '2016-04-29 16:05:43', '2016-04-29 16:05:43');
INSERT INTO `region` VALUES ('211402', '连山区', '0', '0', '211400', '2016-04-29 16:05:43', '2016-04-29 16:05:43');
INSERT INTO `region` VALUES ('211403', '龙港区', '0', '0', '211400', '2016-04-29 16:05:43', '2016-04-29 16:05:43');
INSERT INTO `region` VALUES ('211404', '南票区', '0', '0', '211400', '2016-04-29 16:05:43', '2016-04-29 16:05:43');
INSERT INTO `region` VALUES ('211421', '绥中县', '0', '0', '211400', '2016-04-29 16:05:43', '2016-04-29 16:05:43');
INSERT INTO `region` VALUES ('211422', '建昌县', '0', '0', '211400', '2016-04-29 16:05:43', '2016-04-29 16:05:43');
INSERT INTO `region` VALUES ('211481', '兴城市', '0', '0', '211400', '2016-04-29 16:05:43', '2016-04-29 16:05:43');
INSERT INTO `region` VALUES ('220101', '市辖区', '0', '0', '220100', '2016-04-29 16:05:43', '2016-04-29 16:05:43');
INSERT INTO `region` VALUES ('220102', '南关区', '0', '0', '220100', '2016-04-29 16:05:43', '2016-04-29 16:05:43');
INSERT INTO `region` VALUES ('220103', '宽城区', '0', '0', '220100', '2016-04-29 16:05:43', '2016-04-29 16:05:43');
INSERT INTO `region` VALUES ('220104', '朝阳区', '0', '0', '220100', '2016-04-29 16:05:43', '2016-04-29 16:05:43');
INSERT INTO `region` VALUES ('220105', '二道区', '0', '0', '220100', '2016-04-29 16:05:43', '2016-04-29 16:05:43');
INSERT INTO `region` VALUES ('220106', '绿园区', '0', '0', '220100', '2016-04-29 16:05:43', '2016-04-29 16:05:43');
INSERT INTO `region` VALUES ('220112', '双阳区', '0', '0', '220100', '2016-04-29 16:05:43', '2016-04-29 16:05:43');
INSERT INTO `region` VALUES ('220122', '农安县', '0', '0', '220100', '2016-04-29 16:05:43', '2016-04-29 16:05:43');
INSERT INTO `region` VALUES ('220181', '九台市', '0', '0', '220100', '2016-04-29 16:05:43', '2016-04-29 16:05:43');
INSERT INTO `region` VALUES ('220182', '榆树市', '0', '0', '220100', '2016-04-29 16:05:43', '2016-04-29 16:05:43');
INSERT INTO `region` VALUES ('220183', '德惠市', '0', '0', '220100', '2016-04-29 16:05:43', '2016-04-29 16:05:43');
INSERT INTO `region` VALUES ('220201', '市辖区', '0', '0', '220200', '2016-04-29 16:05:43', '2016-04-29 16:05:43');
INSERT INTO `region` VALUES ('220202', '昌邑区', '0', '0', '220200', '2016-04-29 16:05:43', '2016-04-29 16:05:43');
INSERT INTO `region` VALUES ('220203', '龙潭区', '0', '0', '220200', '2016-04-29 16:05:43', '2016-04-29 16:05:43');
INSERT INTO `region` VALUES ('220204', '船营区', '0', '0', '220200', '2016-04-29 16:05:43', '2016-04-29 16:05:43');
INSERT INTO `region` VALUES ('220211', '丰满区', '0', '0', '220200', '2016-04-29 16:05:43', '2016-04-29 16:05:43');
INSERT INTO `region` VALUES ('220221', '永吉县', '0', '0', '220200', '2016-04-29 16:05:43', '2016-04-29 16:05:43');
INSERT INTO `region` VALUES ('220281', '蛟河市', '0', '0', '220200', '2016-04-29 16:05:43', '2016-04-29 16:05:43');
INSERT INTO `region` VALUES ('220282', '桦甸市', '0', '0', '220200', '2016-04-29 16:05:43', '2016-04-29 16:05:43');
INSERT INTO `region` VALUES ('220283', '舒兰市', '0', '0', '220200', '2016-04-29 16:05:43', '2016-04-29 16:05:43');
INSERT INTO `region` VALUES ('220284', '磐石市', '0', '0', '220200', '2016-04-29 16:05:43', '2016-04-29 16:05:43');
INSERT INTO `region` VALUES ('220301', '市辖区', '0', '0', '220300', '2016-04-29 16:05:43', '2016-04-29 16:05:43');
INSERT INTO `region` VALUES ('220302', '铁西区', '0', '0', '220300', '2016-04-29 16:05:43', '2016-04-29 16:05:43');
INSERT INTO `region` VALUES ('220303', '铁东区', '0', '0', '220300', '2016-04-29 16:05:43', '2016-04-29 16:05:43');
INSERT INTO `region` VALUES ('220322', '梨树县', '0', '0', '220300', '2016-04-29 16:05:43', '2016-04-29 16:05:43');
INSERT INTO `region` VALUES ('220323', '伊通满族自治县', '0', '0', '220300', '2016-04-29 16:05:43', '2016-04-29 16:05:43');
INSERT INTO `region` VALUES ('220381', '公主岭市', '0', '0', '220300', '2016-04-29 16:05:43', '2016-04-29 16:05:43');
INSERT INTO `region` VALUES ('220382', '双辽市', '0', '0', '220300', '2016-04-29 16:05:43', '2016-04-29 16:05:43');
INSERT INTO `region` VALUES ('220401', '市辖区', '0', '0', '220400', '2016-04-29 16:05:43', '2016-04-29 16:05:43');
INSERT INTO `region` VALUES ('220402', '龙山区', '0', '0', '220400', '2016-04-29 16:05:43', '2016-04-29 16:05:43');
INSERT INTO `region` VALUES ('220403', '西安区', '0', '0', '220400', '2016-04-29 16:05:43', '2016-04-29 16:05:43');
INSERT INTO `region` VALUES ('220421', '东丰县', '0', '0', '220400', '2016-04-29 16:05:43', '2016-04-29 16:05:43');
INSERT INTO `region` VALUES ('220422', '东辽县', '0', '0', '220400', '2016-04-29 16:05:43', '2016-04-29 16:05:43');
INSERT INTO `region` VALUES ('220501', '市辖区', '0', '0', '220500', '2016-04-29 16:05:43', '2016-04-29 16:05:43');
INSERT INTO `region` VALUES ('220502', '东昌区', '0', '0', '220500', '2016-04-29 16:05:43', '2016-04-29 16:05:43');
INSERT INTO `region` VALUES ('220503', '二道江区', '0', '0', '220500', '2016-04-29 16:05:43', '2016-04-29 16:05:43');
INSERT INTO `region` VALUES ('220521', '通化县', '0', '0', '220500', '2016-04-29 16:05:43', '2016-04-29 16:05:43');
INSERT INTO `region` VALUES ('220523', '辉南县', '0', '0', '220500', '2016-04-29 16:05:43', '2016-04-29 16:05:43');
INSERT INTO `region` VALUES ('220524', '柳河县', '0', '0', '220500', '2016-04-29 16:05:43', '2016-04-29 16:05:43');
INSERT INTO `region` VALUES ('220581', '梅河口市', '0', '0', '220500', '2016-04-29 16:05:43', '2016-04-29 16:05:43');
INSERT INTO `region` VALUES ('220582', '集安市', '0', '0', '220500', '2016-04-29 16:05:43', '2016-04-29 16:05:43');
INSERT INTO `region` VALUES ('220601', '市辖区', '0', '0', '220600', '2016-04-29 16:05:43', '2016-04-29 16:05:43');
INSERT INTO `region` VALUES ('220602', '八道江区', '0', '0', '220600', '2016-04-29 16:05:43', '2016-04-29 16:05:43');
INSERT INTO `region` VALUES ('220621', '抚松县', '0', '0', '220600', '2016-04-29 16:05:43', '2016-04-29 16:05:43');
INSERT INTO `region` VALUES ('220622', '靖宇县', '0', '0', '220600', '2016-04-29 16:05:43', '2016-04-29 16:05:43');
INSERT INTO `region` VALUES ('220623', '长白朝鲜族自治县', '0', '0', '220600', '2016-04-29 16:05:43', '2016-04-29 16:05:43');
INSERT INTO `region` VALUES ('220625', '江源县', '0', '0', '220600', '2016-04-29 16:05:43', '2016-04-29 16:05:43');
INSERT INTO `region` VALUES ('220681', '临江市', '0', '0', '220600', '2016-04-29 16:05:43', '2016-04-29 16:05:43');
INSERT INTO `region` VALUES ('220701', '市辖区', '0', '0', '220700', '2016-04-29 16:05:43', '2016-04-29 16:05:43');
INSERT INTO `region` VALUES ('220702', '宁江区', '0', '0', '220700', '2016-04-29 16:05:43', '2016-04-29 16:05:43');
INSERT INTO `region` VALUES ('220721', '前郭尔罗斯蒙古族自治县', '0', '0', '220700', '2016-04-29 16:05:43', '2016-04-29 16:05:43');
INSERT INTO `region` VALUES ('220722', '长岭县', '0', '0', '220700', '2016-04-29 16:05:43', '2016-04-29 16:05:43');
INSERT INTO `region` VALUES ('220723', '乾安县', '0', '0', '220700', '2016-04-29 16:05:43', '2016-04-29 16:05:43');
INSERT INTO `region` VALUES ('220724', '扶余县', '0', '0', '220700', '2016-04-29 16:05:43', '2016-04-29 16:05:43');
INSERT INTO `region` VALUES ('220801', '市辖区', '0', '0', '220800', '2016-04-29 16:05:43', '2016-04-29 16:05:43');
INSERT INTO `region` VALUES ('220802', '洮北区', '0', '0', '220800', '2016-04-29 16:05:43', '2016-04-29 16:05:43');
INSERT INTO `region` VALUES ('220821', '镇赉县', '0', '0', '220800', '2016-04-29 16:05:43', '2016-04-29 16:05:43');
INSERT INTO `region` VALUES ('220822', '通榆县', '0', '0', '220800', '2016-04-29 16:05:43', '2016-04-29 16:05:43');
INSERT INTO `region` VALUES ('220881', '洮南市', '0', '0', '220800', '2016-04-29 16:05:43', '2016-04-29 16:05:43');
INSERT INTO `region` VALUES ('220882', '大安市', '0', '0', '220800', '2016-04-29 16:05:43', '2016-04-29 16:05:43');
INSERT INTO `region` VALUES ('222401', '延吉市', '0', '0', '222400', '2016-04-29 16:05:43', '2016-04-29 16:05:43');
INSERT INTO `region` VALUES ('222402', '图们市', '0', '0', '222400', '2016-04-29 16:05:43', '2016-04-29 16:05:43');
INSERT INTO `region` VALUES ('222403', '敦化市', '0', '0', '222400', '2016-04-29 16:05:43', '2016-04-29 16:05:43');
INSERT INTO `region` VALUES ('222404', '珲春市', '0', '0', '222400', '2016-04-29 16:05:43', '2016-04-29 16:05:43');
INSERT INTO `region` VALUES ('222405', '龙井市', '0', '0', '222400', '2016-04-29 16:05:43', '2016-04-29 16:05:43');
INSERT INTO `region` VALUES ('222406', '和龙市', '0', '0', '222400', '2016-04-29 16:05:43', '2016-04-29 16:05:43');
INSERT INTO `region` VALUES ('222424', '汪清县', '0', '0', '222400', '2016-04-29 16:05:43', '2016-04-29 16:05:43');
INSERT INTO `region` VALUES ('222426', '安图县', '0', '0', '222400', '2016-04-29 16:05:43', '2016-04-29 16:05:43');
INSERT INTO `region` VALUES ('230101', '市辖区', '0', '0', '230100', '2016-04-29 16:05:43', '2016-04-29 16:05:43');
INSERT INTO `region` VALUES ('230102', '道里区', '0', '0', '230100', '2016-04-29 16:05:43', '2016-04-29 16:05:43');
INSERT INTO `region` VALUES ('230103', '南岗区', '0', '0', '230100', '2016-04-29 16:05:43', '2016-04-29 16:05:43');
INSERT INTO `region` VALUES ('230104', '道外区', '0', '0', '230100', '2016-04-29 16:05:43', '2016-04-29 16:05:43');
INSERT INTO `region` VALUES ('230106', '香坊区', '0', '0', '230100', '2016-04-29 16:05:43', '2016-04-29 16:05:43');
INSERT INTO `region` VALUES ('230107', '动力区', '0', '0', '230100', '2016-04-29 16:05:43', '2016-04-29 16:05:43');
INSERT INTO `region` VALUES ('230108', '平房区', '0', '0', '230100', '2016-04-29 16:05:43', '2016-04-29 16:05:43');
INSERT INTO `region` VALUES ('230109', '松北区', '0', '0', '230100', '2016-04-29 16:05:43', '2016-04-29 16:05:43');
INSERT INTO `region` VALUES ('230111', '呼兰区', '0', '0', '230100', '2016-04-29 16:05:43', '2016-04-29 16:05:43');
INSERT INTO `region` VALUES ('230123', '依兰县', '0', '0', '230100', '2016-04-29 16:05:43', '2016-04-29 16:05:43');
INSERT INTO `region` VALUES ('230124', '方正县', '0', '0', '230100', '2016-04-29 16:05:43', '2016-04-29 16:05:43');
INSERT INTO `region` VALUES ('230125', '宾　县', '0', '0', '230100', '2016-04-29 16:05:43', '2016-04-29 16:05:43');
INSERT INTO `region` VALUES ('230126', '巴彦县', '0', '0', '230100', '2016-04-29 16:05:43', '2016-04-29 16:05:43');
INSERT INTO `region` VALUES ('230127', '木兰县', '0', '0', '230100', '2016-04-29 16:05:43', '2016-04-29 16:05:43');
INSERT INTO `region` VALUES ('230128', '通河县', '0', '0', '230100', '2016-04-29 16:05:43', '2016-04-29 16:05:43');
INSERT INTO `region` VALUES ('230129', '延寿县', '0', '0', '230100', '2016-04-29 16:05:43', '2016-04-29 16:05:43');
INSERT INTO `region` VALUES ('230181', '阿城市', '0', '0', '230100', '2016-04-29 16:05:43', '2016-04-29 16:05:43');
INSERT INTO `region` VALUES ('230182', '双城市', '0', '0', '230100', '2016-04-29 16:05:43', '2016-04-29 16:05:43');
INSERT INTO `region` VALUES ('230183', '尚志市', '0', '0', '230100', '2016-04-29 16:05:43', '2016-04-29 16:05:43');
INSERT INTO `region` VALUES ('230184', '五常市', '0', '0', '230100', '2016-04-29 16:05:43', '2016-04-29 16:05:43');
INSERT INTO `region` VALUES ('230201', '市辖区', '0', '0', '230200', '2016-04-29 16:05:43', '2016-04-29 16:05:43');
INSERT INTO `region` VALUES ('230202', '龙沙区', '0', '0', '230200', '2016-04-29 16:05:43', '2016-04-29 16:05:43');
INSERT INTO `region` VALUES ('230203', '建华区', '0', '0', '230200', '2016-04-29 16:05:43', '2016-04-29 16:05:43');
INSERT INTO `region` VALUES ('230204', '铁锋区', '0', '0', '230200', '2016-04-29 16:05:43', '2016-04-29 16:05:43');
INSERT INTO `region` VALUES ('230205', '昂昂溪区', '0', '0', '230200', '2016-04-29 16:05:43', '2016-04-29 16:05:43');
INSERT INTO `region` VALUES ('230206', '富拉尔基区', '0', '0', '230200', '2016-04-29 16:05:43', '2016-04-29 16:05:43');
INSERT INTO `region` VALUES ('230207', '碾子山区', '0', '0', '230200', '2016-04-29 16:05:43', '2016-04-29 16:05:43');
INSERT INTO `region` VALUES ('230208', '梅里斯达斡尔族区', '0', '0', '230200', '2016-04-29 16:05:43', '2016-04-29 16:05:43');
INSERT INTO `region` VALUES ('230221', '龙江县', '0', '0', '230200', '2016-04-29 16:05:43', '2016-04-29 16:05:43');
INSERT INTO `region` VALUES ('230223', '依安县', '0', '0', '230200', '2016-04-29 16:05:43', '2016-04-29 16:05:43');
INSERT INTO `region` VALUES ('230224', '泰来县', '0', '0', '230200', '2016-04-29 16:05:43', '2016-04-29 16:05:43');
INSERT INTO `region` VALUES ('230225', '甘南县', '0', '0', '230200', '2016-04-29 16:05:43', '2016-04-29 16:05:43');
INSERT INTO `region` VALUES ('230227', '富裕县', '0', '0', '230200', '2016-04-29 16:05:43', '2016-04-29 16:05:43');
INSERT INTO `region` VALUES ('230229', '克山县', '0', '0', '230200', '2016-04-29 16:05:43', '2016-04-29 16:05:43');
INSERT INTO `region` VALUES ('230230', '克东县', '0', '0', '230200', '2016-04-29 16:05:43', '2016-04-29 16:05:43');
INSERT INTO `region` VALUES ('230231', '拜泉县', '0', '0', '230200', '2016-04-29 16:05:43', '2016-04-29 16:05:43');
INSERT INTO `region` VALUES ('230281', '讷河市', '0', '0', '230200', '2016-04-29 16:05:43', '2016-04-29 16:05:43');
INSERT INTO `region` VALUES ('230301', '市辖区', '0', '0', '230300', '2016-04-29 16:05:43', '2016-04-29 16:05:43');
INSERT INTO `region` VALUES ('230302', '鸡冠区', '0', '0', '230300', '2016-04-29 16:05:43', '2016-04-29 16:05:43');
INSERT INTO `region` VALUES ('230303', '恒山区', '0', '0', '230300', '2016-04-29 16:05:43', '2016-04-29 16:05:43');
INSERT INTO `region` VALUES ('230304', '滴道区', '0', '0', '230300', '2016-04-29 16:05:43', '2016-04-29 16:05:43');
INSERT INTO `region` VALUES ('230305', '梨树区', '0', '0', '230300', '2016-04-29 16:05:43', '2016-04-29 16:05:43');
INSERT INTO `region` VALUES ('230306', '城子河区', '0', '0', '230300', '2016-04-29 16:05:43', '2016-04-29 16:05:43');
INSERT INTO `region` VALUES ('230307', '麻山区', '0', '0', '230300', '2016-04-29 16:05:43', '2016-04-29 16:05:43');
INSERT INTO `region` VALUES ('230321', '鸡东县', '0', '0', '230300', '2016-04-29 16:05:43', '2016-04-29 16:05:43');
INSERT INTO `region` VALUES ('230381', '虎林市', '0', '0', '230300', '2016-04-29 16:05:43', '2016-04-29 16:05:43');
INSERT INTO `region` VALUES ('230382', '密山市', '0', '0', '230300', '2016-04-29 16:05:43', '2016-04-29 16:05:43');
INSERT INTO `region` VALUES ('230401', '市辖区', '0', '0', '230400', '2016-04-29 16:05:43', '2016-04-29 16:05:43');
INSERT INTO `region` VALUES ('230402', '向阳区', '0', '0', '230400', '2016-04-29 16:05:43', '2016-04-29 16:05:43');
INSERT INTO `region` VALUES ('230403', '工农区', '0', '0', '230400', '2016-04-29 16:05:43', '2016-04-29 16:05:43');
INSERT INTO `region` VALUES ('230404', '南山区', '0', '0', '230400', '2016-04-29 16:05:43', '2016-04-29 16:05:43');
INSERT INTO `region` VALUES ('230405', '兴安区', '0', '0', '230400', '2016-04-29 16:05:43', '2016-04-29 16:05:43');
INSERT INTO `region` VALUES ('230406', '东山区', '0', '0', '230400', '2016-04-29 16:05:43', '2016-04-29 16:05:43');
INSERT INTO `region` VALUES ('230407', '兴山区', '0', '0', '230400', '2016-04-29 16:05:43', '2016-04-29 16:05:43');
INSERT INTO `region` VALUES ('230421', '萝北县', '0', '0', '230400', '2016-04-29 16:05:43', '2016-04-29 16:05:43');
INSERT INTO `region` VALUES ('230422', '绥滨县', '0', '0', '230400', '2016-04-29 16:05:43', '2016-04-29 16:05:43');
INSERT INTO `region` VALUES ('230501', '市辖区', '0', '0', '230500', '2016-04-29 16:05:43', '2016-04-29 16:05:43');
INSERT INTO `region` VALUES ('230502', '尖山区', '0', '0', '230500', '2016-04-29 16:05:43', '2016-04-29 16:05:43');
INSERT INTO `region` VALUES ('230503', '岭东区', '0', '0', '230500', '2016-04-29 16:05:43', '2016-04-29 16:05:43');
INSERT INTO `region` VALUES ('230505', '四方台区', '0', '0', '230500', '2016-04-29 16:05:43', '2016-04-29 16:05:43');
INSERT INTO `region` VALUES ('230506', '宝山区', '0', '0', '230500', '2016-04-29 16:05:43', '2016-04-29 16:05:43');
INSERT INTO `region` VALUES ('230521', '集贤县', '0', '0', '230500', '2016-04-29 16:05:43', '2016-04-29 16:05:43');
INSERT INTO `region` VALUES ('230522', '友谊县', '0', '0', '230500', '2016-04-29 16:05:43', '2016-04-29 16:05:43');
INSERT INTO `region` VALUES ('230523', '宝清县', '0', '0', '230500', '2016-04-29 16:05:43', '2016-04-29 16:05:43');
INSERT INTO `region` VALUES ('230524', '饶河县', '0', '0', '230500', '2016-04-29 16:05:43', '2016-04-29 16:05:43');
INSERT INTO `region` VALUES ('230601', '市辖区', '0', '0', '230600', '2016-04-29 16:05:43', '2016-04-29 16:05:43');
INSERT INTO `region` VALUES ('230602', '萨尔图区', '0', '0', '230600', '2016-04-29 16:05:43', '2016-04-29 16:05:43');
INSERT INTO `region` VALUES ('230603', '龙凤区', '0', '0', '230600', '2016-04-29 16:05:43', '2016-04-29 16:05:43');
INSERT INTO `region` VALUES ('230604', '让胡路区', '0', '0', '230600', '2016-04-29 16:05:43', '2016-04-29 16:05:43');
INSERT INTO `region` VALUES ('230605', '红岗区', '0', '0', '230600', '2016-04-29 16:05:43', '2016-04-29 16:05:43');
INSERT INTO `region` VALUES ('230606', '大同区', '0', '0', '230600', '2016-04-29 16:05:43', '2016-04-29 16:05:43');
INSERT INTO `region` VALUES ('230621', '肇州县', '0', '0', '230600', '2016-04-29 16:05:43', '2016-04-29 16:05:43');
INSERT INTO `region` VALUES ('230622', '肇源县', '0', '0', '230600', '2016-04-29 16:05:43', '2016-04-29 16:05:43');
INSERT INTO `region` VALUES ('230623', '林甸县', '0', '0', '230600', '2016-04-29 16:05:43', '2016-04-29 16:05:43');
INSERT INTO `region` VALUES ('230624', '杜尔伯特蒙古族自治县', '0', '0', '230600', '2016-04-29 16:05:43', '2016-04-29 16:05:43');
INSERT INTO `region` VALUES ('230701', '市辖区', '0', '0', '230700', '2016-04-29 16:05:43', '2016-04-29 16:05:43');
INSERT INTO `region` VALUES ('230702', '伊春区', '0', '0', '230700', '2016-04-29 16:05:43', '2016-04-29 16:05:43');
INSERT INTO `region` VALUES ('230703', '南岔区', '0', '0', '230700', '2016-04-29 16:05:43', '2016-04-29 16:05:43');
INSERT INTO `region` VALUES ('230704', '友好区', '0', '0', '230700', '2016-04-29 16:05:43', '2016-04-29 16:05:43');
INSERT INTO `region` VALUES ('230705', '西林区', '0', '0', '230700', '2016-04-29 16:05:43', '2016-04-29 16:05:43');
INSERT INTO `region` VALUES ('230706', '翠峦区', '0', '0', '230700', '2016-04-29 16:05:43', '2016-04-29 16:05:43');
INSERT INTO `region` VALUES ('230707', '新青区', '0', '0', '230700', '2016-04-29 16:05:43', '2016-04-29 16:05:43');
INSERT INTO `region` VALUES ('230708', '美溪区', '0', '0', '230700', '2016-04-29 16:05:43', '2016-04-29 16:05:43');
INSERT INTO `region` VALUES ('230709', '金山屯区', '0', '0', '230700', '2016-04-29 16:05:43', '2016-04-29 16:05:43');
INSERT INTO `region` VALUES ('230710', '五营区', '0', '0', '230700', '2016-04-29 16:05:43', '2016-04-29 16:05:43');
INSERT INTO `region` VALUES ('230711', '乌马河区', '0', '0', '230700', '2016-04-29 16:05:43', '2016-04-29 16:05:43');
INSERT INTO `region` VALUES ('230712', '汤旺河区', '0', '0', '230700', '2016-04-29 16:05:43', '2016-04-29 16:05:43');
INSERT INTO `region` VALUES ('230713', '带岭区', '0', '0', '230700', '2016-04-29 16:05:43', '2016-04-29 16:05:43');
INSERT INTO `region` VALUES ('230714', '乌伊岭区', '0', '0', '230700', '2016-04-29 16:05:43', '2016-04-29 16:05:43');
INSERT INTO `region` VALUES ('230715', '红星区', '0', '0', '230700', '2016-04-29 16:05:43', '2016-04-29 16:05:43');
INSERT INTO `region` VALUES ('230716', '上甘岭区', '0', '0', '230700', '2016-04-29 16:05:43', '2016-04-29 16:05:43');
INSERT INTO `region` VALUES ('230722', '嘉荫县', '0', '0', '230700', '2016-04-29 16:05:43', '2016-04-29 16:05:43');
INSERT INTO `region` VALUES ('230781', '铁力市', '0', '0', '230700', '2016-04-29 16:05:43', '2016-04-29 16:05:43');
INSERT INTO `region` VALUES ('230801', '市辖区', '0', '0', '230800', '2016-04-29 16:05:43', '2016-04-29 16:05:43');
INSERT INTO `region` VALUES ('230802', '永红区', '0', '0', '230800', '2016-04-29 16:05:43', '2016-04-29 16:05:43');
INSERT INTO `region` VALUES ('230803', '向阳区', '0', '0', '230800', '2016-04-29 16:05:43', '2016-04-29 16:05:43');
INSERT INTO `region` VALUES ('230804', '前进区', '0', '0', '230800', '2016-04-29 16:05:43', '2016-04-29 16:05:43');
INSERT INTO `region` VALUES ('230805', '东风区', '0', '0', '230800', '2016-04-29 16:05:43', '2016-04-29 16:05:43');
INSERT INTO `region` VALUES ('230811', '郊　区', '0', '0', '230800', '2016-04-29 16:05:43', '2016-04-29 16:05:43');
INSERT INTO `region` VALUES ('230822', '桦南县', '0', '0', '230800', '2016-04-29 16:05:43', '2016-04-29 16:05:43');
INSERT INTO `region` VALUES ('230826', '桦川县', '0', '0', '230800', '2016-04-29 16:05:43', '2016-04-29 16:05:43');
INSERT INTO `region` VALUES ('230828', '汤原县', '0', '0', '230800', '2016-04-29 16:05:43', '2016-04-29 16:05:43');
INSERT INTO `region` VALUES ('230833', '抚远县', '0', '0', '230800', '2016-04-29 16:05:43', '2016-04-29 16:05:43');
INSERT INTO `region` VALUES ('230881', '同江市', '0', '0', '230800', '2016-04-29 16:05:43', '2016-04-29 16:05:43');
INSERT INTO `region` VALUES ('230882', '富锦市', '0', '0', '230800', '2016-04-29 16:05:43', '2016-04-29 16:05:43');
INSERT INTO `region` VALUES ('230901', '市辖区', '0', '0', '230900', '2016-04-29 16:05:43', '2016-04-29 16:05:43');
INSERT INTO `region` VALUES ('230902', '新兴区', '0', '0', '230900', '2016-04-29 16:05:43', '2016-04-29 16:05:43');
INSERT INTO `region` VALUES ('230903', '桃山区', '0', '0', '230900', '2016-04-29 16:05:43', '2016-04-29 16:05:43');
INSERT INTO `region` VALUES ('230904', '茄子河区', '0', '0', '230900', '2016-04-29 16:05:43', '2016-04-29 16:05:43');
INSERT INTO `region` VALUES ('230921', '勃利县', '0', '0', '230900', '2016-04-29 16:05:43', '2016-04-29 16:05:43');
INSERT INTO `region` VALUES ('231001', '市辖区', '0', '0', '231000', '2016-04-29 16:05:43', '2016-04-29 16:05:43');
INSERT INTO `region` VALUES ('231002', '东安区', '0', '0', '231000', '2016-04-29 16:05:43', '2016-04-29 16:05:43');
INSERT INTO `region` VALUES ('231003', '阳明区', '0', '0', '231000', '2016-04-29 16:05:43', '2016-04-29 16:05:43');
INSERT INTO `region` VALUES ('231004', '爱民区', '0', '0', '231000', '2016-04-29 16:05:43', '2016-04-29 16:05:43');
INSERT INTO `region` VALUES ('231005', '西安区', '0', '0', '231000', '2016-04-29 16:05:43', '2016-04-29 16:05:43');
INSERT INTO `region` VALUES ('231024', '东宁县', '0', '0', '231000', '2016-04-29 16:05:43', '2016-04-29 16:05:43');
INSERT INTO `region` VALUES ('231025', '林口县', '0', '0', '231000', '2016-04-29 16:05:43', '2016-04-29 16:05:43');
INSERT INTO `region` VALUES ('231081', '绥芬河市', '0', '0', '231000', '2016-04-29 16:05:43', '2016-04-29 16:05:43');
INSERT INTO `region` VALUES ('231083', '海林市', '0', '0', '231000', '2016-04-29 16:05:43', '2016-04-29 16:05:43');
INSERT INTO `region` VALUES ('231084', '宁安市', '0', '0', '231000', '2016-04-29 16:05:43', '2016-04-29 16:05:43');
INSERT INTO `region` VALUES ('231085', '穆棱市', '0', '0', '231000', '2016-04-29 16:05:43', '2016-04-29 16:05:43');
INSERT INTO `region` VALUES ('231101', '市辖区', '0', '0', '231100', '2016-04-29 16:05:43', '2016-04-29 16:05:43');
INSERT INTO `region` VALUES ('231102', '爱辉区', '0', '0', '231100', '2016-04-29 16:05:43', '2016-04-29 16:05:43');
INSERT INTO `region` VALUES ('231121', '嫩江县', '0', '0', '231100', '2016-04-29 16:05:43', '2016-04-29 16:05:43');
INSERT INTO `region` VALUES ('231123', '逊克县', '0', '0', '231100', '2016-04-29 16:05:43', '2016-04-29 16:05:43');
INSERT INTO `region` VALUES ('231124', '孙吴县', '0', '0', '231100', '2016-04-29 16:05:43', '2016-04-29 16:05:43');
INSERT INTO `region` VALUES ('231181', '北安市', '0', '0', '231100', '2016-04-29 16:05:43', '2016-04-29 16:05:43');
INSERT INTO `region` VALUES ('231182', '五大连池市', '0', '0', '231100', '2016-04-29 16:05:43', '2016-04-29 16:05:43');
INSERT INTO `region` VALUES ('231201', '市辖区', '0', '0', '231200', '2016-04-29 16:05:43', '2016-04-29 16:05:43');
INSERT INTO `region` VALUES ('231202', '北林区', '0', '0', '231200', '2016-04-29 16:05:43', '2016-04-29 16:05:43');
INSERT INTO `region` VALUES ('231221', '望奎县', '0', '0', '231200', '2016-04-29 16:05:43', '2016-04-29 16:05:43');
INSERT INTO `region` VALUES ('231222', '兰西县', '0', '0', '231200', '2016-04-29 16:05:43', '2016-04-29 16:05:43');
INSERT INTO `region` VALUES ('231223', '青冈县', '0', '0', '231200', '2016-04-29 16:05:43', '2016-04-29 16:05:43');
INSERT INTO `region` VALUES ('231224', '庆安县', '0', '0', '231200', '2016-04-29 16:05:43', '2016-04-29 16:05:43');
INSERT INTO `region` VALUES ('231225', '明水县', '0', '0', '231200', '2016-04-29 16:05:43', '2016-04-29 16:05:43');
INSERT INTO `region` VALUES ('231226', '绥棱县', '0', '0', '231200', '2016-04-29 16:05:43', '2016-04-29 16:05:43');
INSERT INTO `region` VALUES ('231281', '安达市', '0', '0', '231200', '2016-04-29 16:05:43', '2016-04-29 16:05:43');
INSERT INTO `region` VALUES ('231282', '肇东市', '0', '0', '231200', '2016-04-29 16:05:43', '2016-04-29 16:05:43');
INSERT INTO `region` VALUES ('231283', '海伦市', '0', '0', '231200', '2016-04-29 16:05:43', '2016-04-29 16:05:43');
INSERT INTO `region` VALUES ('232721', '呼玛县', '0', '0', '232700', '2016-04-29 16:05:43', '2016-04-29 16:05:43');
INSERT INTO `region` VALUES ('232722', '塔河县', '0', '0', '232700', '2016-04-29 16:05:43', '2016-04-29 16:05:43');
INSERT INTO `region` VALUES ('232723', '漠河县', '0', '0', '232700', '2016-04-29 16:05:43', '2016-04-29 16:05:43');
INSERT INTO `region` VALUES ('310101', '黄浦区', '0', '0', '310100', '2016-04-29 16:05:43', '2016-04-29 16:05:43');
INSERT INTO `region` VALUES ('310103', '卢湾区', '0', '0', '310100', '2016-04-29 16:05:43', '2016-04-29 16:05:43');
INSERT INTO `region` VALUES ('310104', '徐汇区', '0', '0', '310100', '2016-04-29 16:05:43', '2016-04-29 16:05:43');
INSERT INTO `region` VALUES ('310105', '长宁区', '0', '0', '310100', '2016-04-29 16:05:43', '2016-04-29 16:05:43');
INSERT INTO `region` VALUES ('310106', '静安区', '0', '0', '310100', '2016-04-29 16:05:43', '2016-04-29 16:05:43');
INSERT INTO `region` VALUES ('310107', '普陀区', '0', '0', '310100', '2016-04-29 16:05:43', '2016-04-29 16:05:43');
INSERT INTO `region` VALUES ('310108', '闸北区', '0', '0', '310100', '2016-04-29 16:05:43', '2016-04-29 16:05:43');
INSERT INTO `region` VALUES ('310109', '虹口区', '0', '0', '310100', '2016-04-29 16:05:43', '2016-04-29 16:05:43');
INSERT INTO `region` VALUES ('310110', '杨浦区', '0', '0', '310100', '2016-04-29 16:05:43', '2016-04-29 16:05:43');
INSERT INTO `region` VALUES ('310112', '闵行区', '0', '0', '310100', '2016-04-29 16:05:43', '2016-04-29 16:05:43');
INSERT INTO `region` VALUES ('310113', '宝山区', '0', '0', '310100', '2016-04-29 16:05:43', '2016-04-29 16:05:43');
INSERT INTO `region` VALUES ('310114', '嘉定区', '0', '0', '310100', '2016-04-29 16:05:43', '2016-04-29 16:05:43');
INSERT INTO `region` VALUES ('310115', '浦东新区', '0', '0', '310100', '2016-04-29 16:05:43', '2016-04-29 16:05:43');
INSERT INTO `region` VALUES ('310116', '金山区', '0', '0', '310100', '2016-04-29 16:05:43', '2016-04-29 16:05:43');
INSERT INTO `region` VALUES ('310117', '松江区', '0', '0', '310100', '2016-04-29 16:05:43', '2016-04-29 16:05:43');
INSERT INTO `region` VALUES ('310118', '青浦区', '0', '0', '310100', '2016-04-29 16:05:43', '2016-04-29 16:05:43');
INSERT INTO `region` VALUES ('310119', '南汇区', '0', '0', '310100', '2016-04-29 16:05:43', '2016-04-29 16:05:43');
INSERT INTO `region` VALUES ('310120', '奉贤区', '0', '0', '310100', '2016-04-29 16:05:43', '2016-04-29 16:05:43');
INSERT INTO `region` VALUES ('310230', '崇明县', '0', '0', '310100', '2016-04-29 16:05:43', '2016-04-29 16:05:43');
INSERT INTO `region` VALUES ('320101', '市辖区', '0', '0', '320100', '2016-04-29 16:05:43', '2016-04-29 16:05:43');
INSERT INTO `region` VALUES ('320102', '玄武区', '0', '0', '320100', '2016-04-29 16:05:43', '2016-04-29 16:05:43');
INSERT INTO `region` VALUES ('320103', '白下区', '0', '0', '320100', '2016-04-29 16:05:43', '2016-04-29 16:05:43');
INSERT INTO `region` VALUES ('320104', '秦淮区', '0', '0', '320100', '2016-04-29 16:05:43', '2016-04-29 16:05:43');
INSERT INTO `region` VALUES ('320105', '建邺区', '0', '0', '320100', '2016-04-29 16:05:43', '2016-04-29 16:05:43');
INSERT INTO `region` VALUES ('320106', '鼓楼区', '0', '0', '320100', '2016-04-29 16:05:43', '2016-04-29 16:05:43');
INSERT INTO `region` VALUES ('320107', '下关区', '0', '0', '320100', '2016-04-29 16:05:43', '2016-04-29 16:05:43');
INSERT INTO `region` VALUES ('320111', '浦口区', '0', '0', '320100', '2016-04-29 16:05:43', '2016-04-29 16:05:43');
INSERT INTO `region` VALUES ('320113', '栖霞区', '0', '0', '320100', '2016-04-29 16:05:43', '2016-04-29 16:05:43');
INSERT INTO `region` VALUES ('320114', '雨花台区', '0', '0', '320100', '2016-04-29 16:05:43', '2016-04-29 16:05:43');
INSERT INTO `region` VALUES ('320115', '江宁区', '0', '0', '320100', '2016-04-29 16:05:43', '2016-04-29 16:05:43');
INSERT INTO `region` VALUES ('320116', '六合区', '0', '0', '320100', '2016-04-29 16:05:43', '2016-04-29 16:05:43');
INSERT INTO `region` VALUES ('320124', '溧水县', '0', '0', '320100', '2016-04-29 16:05:43', '2016-04-29 16:05:43');
INSERT INTO `region` VALUES ('320125', '高淳县', '0', '0', '320100', '2016-04-29 16:05:43', '2016-04-29 16:05:43');
INSERT INTO `region` VALUES ('320201', '市辖区', '0', '0', '320200', '2016-04-29 16:05:43', '2016-04-29 16:05:43');
INSERT INTO `region` VALUES ('320202', '崇安区', '0', '0', '320200', '2016-04-29 16:05:43', '2016-04-29 16:05:43');
INSERT INTO `region` VALUES ('320203', '南长区', '0', '0', '320200', '2016-04-29 16:05:43', '2016-04-29 16:05:43');
INSERT INTO `region` VALUES ('320204', '北塘区', '0', '0', '320200', '2016-04-29 16:05:43', '2016-04-29 16:05:43');
INSERT INTO `region` VALUES ('320205', '锡山区', '0', '0', '320200', '2016-04-29 16:05:43', '2016-04-29 16:05:43');
INSERT INTO `region` VALUES ('320206', '惠山区', '0', '0', '320200', '2016-04-29 16:05:43', '2016-04-29 16:05:43');
INSERT INTO `region` VALUES ('320211', '滨湖区', '0', '0', '320200', '2016-04-29 16:05:43', '2016-04-29 16:05:43');
INSERT INTO `region` VALUES ('320281', '江阴市', '0', '0', '320200', '2016-04-29 16:05:43', '2016-04-29 16:05:43');
INSERT INTO `region` VALUES ('320282', '宜兴市', '0', '0', '320200', '2016-04-29 16:05:43', '2016-04-29 16:05:43');
INSERT INTO `region` VALUES ('320301', '市辖区', '0', '0', '320300', '2016-04-29 16:05:43', '2016-04-29 16:05:43');
INSERT INTO `region` VALUES ('320302', '鼓楼区', '0', '0', '320300', '2016-04-29 16:05:43', '2016-04-29 16:05:43');
INSERT INTO `region` VALUES ('320303', '云龙区', '0', '0', '320300', '2016-04-29 16:05:43', '2016-04-29 16:05:43');
INSERT INTO `region` VALUES ('320304', '九里区', '0', '0', '320300', '2016-04-29 16:05:43', '2016-04-29 16:05:43');
INSERT INTO `region` VALUES ('320305', '贾汪区', '0', '0', '320300', '2016-04-29 16:05:43', '2016-04-29 16:05:43');
INSERT INTO `region` VALUES ('320311', '泉山区', '0', '0', '320300', '2016-04-29 16:05:43', '2016-04-29 16:05:43');
INSERT INTO `region` VALUES ('320321', '丰　县', '0', '0', '320300', '2016-04-29 16:05:43', '2016-04-29 16:05:43');
INSERT INTO `region` VALUES ('320322', '沛　县', '0', '0', '320300', '2016-04-29 16:05:43', '2016-04-29 16:05:43');
INSERT INTO `region` VALUES ('320323', '铜山县', '0', '0', '320300', '2016-04-29 16:05:43', '2016-04-29 16:05:43');
INSERT INTO `region` VALUES ('320324', '睢宁县', '0', '0', '320300', '2016-04-29 16:05:43', '2016-04-29 16:05:43');
INSERT INTO `region` VALUES ('320381', '新沂市', '0', '0', '320300', '2016-04-29 16:05:43', '2016-04-29 16:05:43');
INSERT INTO `region` VALUES ('320382', '邳州市', '0', '0', '320300', '2016-04-29 16:05:43', '2016-04-29 16:05:43');
INSERT INTO `region` VALUES ('320401', '市辖区', '0', '0', '320400', '2016-04-29 16:05:43', '2016-04-29 16:05:43');
INSERT INTO `region` VALUES ('320402', '天宁区', '0', '0', '320400', '2016-04-29 16:05:43', '2016-04-29 16:05:43');
INSERT INTO `region` VALUES ('320404', '钟楼区', '0', '0', '320400', '2016-04-29 16:05:43', '2016-04-29 16:05:43');
INSERT INTO `region` VALUES ('320405', '戚墅堰区', '0', '0', '320400', '2016-04-29 16:05:43', '2016-04-29 16:05:43');
INSERT INTO `region` VALUES ('320411', '新北区', '0', '0', '320400', '2016-04-29 16:05:43', '2016-04-29 16:05:43');
INSERT INTO `region` VALUES ('320412', '武进区', '0', '0', '320400', '2016-04-29 16:05:43', '2016-04-29 16:05:43');
INSERT INTO `region` VALUES ('320481', '溧阳市', '0', '0', '320400', '2016-04-29 16:05:43', '2016-04-29 16:05:43');
INSERT INTO `region` VALUES ('320482', '金坛市', '0', '0', '320400', '2016-04-29 16:05:43', '2016-04-29 16:05:43');
INSERT INTO `region` VALUES ('320501', '市辖区', '0', '0', '320500', '2016-04-29 16:05:43', '2016-04-29 16:05:43');
INSERT INTO `region` VALUES ('320502', '沧浪区', '0', '0', '320500', '2016-04-29 16:05:43', '2016-04-29 16:05:43');
INSERT INTO `region` VALUES ('320503', '平江区', '0', '0', '320500', '2016-04-29 16:05:43', '2016-04-29 16:05:43');
INSERT INTO `region` VALUES ('320504', '金阊区', '0', '0', '320500', '2016-04-29 16:05:43', '2016-04-29 16:05:43');
INSERT INTO `region` VALUES ('320505', '虎丘区', '0', '0', '320500', '2016-04-29 16:05:43', '2016-04-29 16:05:43');
INSERT INTO `region` VALUES ('320506', '吴中区', '0', '0', '320500', '2016-04-29 16:05:43', '2016-04-29 16:05:43');
INSERT INTO `region` VALUES ('320507', '相城区', '0', '0', '320500', '2016-04-29 16:05:43', '2016-04-29 16:05:43');
INSERT INTO `region` VALUES ('320581', '常熟市', '0', '0', '320500', '2016-04-29 16:05:43', '2016-04-29 16:05:43');
INSERT INTO `region` VALUES ('320582', '张家港市', '0', '0', '320500', '2016-04-29 16:05:43', '2016-04-29 16:05:43');
INSERT INTO `region` VALUES ('320583', '昆山市', '0', '0', '320500', '2016-04-29 16:05:43', '2016-04-29 16:05:43');
INSERT INTO `region` VALUES ('320584', '吴江市', '0', '0', '320500', '2016-04-29 16:05:43', '2016-04-29 16:05:43');
INSERT INTO `region` VALUES ('320585', '太仓市', '0', '0', '320500', '2016-04-29 16:05:43', '2016-04-29 16:05:43');
INSERT INTO `region` VALUES ('320601', '市辖区', '0', '0', '320600', '2016-04-29 16:05:43', '2016-04-29 16:05:43');
INSERT INTO `region` VALUES ('320602', '崇川区', '0', '0', '320600', '2016-04-29 16:05:43', '2016-04-29 16:05:43');
INSERT INTO `region` VALUES ('320611', '港闸区', '0', '0', '320600', '2016-04-29 16:05:43', '2016-04-29 16:05:43');
INSERT INTO `region` VALUES ('320621', '海安县', '0', '0', '320600', '2016-04-29 16:05:43', '2016-04-29 16:05:43');
INSERT INTO `region` VALUES ('320623', '如东县', '0', '0', '320600', '2016-04-29 16:05:43', '2016-04-29 16:05:43');
INSERT INTO `region` VALUES ('320681', '启东市', '0', '0', '320600', '2016-04-29 16:05:43', '2016-04-29 16:05:43');
INSERT INTO `region` VALUES ('320682', '如皋市', '0', '0', '320600', '2016-04-29 16:05:43', '2016-04-29 16:05:43');
INSERT INTO `region` VALUES ('320683', '通州市', '0', '0', '320600', '2016-04-29 16:05:43', '2016-04-29 16:05:43');
INSERT INTO `region` VALUES ('320684', '海门市', '0', '0', '320600', '2016-04-29 16:05:43', '2016-04-29 16:05:43');
INSERT INTO `region` VALUES ('320701', '市辖区', '0', '0', '320700', '2016-04-29 16:05:43', '2016-04-29 16:05:43');
INSERT INTO `region` VALUES ('320703', '连云区', '0', '0', '320700', '2016-04-29 16:05:43', '2016-04-29 16:05:43');
INSERT INTO `region` VALUES ('320705', '新浦区', '0', '0', '320700', '2016-04-29 16:05:43', '2016-04-29 16:05:43');
INSERT INTO `region` VALUES ('320706', '海州区', '0', '0', '320700', '2016-04-29 16:05:43', '2016-04-29 16:05:43');
INSERT INTO `region` VALUES ('320721', '赣榆县', '0', '0', '320700', '2016-04-29 16:05:43', '2016-04-29 16:05:43');
INSERT INTO `region` VALUES ('320722', '东海县', '0', '0', '320700', '2016-04-29 16:05:43', '2016-04-29 16:05:43');
INSERT INTO `region` VALUES ('320723', '灌云县', '0', '0', '320700', '2016-04-29 16:05:43', '2016-04-29 16:05:43');
INSERT INTO `region` VALUES ('320724', '灌南县', '0', '0', '320700', '2016-04-29 16:05:43', '2016-04-29 16:05:43');
INSERT INTO `region` VALUES ('320801', '市辖区', '0', '0', '320800', '2016-04-29 16:05:43', '2016-04-29 16:05:43');
INSERT INTO `region` VALUES ('320802', '清河区', '0', '0', '320800', '2016-04-29 16:05:43', '2016-04-29 16:05:43');
INSERT INTO `region` VALUES ('320803', '楚州区', '0', '0', '320800', '2016-04-29 16:05:43', '2016-04-29 16:05:43');
INSERT INTO `region` VALUES ('320804', '淮阴区', '0', '0', '320800', '2016-04-29 16:05:43', '2016-04-29 16:05:43');
INSERT INTO `region` VALUES ('320811', '清浦区', '0', '0', '320800', '2016-04-29 16:05:43', '2016-04-29 16:05:43');
INSERT INTO `region` VALUES ('320826', '涟水县', '0', '0', '320800', '2016-04-29 16:05:43', '2016-04-29 16:05:43');
INSERT INTO `region` VALUES ('320829', '洪泽县', '0', '0', '320800', '2016-04-29 16:05:43', '2016-04-29 16:05:43');
INSERT INTO `region` VALUES ('320830', '盱眙县', '0', '0', '320800', '2016-04-29 16:05:43', '2016-04-29 16:05:43');
INSERT INTO `region` VALUES ('320831', '金湖县', '0', '0', '320800', '2016-04-29 16:05:43', '2016-04-29 16:05:43');
INSERT INTO `region` VALUES ('320901', '市辖区', '0', '0', '320900', '2016-04-29 16:05:43', '2016-04-29 16:05:43');
INSERT INTO `region` VALUES ('320902', '亭湖区', '0', '0', '320900', '2016-04-29 16:05:43', '2016-04-29 16:05:43');
INSERT INTO `region` VALUES ('320903', '盐都区', '0', '0', '320900', '2016-04-29 16:05:43', '2016-04-29 16:05:43');
INSERT INTO `region` VALUES ('320921', '响水县', '0', '0', '320900', '2016-04-29 16:05:43', '2016-04-29 16:05:43');
INSERT INTO `region` VALUES ('320922', '滨海县', '0', '0', '320900', '2016-04-29 16:05:43', '2016-04-29 16:05:43');
INSERT INTO `region` VALUES ('320923', '阜宁县', '0', '0', '320900', '2016-04-29 16:05:43', '2016-04-29 16:05:43');
INSERT INTO `region` VALUES ('320924', '射阳县', '0', '0', '320900', '2016-04-29 16:05:43', '2016-04-29 16:05:43');
INSERT INTO `region` VALUES ('320925', '建湖县', '0', '0', '320900', '2016-04-29 16:05:43', '2016-04-29 16:05:43');
INSERT INTO `region` VALUES ('320981', '东台市', '0', '0', '320900', '2016-04-29 16:05:43', '2016-04-29 16:05:43');
INSERT INTO `region` VALUES ('320982', '大丰市', '0', '0', '320900', '2016-04-29 16:05:43', '2016-04-29 16:05:43');
INSERT INTO `region` VALUES ('321001', '市辖区', '0', '0', '321000', '2016-04-29 16:05:43', '2016-04-29 16:05:43');
INSERT INTO `region` VALUES ('321002', '广陵区', '0', '0', '321000', '2016-04-29 16:05:43', '2016-04-29 16:05:43');
INSERT INTO `region` VALUES ('321003', '邗江区', '0', '0', '321000', '2016-04-29 16:05:43', '2016-04-29 16:05:43');
INSERT INTO `region` VALUES ('321011', '郊　区', '0', '0', '321000', '2016-04-29 16:05:43', '2016-04-29 16:05:43');
INSERT INTO `region` VALUES ('321023', '宝应县', '0', '0', '321000', '2016-04-29 16:05:43', '2016-04-29 16:05:43');
INSERT INTO `region` VALUES ('321081', '仪征市', '0', '0', '321000', '2016-04-29 16:05:43', '2016-04-29 16:05:43');
INSERT INTO `region` VALUES ('321084', '高邮市', '0', '0', '321000', '2016-04-29 16:05:43', '2016-04-29 16:05:43');
INSERT INTO `region` VALUES ('321088', '江都市', '0', '0', '321000', '2016-04-29 16:05:43', '2016-04-29 16:05:43');
INSERT INTO `region` VALUES ('321101', '市辖区', '0', '0', '321100', '2016-04-29 16:05:43', '2016-04-29 16:05:43');
INSERT INTO `region` VALUES ('321102', '京口区', '0', '0', '321100', '2016-04-29 16:05:43', '2016-04-29 16:05:43');
INSERT INTO `region` VALUES ('321111', '润州区', '0', '0', '321100', '2016-04-29 16:05:43', '2016-04-29 16:05:43');
INSERT INTO `region` VALUES ('321112', '丹徒区', '0', '0', '321100', '2016-04-29 16:05:43', '2016-04-29 16:05:43');
INSERT INTO `region` VALUES ('321181', '丹阳市', '0', '0', '321100', '2016-04-29 16:05:43', '2016-04-29 16:05:43');
INSERT INTO `region` VALUES ('321182', '扬中市', '0', '0', '321100', '2016-04-29 16:05:43', '2016-04-29 16:05:43');
INSERT INTO `region` VALUES ('321183', '句容市', '0', '0', '321100', '2016-04-29 16:05:43', '2016-04-29 16:05:43');
INSERT INTO `region` VALUES ('321201', '市辖区', '0', '0', '321200', '2016-04-29 16:05:43', '2016-04-29 16:05:43');
INSERT INTO `region` VALUES ('321202', '海陵区', '0', '0', '321200', '2016-04-29 16:05:43', '2016-04-29 16:05:43');
INSERT INTO `region` VALUES ('321203', '高港区', '0', '0', '321200', '2016-04-29 16:05:43', '2016-04-29 16:05:43');
INSERT INTO `region` VALUES ('321281', '兴化市', '0', '0', '321200', '2016-04-29 16:05:43', '2016-04-29 16:05:43');
INSERT INTO `region` VALUES ('321282', '靖江市', '0', '0', '321200', '2016-04-29 16:05:43', '2016-04-29 16:05:43');
INSERT INTO `region` VALUES ('321283', '泰兴市', '0', '0', '321200', '2016-04-29 16:05:43', '2016-04-29 16:05:43');
INSERT INTO `region` VALUES ('321284', '姜堰市', '0', '0', '321200', '2016-04-29 16:05:43', '2016-04-29 16:05:43');
INSERT INTO `region` VALUES ('321301', '市辖区', '0', '0', '321300', '2016-04-29 16:05:43', '2016-04-29 16:05:43');
INSERT INTO `region` VALUES ('321302', '宿城区', '0', '0', '321300', '2016-04-29 16:05:43', '2016-04-29 16:05:43');
INSERT INTO `region` VALUES ('321311', '宿豫区', '0', '0', '321300', '2016-04-29 16:05:43', '2016-04-29 16:05:43');
INSERT INTO `region` VALUES ('321322', '沭阳县', '0', '0', '321300', '2016-04-29 16:05:43', '2016-04-29 16:05:43');
INSERT INTO `region` VALUES ('321323', '泗阳县', '0', '0', '321300', '2016-04-29 16:05:43', '2016-04-29 16:05:43');
INSERT INTO `region` VALUES ('321324', '泗洪县', '0', '0', '321300', '2016-04-29 16:05:43', '2016-04-29 16:05:43');
INSERT INTO `region` VALUES ('330101', '市辖区', '0', '0', '330100', '2016-04-29 16:05:43', '2016-04-29 16:05:43');
INSERT INTO `region` VALUES ('330102', '上城区', '0', '0', '330100', '2016-04-29 16:05:43', '2016-04-29 16:05:43');
INSERT INTO `region` VALUES ('330103', '下城区', '0', '0', '330100', '2016-04-29 16:05:43', '2016-04-29 16:05:43');
INSERT INTO `region` VALUES ('330104', '江干区', '0', '0', '330100', '2016-04-29 16:05:43', '2016-04-29 16:05:43');
INSERT INTO `region` VALUES ('330105', '拱墅区', '0', '0', '330100', '2016-04-29 16:05:43', '2016-04-29 16:05:43');
INSERT INTO `region` VALUES ('330106', '西湖区', '0', '0', '330100', '2016-04-29 16:05:43', '2016-04-29 16:05:43');
INSERT INTO `region` VALUES ('330108', '滨江区', '0', '0', '330100', '2016-04-29 16:05:43', '2016-04-29 16:05:43');
INSERT INTO `region` VALUES ('330109', '萧山区', '0', '0', '330100', '2016-04-29 16:05:43', '2016-04-29 16:05:43');
INSERT INTO `region` VALUES ('330110', '余杭区', '0', '0', '330100', '2016-04-29 16:05:43', '2016-04-29 16:05:43');
INSERT INTO `region` VALUES ('330122', '桐庐县', '0', '0', '330100', '2016-04-29 16:05:43', '2016-04-29 16:05:43');
INSERT INTO `region` VALUES ('330127', '淳安县', '0', '0', '330100', '2016-04-29 16:05:43', '2016-04-29 16:05:43');
INSERT INTO `region` VALUES ('330182', '建德市', '0', '0', '330100', '2016-04-29 16:05:43', '2016-04-29 16:05:43');
INSERT INTO `region` VALUES ('330183', '富阳市', '0', '0', '330100', '2016-04-29 16:05:43', '2016-04-29 16:05:43');
INSERT INTO `region` VALUES ('330185', '临安市', '0', '0', '330100', '2016-04-29 16:05:43', '2016-04-29 16:05:43');
INSERT INTO `region` VALUES ('330201', '市辖区', '0', '0', '330200', '2016-04-29 16:05:43', '2016-04-29 16:05:43');
INSERT INTO `region` VALUES ('330203', '海曙区', '0', '0', '330200', '2016-04-29 16:05:43', '2016-04-29 16:05:43');
INSERT INTO `region` VALUES ('330204', '江东区', '0', '0', '330200', '2016-04-29 16:05:43', '2016-04-29 16:05:43');
INSERT INTO `region` VALUES ('330205', '江北区', '0', '0', '330200', '2016-04-29 16:05:43', '2016-04-29 16:05:43');
INSERT INTO `region` VALUES ('330206', '北仑区', '0', '0', '330200', '2016-04-29 16:05:43', '2016-04-29 16:05:43');
INSERT INTO `region` VALUES ('330211', '镇海区', '0', '0', '330200', '2016-04-29 16:05:43', '2016-04-29 16:05:43');
INSERT INTO `region` VALUES ('330212', '鄞州区', '0', '0', '330200', '2016-04-29 16:05:43', '2016-04-29 16:05:43');
INSERT INTO `region` VALUES ('330225', '象山县', '0', '0', '330200', '2016-04-29 16:05:43', '2016-04-29 16:05:43');
INSERT INTO `region` VALUES ('330226', '宁海县', '0', '0', '330200', '2016-04-29 16:05:43', '2016-04-29 16:05:43');
INSERT INTO `region` VALUES ('330281', '余姚市', '0', '0', '330200', '2016-04-29 16:05:43', '2016-04-29 16:05:43');
INSERT INTO `region` VALUES ('330282', '慈溪市', '0', '0', '330200', '2016-04-29 16:05:43', '2016-04-29 16:05:43');
INSERT INTO `region` VALUES ('330283', '奉化市', '0', '0', '330200', '2016-04-29 16:05:43', '2016-04-29 16:05:43');
INSERT INTO `region` VALUES ('330301', '市辖区', '0', '0', '330300', '2016-04-29 16:05:43', '2016-04-29 16:05:43');
INSERT INTO `region` VALUES ('330302', '鹿城区', '0', '0', '330300', '2016-04-29 16:05:43', '2016-04-29 16:05:43');
INSERT INTO `region` VALUES ('330303', '龙湾区', '0', '0', '330300', '2016-04-29 16:05:43', '2016-04-29 16:05:43');
INSERT INTO `region` VALUES ('330304', '瓯海区', '0', '0', '330300', '2016-04-29 16:05:43', '2016-04-29 16:05:43');
INSERT INTO `region` VALUES ('330322', '洞头县', '0', '0', '330300', '2016-04-29 16:05:43', '2016-04-29 16:05:43');
INSERT INTO `region` VALUES ('330324', '永嘉县', '0', '0', '330300', '2016-04-29 16:05:43', '2016-04-29 16:05:43');
INSERT INTO `region` VALUES ('330326', '平阳县', '0', '0', '330300', '2016-04-29 16:05:43', '2016-04-29 16:05:43');
INSERT INTO `region` VALUES ('330327', '苍南县', '0', '0', '330300', '2016-04-29 16:05:43', '2016-04-29 16:05:43');
INSERT INTO `region` VALUES ('330328', '文成县', '0', '0', '330300', '2016-04-29 16:05:43', '2016-04-29 16:05:43');
INSERT INTO `region` VALUES ('330329', '泰顺县', '0', '0', '330300', '2016-04-29 16:05:43', '2016-04-29 16:05:43');
INSERT INTO `region` VALUES ('330381', '瑞安市', '0', '0', '330300', '2016-04-29 16:05:43', '2016-04-29 16:05:43');
INSERT INTO `region` VALUES ('330382', '乐清市', '0', '0', '330300', '2016-04-29 16:05:43', '2016-04-29 16:05:43');
INSERT INTO `region` VALUES ('330401', '市辖区', '0', '0', '330400', '2016-04-29 16:05:43', '2016-04-29 16:05:43');
INSERT INTO `region` VALUES ('330402', '秀城区', '0', '0', '330400', '2016-04-29 16:05:43', '2016-04-29 16:05:43');
INSERT INTO `region` VALUES ('330411', '秀洲区', '0', '0', '330400', '2016-04-29 16:05:43', '2016-04-29 16:05:43');
INSERT INTO `region` VALUES ('330421', '嘉善县', '0', '0', '330400', '2016-04-29 16:05:43', '2016-04-29 16:05:43');
INSERT INTO `region` VALUES ('330424', '海盐县', '0', '0', '330400', '2016-04-29 16:05:43', '2016-04-29 16:05:43');
INSERT INTO `region` VALUES ('330481', '海宁市', '0', '0', '330400', '2016-04-29 16:05:43', '2016-04-29 16:05:43');
INSERT INTO `region` VALUES ('330482', '平湖市', '0', '0', '330400', '2016-04-29 16:05:43', '2016-04-29 16:05:43');
INSERT INTO `region` VALUES ('330483', '桐乡市', '0', '0', '330400', '2016-04-29 16:05:43', '2016-04-29 16:05:43');
INSERT INTO `region` VALUES ('330501', '市辖区', '0', '0', '330500', '2016-04-29 16:05:43', '2016-04-29 16:05:43');
INSERT INTO `region` VALUES ('330502', '吴兴区', '0', '0', '330500', '2016-04-29 16:05:43', '2016-04-29 16:05:43');
INSERT INTO `region` VALUES ('330503', '南浔区', '0', '0', '330500', '2016-04-29 16:05:43', '2016-04-29 16:05:43');
INSERT INTO `region` VALUES ('330521', '德清县', '0', '0', '330500', '2016-04-29 16:05:43', '2016-04-29 16:05:43');
INSERT INTO `region` VALUES ('330522', '长兴县', '0', '0', '330500', '2016-04-29 16:05:43', '2016-04-29 16:05:43');
INSERT INTO `region` VALUES ('330523', '安吉县', '0', '0', '330500', '2016-04-29 16:05:43', '2016-04-29 16:05:43');
INSERT INTO `region` VALUES ('330601', '市辖区', '0', '0', '330600', '2016-04-29 16:05:43', '2016-04-29 16:05:43');
INSERT INTO `region` VALUES ('330602', '越城区', '0', '0', '330600', '2016-04-29 16:05:43', '2016-04-29 16:05:43');
INSERT INTO `region` VALUES ('330621', '绍兴县', '0', '0', '330600', '2016-04-29 16:05:43', '2016-04-29 16:05:43');
INSERT INTO `region` VALUES ('330624', '新昌县', '0', '0', '330600', '2016-04-29 16:05:43', '2016-04-29 16:05:43');
INSERT INTO `region` VALUES ('330681', '诸暨市', '0', '0', '330600', '2016-04-29 16:05:43', '2016-04-29 16:05:43');
INSERT INTO `region` VALUES ('330682', '上虞市', '0', '0', '330600', '2016-04-29 16:05:43', '2016-04-29 16:05:43');
INSERT INTO `region` VALUES ('330683', '嵊州市', '0', '0', '330600', '2016-04-29 16:05:43', '2016-04-29 16:05:43');
INSERT INTO `region` VALUES ('330701', '市辖区', '0', '0', '330700', '2016-04-29 16:05:43', '2016-04-29 16:05:43');
INSERT INTO `region` VALUES ('330702', '婺城区', '0', '0', '330700', '2016-04-29 16:05:43', '2016-04-29 16:05:43');
INSERT INTO `region` VALUES ('330703', '金东区', '0', '0', '330700', '2016-04-29 16:05:43', '2016-04-29 16:05:43');
INSERT INTO `region` VALUES ('330723', '武义县', '0', '0', '330700', '2016-04-29 16:05:43', '2016-04-29 16:05:43');
INSERT INTO `region` VALUES ('330726', '浦江县', '0', '0', '330700', '2016-04-29 16:05:43', '2016-04-29 16:05:43');
INSERT INTO `region` VALUES ('330727', '磐安县', '0', '0', '330700', '2016-04-29 16:05:43', '2016-04-29 16:05:43');
INSERT INTO `region` VALUES ('330781', '兰溪市', '0', '0', '330700', '2016-04-29 16:05:43', '2016-04-29 16:05:43');
INSERT INTO `region` VALUES ('330782', '义乌市', '0', '0', '330700', '2016-04-29 16:05:43', '2016-04-29 16:05:43');
INSERT INTO `region` VALUES ('330783', '东阳市', '0', '0', '330700', '2016-04-29 16:05:43', '2016-04-29 16:05:43');
INSERT INTO `region` VALUES ('330784', '永康市', '0', '0', '330700', '2016-04-29 16:05:43', '2016-04-29 16:05:43');
INSERT INTO `region` VALUES ('330801', '市辖区', '0', '0', '330800', '2016-04-29 16:05:43', '2016-04-29 16:05:43');
INSERT INTO `region` VALUES ('330802', '柯城区', '0', '0', '330800', '2016-04-29 16:05:43', '2016-04-29 16:05:43');
INSERT INTO `region` VALUES ('330803', '衢江区', '0', '0', '330800', '2016-04-29 16:05:43', '2016-04-29 16:05:43');
INSERT INTO `region` VALUES ('330822', '常山县', '0', '0', '330800', '2016-04-29 16:05:43', '2016-04-29 16:05:43');
INSERT INTO `region` VALUES ('330824', '开化县', '0', '0', '330800', '2016-04-29 16:05:43', '2016-04-29 16:05:43');
INSERT INTO `region` VALUES ('330825', '龙游县', '0', '0', '330800', '2016-04-29 16:05:43', '2016-04-29 16:05:43');
INSERT INTO `region` VALUES ('330881', '江山市', '0', '0', '330800', '2016-04-29 16:05:43', '2016-04-29 16:05:43');
INSERT INTO `region` VALUES ('330901', '市辖区', '0', '0', '330900', '2016-04-29 16:05:43', '2016-04-29 16:05:43');
INSERT INTO `region` VALUES ('330902', '定海区', '0', '0', '330900', '2016-04-29 16:05:43', '2016-04-29 16:05:43');
INSERT INTO `region` VALUES ('330903', '普陀区', '0', '0', '330900', '2016-04-29 16:05:43', '2016-04-29 16:05:43');
INSERT INTO `region` VALUES ('330921', '岱山县', '0', '0', '330900', '2016-04-29 16:05:43', '2016-04-29 16:05:43');
INSERT INTO `region` VALUES ('330922', '嵊泗县', '0', '0', '330900', '2016-04-29 16:05:43', '2016-04-29 16:05:43');
INSERT INTO `region` VALUES ('331001', '市辖区', '0', '0', '331000', '2016-04-29 16:05:43', '2016-04-29 16:05:43');
INSERT INTO `region` VALUES ('331002', '椒江区', '0', '0', '331000', '2016-04-29 16:05:43', '2016-04-29 16:05:43');
INSERT INTO `region` VALUES ('331003', '黄岩区', '0', '0', '331000', '2016-04-29 16:05:43', '2016-04-29 16:05:43');
INSERT INTO `region` VALUES ('331004', '路桥区', '0', '0', '331000', '2016-04-29 16:05:43', '2016-04-29 16:05:43');
INSERT INTO `region` VALUES ('331021', '玉环县', '0', '0', '331000', '2016-04-29 16:05:43', '2016-04-29 16:05:43');
INSERT INTO `region` VALUES ('331022', '三门县', '0', '0', '331000', '2016-04-29 16:05:43', '2016-04-29 16:05:43');
INSERT INTO `region` VALUES ('331023', '天台县', '0', '0', '331000', '2016-04-29 16:05:43', '2016-04-29 16:05:43');
INSERT INTO `region` VALUES ('331024', '仙居县', '0', '0', '331000', '2016-04-29 16:05:43', '2016-04-29 16:05:43');
INSERT INTO `region` VALUES ('331081', '温岭市', '0', '0', '331000', '2016-04-29 16:05:43', '2016-04-29 16:05:43');
INSERT INTO `region` VALUES ('331082', '临海市', '0', '0', '331000', '2016-04-29 16:05:43', '2016-04-29 16:05:43');
INSERT INTO `region` VALUES ('331101', '市辖区', '0', '0', '331100', '2016-04-29 16:05:43', '2016-04-29 16:05:43');
INSERT INTO `region` VALUES ('331102', '莲都区', '0', '0', '331100', '2016-04-29 16:05:43', '2016-04-29 16:05:43');
INSERT INTO `region` VALUES ('331121', '青田县', '0', '0', '331100', '2016-04-29 16:05:43', '2016-04-29 16:05:43');
INSERT INTO `region` VALUES ('331122', '缙云县', '0', '0', '331100', '2016-04-29 16:05:43', '2016-04-29 16:05:43');
INSERT INTO `region` VALUES ('331123', '遂昌县', '0', '0', '331100', '2016-04-29 16:05:43', '2016-04-29 16:05:43');
INSERT INTO `region` VALUES ('331124', '松阳县', '0', '0', '331100', '2016-04-29 16:05:43', '2016-04-29 16:05:43');
INSERT INTO `region` VALUES ('331125', '云和县', '0', '0', '331100', '2016-04-29 16:05:43', '2016-04-29 16:05:43');
INSERT INTO `region` VALUES ('331126', '庆元县', '0', '0', '331100', '2016-04-29 16:05:43', '2016-04-29 16:05:43');
INSERT INTO `region` VALUES ('331127', '景宁畲族自治县', '0', '0', '331100', '2016-04-29 16:05:43', '2016-04-29 16:05:43');
INSERT INTO `region` VALUES ('331181', '龙泉市', '0', '0', '331100', '2016-04-29 16:05:43', '2016-04-29 16:05:43');
INSERT INTO `region` VALUES ('340101', '市辖区', '0', '0', '340100', '2016-04-29 16:05:43', '2016-04-29 16:05:43');
INSERT INTO `region` VALUES ('340102', '瑶海区', '0', '0', '340100', '2016-04-29 16:05:43', '2016-04-29 16:05:43');
INSERT INTO `region` VALUES ('340103', '庐阳区', '0', '0', '340100', '2016-04-29 16:05:43', '2016-04-29 16:05:43');
INSERT INTO `region` VALUES ('340104', '蜀山区', '0', '0', '340100', '2016-04-29 16:05:43', '2016-04-29 16:05:43');
INSERT INTO `region` VALUES ('340111', '包河区', '0', '0', '340100', '2016-04-29 16:05:43', '2016-04-29 16:05:43');
INSERT INTO `region` VALUES ('340121', '长丰县', '0', '0', '340100', '2016-04-29 16:05:43', '2016-04-29 16:05:43');
INSERT INTO `region` VALUES ('340122', '肥东县', '0', '0', '340100', '2016-04-29 16:05:43', '2016-04-29 16:05:43');
INSERT INTO `region` VALUES ('340123', '肥西县', '0', '0', '340100', '2016-04-29 16:05:43', '2016-04-29 16:05:43');
INSERT INTO `region` VALUES ('340201', '市辖区', '0', '0', '340200', '2016-04-29 16:05:43', '2016-04-29 16:05:43');
INSERT INTO `region` VALUES ('340202', '镜湖区', '0', '0', '340200', '2016-04-29 16:05:43', '2016-04-29 16:05:43');
INSERT INTO `region` VALUES ('340203', '马塘区', '0', '0', '340200', '2016-04-29 16:05:43', '2016-04-29 16:05:43');
INSERT INTO `region` VALUES ('340204', '新芜区', '0', '0', '340200', '2016-04-29 16:05:43', '2016-04-29 16:05:43');
INSERT INTO `region` VALUES ('340207', '鸠江区', '0', '0', '340200', '2016-04-29 16:05:43', '2016-04-29 16:05:43');
INSERT INTO `region` VALUES ('340221', '芜湖县', '0', '0', '340200', '2016-04-29 16:05:43', '2016-04-29 16:05:43');
INSERT INTO `region` VALUES ('340222', '繁昌县', '0', '0', '340200', '2016-04-29 16:05:43', '2016-04-29 16:05:43');
INSERT INTO `region` VALUES ('340223', '南陵县', '0', '0', '340200', '2016-04-29 16:05:43', '2016-04-29 16:05:43');
INSERT INTO `region` VALUES ('340301', '市辖区', '0', '0', '340300', '2016-04-29 16:05:43', '2016-04-29 16:05:43');
INSERT INTO `region` VALUES ('340302', '龙子湖区', '0', '0', '340300', '2016-04-29 16:05:43', '2016-04-29 16:05:43');
INSERT INTO `region` VALUES ('340303', '蚌山区', '0', '0', '340300', '2016-04-29 16:05:43', '2016-04-29 16:05:43');
INSERT INTO `region` VALUES ('340304', '禹会区', '0', '0', '340300', '2016-04-29 16:05:43', '2016-04-29 16:05:43');
INSERT INTO `region` VALUES ('340311', '淮上区', '0', '0', '340300', '2016-04-29 16:05:43', '2016-04-29 16:05:43');
INSERT INTO `region` VALUES ('340321', '怀远县', '0', '0', '340300', '2016-04-29 16:05:43', '2016-04-29 16:05:43');
INSERT INTO `region` VALUES ('340322', '五河县', '0', '0', '340300', '2016-04-29 16:05:43', '2016-04-29 16:05:43');
INSERT INTO `region` VALUES ('340323', '固镇县', '0', '0', '340300', '2016-04-29 16:05:43', '2016-04-29 16:05:43');
INSERT INTO `region` VALUES ('340401', '市辖区', '0', '0', '340400', '2016-04-29 16:05:43', '2016-04-29 16:05:43');
INSERT INTO `region` VALUES ('340402', '大通区', '0', '0', '340400', '2016-04-29 16:05:43', '2016-04-29 16:05:43');
INSERT INTO `region` VALUES ('340403', '田家庵区', '0', '0', '340400', '2016-04-29 16:05:43', '2016-04-29 16:05:43');
INSERT INTO `region` VALUES ('340404', '谢家集区', '0', '0', '340400', '2016-04-29 16:05:43', '2016-04-29 16:05:43');
INSERT INTO `region` VALUES ('340405', '八公山区', '0', '0', '340400', '2016-04-29 16:05:43', '2016-04-29 16:05:43');
INSERT INTO `region` VALUES ('340406', '潘集区', '0', '0', '340400', '2016-04-29 16:05:43', '2016-04-29 16:05:43');
INSERT INTO `region` VALUES ('340421', '凤台县', '0', '0', '340400', '2016-04-29 16:05:43', '2016-04-29 16:05:43');
INSERT INTO `region` VALUES ('340501', '市辖区', '0', '0', '340500', '2016-04-29 16:05:43', '2016-04-29 16:05:43');
INSERT INTO `region` VALUES ('340502', '金家庄区', '0', '0', '340500', '2016-04-29 16:05:43', '2016-04-29 16:05:43');
INSERT INTO `region` VALUES ('340503', '花山区', '0', '0', '340500', '2016-04-29 16:05:43', '2016-04-29 16:05:43');
INSERT INTO `region` VALUES ('340504', '雨山区', '0', '0', '340500', '2016-04-29 16:05:43', '2016-04-29 16:05:43');
INSERT INTO `region` VALUES ('340521', '当涂县', '0', '0', '340500', '2016-04-29 16:05:43', '2016-04-29 16:05:43');
INSERT INTO `region` VALUES ('340601', '市辖区', '0', '0', '340600', '2016-04-29 16:05:43', '2016-04-29 16:05:43');
INSERT INTO `region` VALUES ('340602', '杜集区', '0', '0', '340600', '2016-04-29 16:05:43', '2016-04-29 16:05:43');
INSERT INTO `region` VALUES ('340603', '相山区', '0', '0', '340600', '2016-04-29 16:05:43', '2016-04-29 16:05:43');
INSERT INTO `region` VALUES ('340604', '烈山区', '0', '0', '340600', '2016-04-29 16:05:43', '2016-04-29 16:05:43');
INSERT INTO `region` VALUES ('340621', '濉溪县', '0', '0', '340600', '2016-04-29 16:05:43', '2016-04-29 16:05:43');
INSERT INTO `region` VALUES ('340701', '市辖区', '0', '0', '340700', '2016-04-29 16:05:43', '2016-04-29 16:05:43');
INSERT INTO `region` VALUES ('340702', '铜官山区', '0', '0', '340700', '2016-04-29 16:05:43', '2016-04-29 16:05:43');
INSERT INTO `region` VALUES ('340703', '狮子山区', '0', '0', '340700', '2016-04-29 16:05:43', '2016-04-29 16:05:43');
INSERT INTO `region` VALUES ('340711', '郊　区', '0', '0', '340700', '2016-04-29 16:05:43', '2016-04-29 16:05:43');
INSERT INTO `region` VALUES ('340721', '铜陵县', '0', '0', '340700', '2016-04-29 16:05:43', '2016-04-29 16:05:43');
INSERT INTO `region` VALUES ('340801', '市辖区', '0', '0', '340800', '2016-04-29 16:05:43', '2016-04-29 16:05:43');
INSERT INTO `region` VALUES ('340802', '迎江区', '0', '0', '340800', '2016-04-29 16:05:43', '2016-04-29 16:05:43');
INSERT INTO `region` VALUES ('340803', '大观区', '0', '0', '340800', '2016-04-29 16:05:43', '2016-04-29 16:05:43');
INSERT INTO `region` VALUES ('340811', '郊　区', '0', '0', '340800', '2016-04-29 16:05:43', '2016-04-29 16:05:43');
INSERT INTO `region` VALUES ('340822', '怀宁县', '0', '0', '340800', '2016-04-29 16:05:43', '2016-04-29 16:05:43');
INSERT INTO `region` VALUES ('340823', '枞阳县', '0', '0', '340800', '2016-04-29 16:05:43', '2016-04-29 16:05:43');
INSERT INTO `region` VALUES ('340824', '潜山县', '0', '0', '340800', '2016-04-29 16:05:43', '2016-04-29 16:05:43');
INSERT INTO `region` VALUES ('340825', '太湖县', '0', '0', '340800', '2016-04-29 16:05:43', '2016-04-29 16:05:43');
INSERT INTO `region` VALUES ('340826', '宿松县', '0', '0', '340800', '2016-04-29 16:05:43', '2016-04-29 16:05:43');
INSERT INTO `region` VALUES ('340827', '望江县', '0', '0', '340800', '2016-04-29 16:05:43', '2016-04-29 16:05:43');
INSERT INTO `region` VALUES ('340828', '岳西县', '0', '0', '340800', '2016-04-29 16:05:43', '2016-04-29 16:05:43');
INSERT INTO `region` VALUES ('340881', '桐城市', '0', '0', '340800', '2016-04-29 16:05:43', '2016-04-29 16:05:43');
INSERT INTO `region` VALUES ('341001', '市辖区', '0', '0', '341000', '2016-04-29 16:05:43', '2016-04-29 16:05:43');
INSERT INTO `region` VALUES ('341002', '屯溪区', '0', '0', '341000', '2016-04-29 16:05:43', '2016-04-29 16:05:43');
INSERT INTO `region` VALUES ('341003', '黄山区', '0', '0', '341000', '2016-04-29 16:05:43', '2016-04-29 16:05:43');
INSERT INTO `region` VALUES ('341004', '徽州区', '0', '0', '341000', '2016-04-29 16:05:43', '2016-04-29 16:05:43');
INSERT INTO `region` VALUES ('341021', '歙　县', '0', '0', '341000', '2016-04-29 16:05:43', '2016-04-29 16:05:43');
INSERT INTO `region` VALUES ('341022', '休宁县', '0', '0', '341000', '2016-04-29 16:05:43', '2016-04-29 16:05:43');
INSERT INTO `region` VALUES ('341023', '黟　县', '0', '0', '341000', '2016-04-29 16:05:43', '2016-04-29 16:05:43');
INSERT INTO `region` VALUES ('341024', '祁门县', '0', '0', '341000', '2016-04-29 16:05:43', '2016-04-29 16:05:43');
INSERT INTO `region` VALUES ('341101', '市辖区', '0', '0', '341100', '2016-04-29 16:05:43', '2016-04-29 16:05:43');
INSERT INTO `region` VALUES ('341102', '琅琊区', '0', '0', '341100', '2016-04-29 16:05:43', '2016-04-29 16:05:43');
INSERT INTO `region` VALUES ('341103', '南谯区', '0', '0', '341100', '2016-04-29 16:05:43', '2016-04-29 16:05:43');
INSERT INTO `region` VALUES ('341122', '来安县', '0', '0', '341100', '2016-04-29 16:05:43', '2016-04-29 16:05:43');
INSERT INTO `region` VALUES ('341124', '全椒县', '0', '0', '341100', '2016-04-29 16:05:43', '2016-04-29 16:05:43');
INSERT INTO `region` VALUES ('341125', '定远县', '0', '0', '341100', '2016-04-29 16:05:43', '2016-04-29 16:05:43');
INSERT INTO `region` VALUES ('341126', '凤阳县', '0', '0', '341100', '2016-04-29 16:05:43', '2016-04-29 16:05:43');
INSERT INTO `region` VALUES ('341181', '天长市', '0', '0', '341100', '2016-04-29 16:05:43', '2016-04-29 16:05:43');
INSERT INTO `region` VALUES ('341182', '明光市', '0', '0', '341100', '2016-04-29 16:05:43', '2016-04-29 16:05:43');
INSERT INTO `region` VALUES ('341201', '市辖区', '0', '0', '341200', '2016-04-29 16:05:43', '2016-04-29 16:05:43');
INSERT INTO `region` VALUES ('341202', '颍州区', '0', '0', '341200', '2016-04-29 16:05:43', '2016-04-29 16:05:43');
INSERT INTO `region` VALUES ('341203', '颍东区', '0', '0', '341200', '2016-04-29 16:05:43', '2016-04-29 16:05:43');
INSERT INTO `region` VALUES ('341204', '颍泉区', '0', '0', '341200', '2016-04-29 16:05:43', '2016-04-29 16:05:43');
INSERT INTO `region` VALUES ('341221', '临泉县', '0', '0', '341200', '2016-04-29 16:05:43', '2016-04-29 16:05:43');
INSERT INTO `region` VALUES ('341222', '太和县', '0', '0', '341200', '2016-04-29 16:05:43', '2016-04-29 16:05:43');
INSERT INTO `region` VALUES ('341225', '阜南县', '0', '0', '341200', '2016-04-29 16:05:43', '2016-04-29 16:05:43');
INSERT INTO `region` VALUES ('341226', '颍上县', '0', '0', '341200', '2016-04-29 16:05:43', '2016-04-29 16:05:43');
INSERT INTO `region` VALUES ('341282', '界首市', '0', '0', '341200', '2016-04-29 16:05:43', '2016-04-29 16:05:43');
INSERT INTO `region` VALUES ('341301', '市辖区', '0', '0', '341300', '2016-04-29 16:05:43', '2016-04-29 16:05:43');
INSERT INTO `region` VALUES ('341302', '墉桥区', '0', '0', '341300', '2016-04-29 16:05:43', '2016-04-29 16:05:43');
INSERT INTO `region` VALUES ('341321', '砀山县', '0', '0', '341300', '2016-04-29 16:05:43', '2016-04-29 16:05:43');
INSERT INTO `region` VALUES ('341322', '萧　县', '0', '0', '341300', '2016-04-29 16:05:43', '2016-04-29 16:05:43');
INSERT INTO `region` VALUES ('341323', '灵璧县', '0', '0', '341300', '2016-04-29 16:05:43', '2016-04-29 16:05:43');
INSERT INTO `region` VALUES ('341324', '泗　县', '0', '0', '341300', '2016-04-29 16:05:43', '2016-04-29 16:05:43');
INSERT INTO `region` VALUES ('341401', '市辖区', '0', '0', '341400', '2016-04-29 16:05:43', '2016-04-29 16:05:43');
INSERT INTO `region` VALUES ('341402', '居巢区', '0', '0', '341400', '2016-04-29 16:05:43', '2016-04-29 16:05:43');
INSERT INTO `region` VALUES ('341421', '庐江县', '0', '0', '341400', '2016-04-29 16:05:43', '2016-04-29 16:05:43');
INSERT INTO `region` VALUES ('341422', '无为县', '0', '0', '341400', '2016-04-29 16:05:43', '2016-04-29 16:05:43');
INSERT INTO `region` VALUES ('341423', '含山县', '0', '0', '341400', '2016-04-29 16:05:43', '2016-04-29 16:05:43');
INSERT INTO `region` VALUES ('341424', '和　县', '0', '0', '341400', '2016-04-29 16:05:43', '2016-04-29 16:05:43');
INSERT INTO `region` VALUES ('341501', '市辖区', '0', '0', '341500', '2016-04-29 16:05:43', '2016-04-29 16:05:43');
INSERT INTO `region` VALUES ('341502', '金安区', '0', '0', '341500', '2016-04-29 16:05:43', '2016-04-29 16:05:43');
INSERT INTO `region` VALUES ('341503', '裕安区', '0', '0', '341500', '2016-04-29 16:05:43', '2016-04-29 16:05:43');
INSERT INTO `region` VALUES ('341521', '寿　县', '0', '0', '341500', '2016-04-29 16:05:43', '2016-04-29 16:05:43');
INSERT INTO `region` VALUES ('341522', '霍邱县', '0', '0', '341500', '2016-04-29 16:05:43', '2016-04-29 16:05:43');
INSERT INTO `region` VALUES ('341523', '舒城县', '0', '0', '341500', '2016-04-29 16:05:43', '2016-04-29 16:05:43');
INSERT INTO `region` VALUES ('341524', '金寨县', '0', '0', '341500', '2016-04-29 16:05:43', '2016-04-29 16:05:43');
INSERT INTO `region` VALUES ('341525', '霍山县', '0', '0', '341500', '2016-04-29 16:05:43', '2016-04-29 16:05:43');
INSERT INTO `region` VALUES ('341601', '市辖区', '0', '0', '341600', '2016-04-29 16:05:43', '2016-04-29 16:05:43');
INSERT INTO `region` VALUES ('341602', '谯城区', '0', '0', '341600', '2016-04-29 16:05:43', '2016-04-29 16:05:43');
INSERT INTO `region` VALUES ('341621', '涡阳县', '0', '0', '341600', '2016-04-29 16:05:43', '2016-04-29 16:05:43');
INSERT INTO `region` VALUES ('341622', '蒙城县', '0', '0', '341600', '2016-04-29 16:05:43', '2016-04-29 16:05:43');
INSERT INTO `region` VALUES ('341623', '利辛县', '0', '0', '341600', '2016-04-29 16:05:43', '2016-04-29 16:05:43');
INSERT INTO `region` VALUES ('341701', '市辖区', '0', '0', '341700', '2016-04-29 16:05:43', '2016-04-29 16:05:43');
INSERT INTO `region` VALUES ('341702', '贵池区', '0', '0', '341700', '2016-04-29 16:05:43', '2016-04-29 16:05:43');
INSERT INTO `region` VALUES ('341721', '东至县', '0', '0', '341700', '2016-04-29 16:05:43', '2016-04-29 16:05:43');
INSERT INTO `region` VALUES ('341722', '石台县', '0', '0', '341700', '2016-04-29 16:05:43', '2016-04-29 16:05:43');
INSERT INTO `region` VALUES ('341723', '青阳县', '0', '0', '341700', '2016-04-29 16:05:43', '2016-04-29 16:05:43');
INSERT INTO `region` VALUES ('341801', '市辖区', '0', '0', '341800', '2016-04-29 16:05:43', '2016-04-29 16:05:43');
INSERT INTO `region` VALUES ('341802', '宣州区', '0', '0', '341800', '2016-04-29 16:05:43', '2016-04-29 16:05:43');
INSERT INTO `region` VALUES ('341821', '郎溪县', '0', '0', '341800', '2016-04-29 16:05:43', '2016-04-29 16:05:43');
INSERT INTO `region` VALUES ('341822', '广德县', '0', '0', '341800', '2016-04-29 16:05:43', '2016-04-29 16:05:43');
INSERT INTO `region` VALUES ('341823', '泾　县', '0', '0', '341800', '2016-04-29 16:05:43', '2016-04-29 16:05:43');
INSERT INTO `region` VALUES ('341824', '绩溪县', '0', '0', '341800', '2016-04-29 16:05:43', '2016-04-29 16:05:43');
INSERT INTO `region` VALUES ('341825', '旌德县', '0', '0', '341800', '2016-04-29 16:05:43', '2016-04-29 16:05:43');
INSERT INTO `region` VALUES ('341881', '宁国市', '0', '0', '341800', '2016-04-29 16:05:43', '2016-04-29 16:05:43');
INSERT INTO `region` VALUES ('350101', '市辖区', '0', '0', '350100', '2016-04-29 16:05:43', '2016-04-29 16:05:43');
INSERT INTO `region` VALUES ('350102', '鼓楼区', '0', '0', '350100', '2016-04-29 16:05:43', '2016-04-29 16:05:43');
INSERT INTO `region` VALUES ('350103', '台江区', '0', '0', '350100', '2016-04-29 16:05:43', '2016-04-29 16:05:43');
INSERT INTO `region` VALUES ('350104', '仓山区', '0', '0', '350100', '2016-04-29 16:05:43', '2016-04-29 16:05:43');
INSERT INTO `region` VALUES ('350105', '马尾区', '0', '0', '350100', '2016-04-29 16:05:43', '2016-04-29 16:05:43');
INSERT INTO `region` VALUES ('350111', '晋安区', '0', '0', '350100', '2016-04-29 16:05:43', '2016-04-29 16:05:43');
INSERT INTO `region` VALUES ('350121', '闽侯县', '0', '0', '350100', '2016-04-29 16:05:43', '2016-04-29 16:05:43');
INSERT INTO `region` VALUES ('350122', '连江县', '0', '0', '350100', '2016-04-29 16:05:43', '2016-04-29 16:05:43');
INSERT INTO `region` VALUES ('350123', '罗源县', '0', '0', '350100', '2016-04-29 16:05:43', '2016-04-29 16:05:43');
INSERT INTO `region` VALUES ('350124', '闽清县', '0', '0', '350100', '2016-04-29 16:05:43', '2016-04-29 16:05:43');
INSERT INTO `region` VALUES ('350125', '永泰县', '0', '0', '350100', '2016-04-29 16:05:43', '2016-04-29 16:05:43');
INSERT INTO `region` VALUES ('350128', '平潭县', '0', '0', '350100', '2016-04-29 16:05:43', '2016-04-29 16:05:43');
INSERT INTO `region` VALUES ('350181', '福清市', '0', '0', '350100', '2016-04-29 16:05:43', '2016-04-29 16:05:43');
INSERT INTO `region` VALUES ('350182', '长乐市', '0', '0', '350100', '2016-04-29 16:05:43', '2016-04-29 16:05:43');
INSERT INTO `region` VALUES ('350201', '市辖区', '0', '0', '350200', '2016-04-29 16:05:43', '2016-04-29 16:05:43');
INSERT INTO `region` VALUES ('350203', '思明区', '0', '0', '350200', '2016-04-29 16:05:43', '2016-04-29 16:05:43');
INSERT INTO `region` VALUES ('350205', '海沧区', '0', '0', '350200', '2016-04-29 16:05:43', '2016-04-29 16:05:43');
INSERT INTO `region` VALUES ('350206', '湖里区', '0', '0', '350200', '2016-04-29 16:05:43', '2016-04-29 16:05:43');
INSERT INTO `region` VALUES ('350211', '集美区', '0', '0', '350200', '2016-04-29 16:05:43', '2016-04-29 16:05:43');
INSERT INTO `region` VALUES ('350212', '同安区', '0', '0', '350200', '2016-04-29 16:05:43', '2016-04-29 16:05:43');
INSERT INTO `region` VALUES ('350213', '翔安区', '0', '0', '350200', '2016-04-29 16:05:43', '2016-04-29 16:05:43');
INSERT INTO `region` VALUES ('350301', '市辖区', '0', '0', '350300', '2016-04-29 16:05:43', '2016-04-29 16:05:43');
INSERT INTO `region` VALUES ('350302', '城厢区', '0', '0', '350300', '2016-04-29 16:05:43', '2016-04-29 16:05:43');
INSERT INTO `region` VALUES ('350303', '涵江区', '0', '0', '350300', '2016-04-29 16:05:43', '2016-04-29 16:05:43');
INSERT INTO `region` VALUES ('350304', '荔城区', '0', '0', '350300', '2016-04-29 16:05:43', '2016-04-29 16:05:43');
INSERT INTO `region` VALUES ('350305', '秀屿区', '0', '0', '350300', '2016-04-29 16:05:43', '2016-04-29 16:05:43');
INSERT INTO `region` VALUES ('350322', '仙游县', '0', '0', '350300', '2016-04-29 16:05:43', '2016-04-29 16:05:43');
INSERT INTO `region` VALUES ('350401', '市辖区', '0', '0', '350400', '2016-04-29 16:05:43', '2016-04-29 16:05:43');
INSERT INTO `region` VALUES ('350402', '梅列区', '0', '0', '350400', '2016-04-29 16:05:43', '2016-04-29 16:05:43');
INSERT INTO `region` VALUES ('350403', '三元区', '0', '0', '350400', '2016-04-29 16:05:43', '2016-04-29 16:05:43');
INSERT INTO `region` VALUES ('350421', '明溪县', '0', '0', '350400', '2016-04-29 16:05:43', '2016-04-29 16:05:43');
INSERT INTO `region` VALUES ('350423', '清流县', '0', '0', '350400', '2016-04-29 16:05:43', '2016-04-29 16:05:43');
INSERT INTO `region` VALUES ('350424', '宁化县', '0', '0', '350400', '2016-04-29 16:05:43', '2016-04-29 16:05:43');
INSERT INTO `region` VALUES ('350425', '大田县', '0', '0', '350400', '2016-04-29 16:05:43', '2016-04-29 16:05:43');
INSERT INTO `region` VALUES ('350426', '尤溪县', '0', '0', '350400', '2016-04-29 16:05:43', '2016-04-29 16:05:43');
INSERT INTO `region` VALUES ('350427', '沙　县', '0', '0', '350400', '2016-04-29 16:05:43', '2016-04-29 16:05:43');
INSERT INTO `region` VALUES ('350428', '将乐县', '0', '0', '350400', '2016-04-29 16:05:43', '2016-04-29 16:05:43');
INSERT INTO `region` VALUES ('350429', '泰宁县', '0', '0', '350400', '2016-04-29 16:05:43', '2016-04-29 16:05:43');
INSERT INTO `region` VALUES ('350430', '建宁县', '0', '0', '350400', '2016-04-29 16:05:43', '2016-04-29 16:05:43');
INSERT INTO `region` VALUES ('350481', '永安市', '0', '0', '350400', '2016-04-29 16:05:43', '2016-04-29 16:05:43');
INSERT INTO `region` VALUES ('350501', '市辖区', '0', '0', '350500', '2016-04-29 16:05:43', '2016-04-29 16:05:43');
INSERT INTO `region` VALUES ('350502', '鲤城区', '0', '0', '350500', '2016-04-29 16:05:43', '2016-04-29 16:05:43');
INSERT INTO `region` VALUES ('350503', '丰泽区', '0', '0', '350500', '2016-04-29 16:05:43', '2016-04-29 16:05:43');
INSERT INTO `region` VALUES ('350504', '洛江区', '0', '0', '350500', '2016-04-29 16:05:43', '2016-04-29 16:05:43');
INSERT INTO `region` VALUES ('350505', '泉港区', '0', '0', '350500', '2016-04-29 16:05:43', '2016-04-29 16:05:43');
INSERT INTO `region` VALUES ('350521', '惠安县', '0', '0', '350500', '2016-04-29 16:05:43', '2016-04-29 16:05:43');
INSERT INTO `region` VALUES ('350524', '安溪县', '0', '0', '350500', '2016-04-29 16:05:43', '2016-04-29 16:05:43');
INSERT INTO `region` VALUES ('350525', '永春县', '0', '0', '350500', '2016-04-29 16:05:43', '2016-04-29 16:05:43');
INSERT INTO `region` VALUES ('350526', '德化县', '0', '0', '350500', '2016-04-29 16:05:43', '2016-04-29 16:05:43');
INSERT INTO `region` VALUES ('350527', '金门县', '0', '0', '350500', '2016-04-29 16:05:43', '2016-04-29 16:05:43');
INSERT INTO `region` VALUES ('350581', '石狮市', '0', '0', '350500', '2016-04-29 16:05:43', '2016-04-29 16:05:43');
INSERT INTO `region` VALUES ('350582', '晋江市', '0', '0', '350500', '2016-04-29 16:05:43', '2016-04-29 16:05:43');
INSERT INTO `region` VALUES ('350583', '南安市', '0', '0', '350500', '2016-04-29 16:05:43', '2016-04-29 16:05:43');
INSERT INTO `region` VALUES ('350601', '市辖区', '0', '0', '350600', '2016-04-29 16:05:43', '2016-04-29 16:05:43');
INSERT INTO `region` VALUES ('350602', '芗城区', '0', '0', '350600', '2016-04-29 16:05:43', '2016-04-29 16:05:43');
INSERT INTO `region` VALUES ('350603', '龙文区', '0', '0', '350600', '2016-04-29 16:05:43', '2016-04-29 16:05:43');
INSERT INTO `region` VALUES ('350622', '云霄县', '0', '0', '350600', '2016-04-29 16:05:43', '2016-04-29 16:05:43');
INSERT INTO `region` VALUES ('350623', '漳浦县', '0', '0', '350600', '2016-04-29 16:05:43', '2016-04-29 16:05:43');
INSERT INTO `region` VALUES ('350624', '诏安县', '0', '0', '350600', '2016-04-29 16:05:43', '2016-04-29 16:05:43');
INSERT INTO `region` VALUES ('350625', '长泰县', '0', '0', '350600', '2016-04-29 16:05:43', '2016-04-29 16:05:43');
INSERT INTO `region` VALUES ('350626', '东山县', '0', '0', '350600', '2016-04-29 16:05:43', '2016-04-29 16:05:43');
INSERT INTO `region` VALUES ('350627', '南靖县', '0', '0', '350600', '2016-04-29 16:05:43', '2016-04-29 16:05:43');
INSERT INTO `region` VALUES ('350628', '平和县', '0', '0', '350600', '2016-04-29 16:05:43', '2016-04-29 16:05:43');
INSERT INTO `region` VALUES ('350629', '华安县', '0', '0', '350600', '2016-04-29 16:05:43', '2016-04-29 16:05:43');
INSERT INTO `region` VALUES ('350681', '龙海市', '0', '0', '350600', '2016-04-29 16:05:43', '2016-04-29 16:05:43');
INSERT INTO `region` VALUES ('350701', '市辖区', '0', '0', '350700', '2016-04-29 16:05:43', '2016-04-29 16:05:43');
INSERT INTO `region` VALUES ('350702', '延平区', '0', '0', '350700', '2016-04-29 16:05:43', '2016-04-29 16:05:43');
INSERT INTO `region` VALUES ('350721', '顺昌县', '0', '0', '350700', '2016-04-29 16:05:43', '2016-04-29 16:05:43');
INSERT INTO `region` VALUES ('350722', '浦城县', '0', '0', '350700', '2016-04-29 16:05:43', '2016-04-29 16:05:43');
INSERT INTO `region` VALUES ('350723', '光泽县', '0', '0', '350700', '2016-04-29 16:05:43', '2016-04-29 16:05:43');
INSERT INTO `region` VALUES ('350724', '松溪县', '0', '0', '350700', '2016-04-29 16:05:43', '2016-04-29 16:05:43');
INSERT INTO `region` VALUES ('350725', '政和县', '0', '0', '350700', '2016-04-29 16:05:43', '2016-04-29 16:05:43');
INSERT INTO `region` VALUES ('350781', '邵武市', '0', '0', '350700', '2016-04-29 16:05:43', '2016-04-29 16:05:43');
INSERT INTO `region` VALUES ('350782', '武夷山市', '0', '0', '350700', '2016-04-29 16:05:43', '2016-04-29 16:05:43');
INSERT INTO `region` VALUES ('350783', '建瓯市', '0', '0', '350700', '2016-04-29 16:05:43', '2016-04-29 16:05:43');
INSERT INTO `region` VALUES ('350784', '建阳市', '0', '0', '350700', '2016-04-29 16:05:43', '2016-04-29 16:05:43');
INSERT INTO `region` VALUES ('350801', '市辖区', '0', '0', '350800', '2016-04-29 16:05:43', '2016-04-29 16:05:43');
INSERT INTO `region` VALUES ('350802', '新罗区', '0', '0', '350800', '2016-04-29 16:05:43', '2016-04-29 16:05:43');
INSERT INTO `region` VALUES ('350821', '长汀县', '0', '0', '350800', '2016-04-29 16:05:43', '2016-04-29 16:05:43');
INSERT INTO `region` VALUES ('350822', '永定县', '0', '0', '350800', '2016-04-29 16:05:43', '2016-04-29 16:05:43');
INSERT INTO `region` VALUES ('350823', '上杭县', '0', '0', '350800', '2016-04-29 16:05:43', '2016-04-29 16:05:43');
INSERT INTO `region` VALUES ('350824', '武平县', '0', '0', '350800', '2016-04-29 16:05:43', '2016-04-29 16:05:43');
INSERT INTO `region` VALUES ('350825', '连城县', '0', '0', '350800', '2016-04-29 16:05:43', '2016-04-29 16:05:43');
INSERT INTO `region` VALUES ('350881', '漳平市', '0', '0', '350800', '2016-04-29 16:05:43', '2016-04-29 16:05:43');
INSERT INTO `region` VALUES ('350901', '市辖区', '0', '0', '350900', '2016-04-29 16:05:43', '2016-04-29 16:05:43');
INSERT INTO `region` VALUES ('350902', '蕉城区', '0', '0', '350900', '2016-04-29 16:05:43', '2016-04-29 16:05:43');
INSERT INTO `region` VALUES ('350921', '霞浦县', '0', '0', '350900', '2016-04-29 16:05:43', '2016-04-29 16:05:43');
INSERT INTO `region` VALUES ('350922', '古田县', '0', '0', '350900', '2016-04-29 16:05:43', '2016-04-29 16:05:43');
INSERT INTO `region` VALUES ('350923', '屏南县', '0', '0', '350900', '2016-04-29 16:05:43', '2016-04-29 16:05:43');
INSERT INTO `region` VALUES ('350924', '寿宁县', '0', '0', '350900', '2016-04-29 16:05:43', '2016-04-29 16:05:43');
INSERT INTO `region` VALUES ('350925', '周宁县', '0', '0', '350900', '2016-04-29 16:05:43', '2016-04-29 16:05:43');
INSERT INTO `region` VALUES ('350926', '柘荣县', '0', '0', '350900', '2016-04-29 16:05:43', '2016-04-29 16:05:43');
INSERT INTO `region` VALUES ('350981', '福安市', '0', '0', '350900', '2016-04-29 16:05:43', '2016-04-29 16:05:43');
INSERT INTO `region` VALUES ('350982', '福鼎市', '0', '0', '350900', '2016-04-29 16:05:43', '2016-04-29 16:05:43');
INSERT INTO `region` VALUES ('360101', '市辖区', '0', '0', '360100', '2016-04-29 16:05:43', '2016-04-29 16:05:43');
INSERT INTO `region` VALUES ('360102', '东湖区', '0', '0', '360100', '2016-04-29 16:05:43', '2016-04-29 16:05:43');
INSERT INTO `region` VALUES ('360103', '西湖区', '0', '0', '360100', '2016-04-29 16:05:43', '2016-04-29 16:05:43');
INSERT INTO `region` VALUES ('360104', '青云谱区', '0', '0', '360100', '2016-04-29 16:05:43', '2016-04-29 16:05:43');
INSERT INTO `region` VALUES ('360105', '湾里区', '0', '0', '360100', '2016-04-29 16:05:43', '2016-04-29 16:05:43');
INSERT INTO `region` VALUES ('360111', '青山湖区', '0', '0', '360100', '2016-04-29 16:05:43', '2016-04-29 16:05:43');
INSERT INTO `region` VALUES ('360121', '南昌县', '0', '0', '360100', '2016-04-29 16:05:43', '2016-04-29 16:05:43');
INSERT INTO `region` VALUES ('360122', '新建县', '0', '0', '360100', '2016-04-29 16:05:43', '2016-04-29 16:05:43');
INSERT INTO `region` VALUES ('360123', '安义县', '0', '0', '360100', '2016-04-29 16:05:43', '2016-04-29 16:05:43');
INSERT INTO `region` VALUES ('360124', '进贤县', '0', '0', '360100', '2016-04-29 16:05:43', '2016-04-29 16:05:43');
INSERT INTO `region` VALUES ('360201', '市辖区', '0', '0', '360200', '2016-04-29 16:05:43', '2016-04-29 16:05:43');
INSERT INTO `region` VALUES ('360202', '昌江区', '0', '0', '360200', '2016-04-29 16:05:43', '2016-04-29 16:05:43');
INSERT INTO `region` VALUES ('360203', '珠山区', '0', '0', '360200', '2016-04-29 16:05:43', '2016-04-29 16:05:43');
INSERT INTO `region` VALUES ('360222', '浮梁县', '0', '0', '360200', '2016-04-29 16:05:43', '2016-04-29 16:05:43');
INSERT INTO `region` VALUES ('360281', '乐平市', '0', '0', '360200', '2016-04-29 16:05:43', '2016-04-29 16:05:43');
INSERT INTO `region` VALUES ('360301', '市辖区', '0', '0', '360300', '2016-04-29 16:05:43', '2016-04-29 16:05:43');
INSERT INTO `region` VALUES ('360302', '安源区', '0', '0', '360300', '2016-04-29 16:05:43', '2016-04-29 16:05:43');
INSERT INTO `region` VALUES ('360313', '湘东区', '0', '0', '360300', '2016-04-29 16:05:43', '2016-04-29 16:05:43');
INSERT INTO `region` VALUES ('360321', '莲花县', '0', '0', '360300', '2016-04-29 16:05:43', '2016-04-29 16:05:43');
INSERT INTO `region` VALUES ('360322', '上栗县', '0', '0', '360300', '2016-04-29 16:05:43', '2016-04-29 16:05:43');
INSERT INTO `region` VALUES ('360323', '芦溪县', '0', '0', '360300', '2016-04-29 16:05:43', '2016-04-29 16:05:43');
INSERT INTO `region` VALUES ('360401', '市辖区', '0', '0', '360400', '2016-04-29 16:05:43', '2016-04-29 16:05:43');
INSERT INTO `region` VALUES ('360402', '庐山区', '0', '0', '360400', '2016-04-29 16:05:43', '2016-04-29 16:05:43');
INSERT INTO `region` VALUES ('360403', '浔阳区', '0', '0', '360400', '2016-04-29 16:05:43', '2016-04-29 16:05:43');
INSERT INTO `region` VALUES ('360421', '九江县', '0', '0', '360400', '2016-04-29 16:05:43', '2016-04-29 16:05:43');
INSERT INTO `region` VALUES ('360423', '武宁县', '0', '0', '360400', '2016-04-29 16:05:43', '2016-04-29 16:05:43');
INSERT INTO `region` VALUES ('360424', '修水县', '0', '0', '360400', '2016-04-29 16:05:43', '2016-04-29 16:05:43');
INSERT INTO `region` VALUES ('360425', '永修县', '0', '0', '360400', '2016-04-29 16:05:43', '2016-04-29 16:05:43');
INSERT INTO `region` VALUES ('360426', '德安县', '0', '0', '360400', '2016-04-29 16:05:43', '2016-04-29 16:05:43');
INSERT INTO `region` VALUES ('360427', '星子县', '0', '0', '360400', '2016-04-29 16:05:43', '2016-04-29 16:05:43');
INSERT INTO `region` VALUES ('360428', '都昌县', '0', '0', '360400', '2016-04-29 16:05:43', '2016-04-29 16:05:43');
INSERT INTO `region` VALUES ('360429', '湖口县', '0', '0', '360400', '2016-04-29 16:05:43', '2016-04-29 16:05:43');
INSERT INTO `region` VALUES ('360430', '彭泽县', '0', '0', '360400', '2016-04-29 16:05:43', '2016-04-29 16:05:43');
INSERT INTO `region` VALUES ('360481', '瑞昌市', '0', '0', '360400', '2016-04-29 16:05:43', '2016-04-29 16:05:43');
INSERT INTO `region` VALUES ('360501', '市辖区', '0', '0', '360500', '2016-04-29 16:05:43', '2016-04-29 16:05:43');
INSERT INTO `region` VALUES ('360502', '渝水区', '0', '0', '360500', '2016-04-29 16:05:43', '2016-04-29 16:05:43');
INSERT INTO `region` VALUES ('360521', '分宜县', '0', '0', '360500', '2016-04-29 16:05:43', '2016-04-29 16:05:43');
INSERT INTO `region` VALUES ('360601', '市辖区', '0', '0', '360600', '2016-04-29 16:05:43', '2016-04-29 16:05:43');
INSERT INTO `region` VALUES ('360602', '月湖区', '0', '0', '360600', '2016-04-29 16:05:43', '2016-04-29 16:05:43');
INSERT INTO `region` VALUES ('360622', '余江县', '0', '0', '360600', '2016-04-29 16:05:43', '2016-04-29 16:05:43');
INSERT INTO `region` VALUES ('360681', '贵溪市', '0', '0', '360600', '2016-04-29 16:05:43', '2016-04-29 16:05:43');
INSERT INTO `region` VALUES ('360701', '市辖区', '0', '0', '360700', '2016-04-29 16:05:43', '2016-04-29 16:05:43');
INSERT INTO `region` VALUES ('360702', '章贡区', '0', '0', '360700', '2016-04-29 16:05:43', '2016-04-29 16:05:43');
INSERT INTO `region` VALUES ('360721', '赣　县', '0', '0', '360700', '2016-04-29 16:05:43', '2016-04-29 16:05:43');
INSERT INTO `region` VALUES ('360722', '信丰县', '0', '0', '360700', '2016-04-29 16:05:43', '2016-04-29 16:05:43');
INSERT INTO `region` VALUES ('360723', '大余县', '0', '0', '360700', '2016-04-29 16:05:43', '2016-04-29 16:05:43');
INSERT INTO `region` VALUES ('360724', '上犹县', '0', '0', '360700', '2016-04-29 16:05:43', '2016-04-29 16:05:43');
INSERT INTO `region` VALUES ('360725', '崇义县', '0', '0', '360700', '2016-04-29 16:05:43', '2016-04-29 16:05:43');
INSERT INTO `region` VALUES ('360726', '安远县', '0', '0', '360700', '2016-04-29 16:05:43', '2016-04-29 16:05:43');
INSERT INTO `region` VALUES ('360727', '龙南县', '0', '0', '360700', '2016-04-29 16:05:43', '2016-04-29 16:05:43');
INSERT INTO `region` VALUES ('360728', '定南县', '0', '0', '360700', '2016-04-29 16:05:43', '2016-04-29 16:05:43');
INSERT INTO `region` VALUES ('360729', '全南县', '0', '0', '360700', '2016-04-29 16:05:43', '2016-04-29 16:05:43');
INSERT INTO `region` VALUES ('360730', '宁都县', '0', '0', '360700', '2016-04-29 16:05:43', '2016-04-29 16:05:43');
INSERT INTO `region` VALUES ('360731', '于都县', '0', '0', '360700', '2016-04-29 16:05:43', '2016-04-29 16:05:43');
INSERT INTO `region` VALUES ('360732', '兴国县', '0', '0', '360700', '2016-04-29 16:05:43', '2016-04-29 16:05:43');
INSERT INTO `region` VALUES ('360733', '会昌县', '0', '0', '360700', '2016-04-29 16:05:43', '2016-04-29 16:05:43');
INSERT INTO `region` VALUES ('360734', '寻乌县', '0', '0', '360700', '2016-04-29 16:05:43', '2016-04-29 16:05:43');
INSERT INTO `region` VALUES ('360735', '石城县', '0', '0', '360700', '2016-04-29 16:05:43', '2016-04-29 16:05:43');
INSERT INTO `region` VALUES ('360781', '瑞金市', '0', '0', '360700', '2016-04-29 16:05:43', '2016-04-29 16:05:43');
INSERT INTO `region` VALUES ('360782', '南康市', '0', '0', '360700', '2016-04-29 16:05:43', '2016-04-29 16:05:43');
INSERT INTO `region` VALUES ('360801', '市辖区', '0', '0', '360800', '2016-04-29 16:05:43', '2016-04-29 16:05:43');
INSERT INTO `region` VALUES ('360802', '吉州区', '0', '0', '360800', '2016-04-29 16:05:43', '2016-04-29 16:05:43');
INSERT INTO `region` VALUES ('360803', '青原区', '0', '0', '360800', '2016-04-29 16:05:43', '2016-04-29 16:05:43');
INSERT INTO `region` VALUES ('360821', '吉安县', '0', '0', '360800', '2016-04-29 16:05:43', '2016-04-29 16:05:43');
INSERT INTO `region` VALUES ('360822', '吉水县', '0', '0', '360800', '2016-04-29 16:05:43', '2016-04-29 16:05:43');
INSERT INTO `region` VALUES ('360823', '峡江县', '0', '0', '360800', '2016-04-29 16:05:43', '2016-04-29 16:05:43');
INSERT INTO `region` VALUES ('360824', '新干县', '0', '0', '360800', '2016-04-29 16:05:43', '2016-04-29 16:05:43');
INSERT INTO `region` VALUES ('360825', '永丰县', '0', '0', '360800', '2016-04-29 16:05:43', '2016-04-29 16:05:43');
INSERT INTO `region` VALUES ('360826', '泰和县', '0', '0', '360800', '2016-04-29 16:05:43', '2016-04-29 16:05:43');
INSERT INTO `region` VALUES ('360827', '遂川县', '0', '0', '360800', '2016-04-29 16:05:43', '2016-04-29 16:05:43');
INSERT INTO `region` VALUES ('360828', '万安县', '0', '0', '360800', '2016-04-29 16:05:43', '2016-04-29 16:05:43');
INSERT INTO `region` VALUES ('360829', '安福县', '0', '0', '360800', '2016-04-29 16:05:43', '2016-04-29 16:05:43');
INSERT INTO `region` VALUES ('360830', '永新县', '0', '0', '360800', '2016-04-29 16:05:43', '2016-04-29 16:05:43');
INSERT INTO `region` VALUES ('360881', '井冈山市', '0', '0', '360800', '2016-04-29 16:05:43', '2016-04-29 16:05:43');
INSERT INTO `region` VALUES ('360901', '市辖区', '0', '0', '360900', '2016-04-29 16:05:43', '2016-04-29 16:05:43');
INSERT INTO `region` VALUES ('360902', '袁州区', '0', '0', '360900', '2016-04-29 16:05:43', '2016-04-29 16:05:43');
INSERT INTO `region` VALUES ('360921', '奉新县', '0', '0', '360900', '2016-04-29 16:05:43', '2016-04-29 16:05:43');
INSERT INTO `region` VALUES ('360922', '万载县', '0', '0', '360900', '2016-04-29 16:05:43', '2016-04-29 16:05:43');
INSERT INTO `region` VALUES ('360923', '上高县', '0', '0', '360900', '2016-04-29 16:05:43', '2016-04-29 16:05:43');
INSERT INTO `region` VALUES ('360924', '宜丰县', '0', '0', '360900', '2016-04-29 16:05:43', '2016-04-29 16:05:43');
INSERT INTO `region` VALUES ('360925', '靖安县', '0', '0', '360900', '2016-04-29 16:05:43', '2016-04-29 16:05:43');
INSERT INTO `region` VALUES ('360926', '铜鼓县', '0', '0', '360900', '2016-04-29 16:05:43', '2016-04-29 16:05:43');
INSERT INTO `region` VALUES ('360981', '丰城市', '0', '0', '360900', '2016-04-29 16:05:43', '2016-04-29 16:05:43');
INSERT INTO `region` VALUES ('360982', '樟树市', '0', '0', '360900', '2016-04-29 16:05:43', '2016-04-29 16:05:43');
INSERT INTO `region` VALUES ('360983', '高安市', '0', '0', '360900', '2016-04-29 16:05:43', '2016-04-29 16:05:43');
INSERT INTO `region` VALUES ('361001', '市辖区', '0', '0', '361000', '2016-04-29 16:05:43', '2016-04-29 16:05:43');
INSERT INTO `region` VALUES ('361002', '临川区', '0', '0', '361000', '2016-04-29 16:05:43', '2016-04-29 16:05:43');
INSERT INTO `region` VALUES ('361021', '南城县', '0', '0', '361000', '2016-04-29 16:05:43', '2016-04-29 16:05:43');
INSERT INTO `region` VALUES ('361022', '黎川县', '0', '0', '361000', '2016-04-29 16:05:43', '2016-04-29 16:05:43');
INSERT INTO `region` VALUES ('361023', '南丰县', '0', '0', '361000', '2016-04-29 16:05:43', '2016-04-29 16:05:43');
INSERT INTO `region` VALUES ('361024', '崇仁县', '0', '0', '361000', '2016-04-29 16:05:43', '2016-04-29 16:05:43');
INSERT INTO `region` VALUES ('361025', '乐安县', '0', '0', '361000', '2016-04-29 16:05:43', '2016-04-29 16:05:43');
INSERT INTO `region` VALUES ('361026', '宜黄县', '0', '0', '361000', '2016-04-29 16:05:43', '2016-04-29 16:05:43');
INSERT INTO `region` VALUES ('361027', '金溪县', '0', '0', '361000', '2016-04-29 16:05:43', '2016-04-29 16:05:43');
INSERT INTO `region` VALUES ('361028', '资溪县', '0', '0', '361000', '2016-04-29 16:05:43', '2016-04-29 16:05:43');
INSERT INTO `region` VALUES ('361029', '东乡县', '0', '0', '361000', '2016-04-29 16:05:43', '2016-04-29 16:05:43');
INSERT INTO `region` VALUES ('361030', '广昌县', '0', '0', '361000', '2016-04-29 16:05:43', '2016-04-29 16:05:43');
INSERT INTO `region` VALUES ('361101', '市辖区', '0', '0', '361100', '2016-04-29 16:05:43', '2016-04-29 16:05:43');
INSERT INTO `region` VALUES ('361102', '信州区', '0', '0', '361100', '2016-04-29 16:05:43', '2016-04-29 16:05:43');
INSERT INTO `region` VALUES ('361121', '上饶县', '0', '0', '361100', '2016-04-29 16:05:43', '2016-04-29 16:05:43');
INSERT INTO `region` VALUES ('361122', '广丰县', '0', '0', '361100', '2016-04-29 16:05:43', '2016-04-29 16:05:43');
INSERT INTO `region` VALUES ('361123', '玉山县', '0', '0', '361100', '2016-04-29 16:05:43', '2016-04-29 16:05:43');
INSERT INTO `region` VALUES ('361124', '铅山县', '0', '0', '361100', '2016-04-29 16:05:43', '2016-04-29 16:05:43');
INSERT INTO `region` VALUES ('361125', '横峰县', '0', '0', '361100', '2016-04-29 16:05:43', '2016-04-29 16:05:43');
INSERT INTO `region` VALUES ('361126', '弋阳县', '0', '0', '361100', '2016-04-29 16:05:43', '2016-04-29 16:05:43');
INSERT INTO `region` VALUES ('361127', '余干县', '0', '0', '361100', '2016-04-29 16:05:43', '2016-04-29 16:05:43');
INSERT INTO `region` VALUES ('361128', '鄱阳县', '0', '0', '361100', '2016-04-29 16:05:43', '2016-04-29 16:05:43');
INSERT INTO `region` VALUES ('361129', '万年县', '0', '0', '361100', '2016-04-29 16:05:43', '2016-04-29 16:05:43');
INSERT INTO `region` VALUES ('361130', '婺源县', '0', '0', '361100', '2016-04-29 16:05:43', '2016-04-29 16:05:43');
INSERT INTO `region` VALUES ('361181', '德兴市', '0', '0', '361100', '2016-04-29 16:05:43', '2016-04-29 16:05:43');
INSERT INTO `region` VALUES ('370101', '市辖区', '0', '0', '370100', '2016-04-29 16:05:43', '2016-04-29 16:05:43');
INSERT INTO `region` VALUES ('370102', '历下区', '0', '0', '370100', '2016-04-29 16:05:43', '2016-04-29 16:05:43');
INSERT INTO `region` VALUES ('370103', '市中区', '0', '0', '370100', '2016-04-29 16:05:43', '2016-04-29 16:05:43');
INSERT INTO `region` VALUES ('370104', '槐荫区', '0', '0', '370100', '2016-04-29 16:05:43', '2016-04-29 16:05:43');
INSERT INTO `region` VALUES ('370105', '天桥区', '0', '0', '370100', '2016-04-29 16:05:43', '2016-04-29 16:05:43');
INSERT INTO `region` VALUES ('370112', '历城区', '0', '0', '370100', '2016-04-29 16:05:43', '2016-04-29 16:05:43');
INSERT INTO `region` VALUES ('370113', '长清区', '0', '0', '370100', '2016-04-29 16:05:43', '2016-04-29 16:05:43');
INSERT INTO `region` VALUES ('370124', '平阴县', '0', '0', '370100', '2016-04-29 16:05:43', '2016-04-29 16:05:43');
INSERT INTO `region` VALUES ('370125', '济阳县', '0', '0', '370100', '2016-04-29 16:05:43', '2016-04-29 16:05:43');
INSERT INTO `region` VALUES ('370126', '商河县', '0', '0', '370100', '2016-04-29 16:05:43', '2016-04-29 16:05:43');
INSERT INTO `region` VALUES ('370181', '章丘市', '0', '0', '370100', '2016-04-29 16:05:43', '2016-04-29 16:05:43');
INSERT INTO `region` VALUES ('370201', '市辖区', '0', '0', '370200', '2016-04-29 16:05:43', '2016-04-29 16:05:43');
INSERT INTO `region` VALUES ('370202', '市南区', '0', '0', '370200', '2016-04-29 16:05:43', '2016-04-29 16:05:43');
INSERT INTO `region` VALUES ('370203', '市北区', '0', '0', '370200', '2016-04-29 16:05:43', '2016-04-29 16:05:43');
INSERT INTO `region` VALUES ('370205', '四方区', '0', '0', '370200', '2016-04-29 16:05:43', '2016-04-29 16:05:43');
INSERT INTO `region` VALUES ('370211', '黄岛区', '0', '0', '370200', '2016-04-29 16:05:43', '2016-04-29 16:05:43');
INSERT INTO `region` VALUES ('370212', '崂山区', '0', '0', '370200', '2016-04-29 16:05:43', '2016-04-29 16:05:43');
INSERT INTO `region` VALUES ('370213', '李沧区', '0', '0', '370200', '2016-04-29 16:05:43', '2016-04-29 16:05:43');
INSERT INTO `region` VALUES ('370214', '城阳区', '0', '0', '370200', '2016-04-29 16:05:43', '2016-04-29 16:05:43');
INSERT INTO `region` VALUES ('370281', '胶州市', '0', '0', '370200', '2016-04-29 16:05:43', '2016-04-29 16:05:43');
INSERT INTO `region` VALUES ('370282', '即墨市', '0', '0', '370200', '2016-04-29 16:05:43', '2016-04-29 16:05:43');
INSERT INTO `region` VALUES ('370283', '平度市', '0', '0', '370200', '2016-04-29 16:05:43', '2016-04-29 16:05:43');
INSERT INTO `region` VALUES ('370284', '胶南市', '0', '0', '370200', '2016-04-29 16:05:43', '2016-04-29 16:05:43');
INSERT INTO `region` VALUES ('370285', '莱西市', '0', '0', '370200', '2016-04-29 16:05:43', '2016-04-29 16:05:43');
INSERT INTO `region` VALUES ('370301', '市辖区', '0', '0', '370300', '2016-04-29 16:05:43', '2016-04-29 16:05:43');
INSERT INTO `region` VALUES ('370302', '淄川区', '0', '0', '370300', '2016-04-29 16:05:43', '2016-04-29 16:05:43');
INSERT INTO `region` VALUES ('370303', '张店区', '0', '0', '370300', '2016-04-29 16:05:43', '2016-04-29 16:05:43');
INSERT INTO `region` VALUES ('370304', '博山区', '0', '0', '370300', '2016-04-29 16:05:43', '2016-04-29 16:05:43');
INSERT INTO `region` VALUES ('370305', '临淄区', '0', '0', '370300', '2016-04-29 16:05:43', '2016-04-29 16:05:43');
INSERT INTO `region` VALUES ('370306', '周村区', '0', '0', '370300', '2016-04-29 16:05:43', '2016-04-29 16:05:43');
INSERT INTO `region` VALUES ('370321', '桓台县', '0', '0', '370300', '2016-04-29 16:05:43', '2016-04-29 16:05:43');
INSERT INTO `region` VALUES ('370322', '高青县', '0', '0', '370300', '2016-04-29 16:05:43', '2016-04-29 16:05:43');
INSERT INTO `region` VALUES ('370323', '沂源县', '0', '0', '370300', '2016-04-29 16:05:43', '2016-04-29 16:05:43');
INSERT INTO `region` VALUES ('370401', '市辖区', '0', '0', '370400', '2016-04-29 16:05:43', '2016-04-29 16:05:43');
INSERT INTO `region` VALUES ('370402', '市中区', '0', '0', '370400', '2016-04-29 16:05:43', '2016-04-29 16:05:43');
INSERT INTO `region` VALUES ('370403', '薛城区', '0', '0', '370400', '2016-04-29 16:05:43', '2016-04-29 16:05:43');
INSERT INTO `region` VALUES ('370404', '峄城区', '0', '0', '370400', '2016-04-29 16:05:43', '2016-04-29 16:05:43');
INSERT INTO `region` VALUES ('370405', '台儿庄区', '0', '0', '370400', '2016-04-29 16:05:43', '2016-04-29 16:05:43');
INSERT INTO `region` VALUES ('370406', '山亭区', '0', '0', '370400', '2016-04-29 16:05:43', '2016-04-29 16:05:43');
INSERT INTO `region` VALUES ('370481', '滕州市', '0', '0', '370400', '2016-04-29 16:05:43', '2016-04-29 16:05:43');
INSERT INTO `region` VALUES ('370501', '市辖区', '0', '0', '370500', '2016-04-29 16:05:43', '2016-04-29 16:05:43');
INSERT INTO `region` VALUES ('370502', '东营区', '0', '0', '370500', '2016-04-29 16:05:43', '2016-04-29 16:05:43');
INSERT INTO `region` VALUES ('370503', '河口区', '0', '0', '370500', '2016-04-29 16:05:43', '2016-04-29 16:05:43');
INSERT INTO `region` VALUES ('370521', '垦利县', '0', '0', '370500', '2016-04-29 16:05:43', '2016-04-29 16:05:43');
INSERT INTO `region` VALUES ('370522', '利津县', '0', '0', '370500', '2016-04-29 16:05:43', '2016-04-29 16:05:43');
INSERT INTO `region` VALUES ('370523', '广饶县', '0', '0', '370500', '2016-04-29 16:05:43', '2016-04-29 16:05:43');
INSERT INTO `region` VALUES ('370601', '市辖区', '0', '0', '370600', '2016-04-29 16:05:43', '2016-04-29 16:05:43');
INSERT INTO `region` VALUES ('370602', '芝罘区', '0', '0', '370600', '2016-04-29 16:05:43', '2016-04-29 16:05:43');
INSERT INTO `region` VALUES ('370611', '福山区', '0', '0', '370600', '2016-04-29 16:05:43', '2016-04-29 16:05:43');
INSERT INTO `region` VALUES ('370612', '牟平区', '0', '0', '370600', '2016-04-29 16:05:43', '2016-04-29 16:05:43');
INSERT INTO `region` VALUES ('370613', '莱山区', '0', '0', '370600', '2016-04-29 16:05:43', '2016-04-29 16:05:43');
INSERT INTO `region` VALUES ('370634', '长岛县', '0', '0', '370600', '2016-04-29 16:05:43', '2016-04-29 16:05:43');
INSERT INTO `region` VALUES ('370681', '龙口市', '0', '0', '370600', '2016-04-29 16:05:43', '2016-04-29 16:05:43');
INSERT INTO `region` VALUES ('370682', '莱阳市', '0', '0', '370600', '2016-04-29 16:05:43', '2016-04-29 16:05:43');
INSERT INTO `region` VALUES ('370683', '莱州市', '0', '0', '370600', '2016-04-29 16:05:43', '2016-04-29 16:05:43');
INSERT INTO `region` VALUES ('370684', '蓬莱市', '0', '0', '370600', '2016-04-29 16:05:43', '2016-04-29 16:05:43');
INSERT INTO `region` VALUES ('370685', '招远市', '0', '0', '370600', '2016-04-29 16:05:43', '2016-04-29 16:05:43');
INSERT INTO `region` VALUES ('370686', '栖霞市', '0', '0', '370600', '2016-04-29 16:05:43', '2016-04-29 16:05:43');
INSERT INTO `region` VALUES ('370687', '海阳市', '0', '0', '370600', '2016-04-29 16:05:43', '2016-04-29 16:05:43');
INSERT INTO `region` VALUES ('370701', '市辖区', '0', '0', '370700', '2016-04-29 16:05:43', '2016-04-29 16:05:43');
INSERT INTO `region` VALUES ('370702', '潍城区', '0', '0', '370700', '2016-04-29 16:05:43', '2016-04-29 16:05:43');
INSERT INTO `region` VALUES ('370703', '寒亭区', '0', '0', '370700', '2016-04-29 16:05:43', '2016-04-29 16:05:43');
INSERT INTO `region` VALUES ('370704', '坊子区', '0', '0', '370700', '2016-04-29 16:05:43', '2016-04-29 16:05:43');
INSERT INTO `region` VALUES ('370705', '奎文区', '0', '0', '370700', '2016-04-29 16:05:43', '2016-04-29 16:05:43');
INSERT INTO `region` VALUES ('370724', '临朐县', '0', '0', '370700', '2016-04-29 16:05:43', '2016-04-29 16:05:43');
INSERT INTO `region` VALUES ('370725', '昌乐县', '0', '0', '370700', '2016-04-29 16:05:43', '2016-04-29 16:05:43');
INSERT INTO `region` VALUES ('370781', '青州市', '0', '0', '370700', '2016-04-29 16:05:43', '2016-04-29 16:05:43');
INSERT INTO `region` VALUES ('370782', '诸城市', '0', '0', '370700', '2016-04-29 16:05:43', '2016-04-29 16:05:43');
INSERT INTO `region` VALUES ('370783', '寿光市', '0', '0', '370700', '2016-04-29 16:05:43', '2016-04-29 16:05:43');
INSERT INTO `region` VALUES ('370784', '安丘市', '0', '0', '370700', '2016-04-29 16:05:43', '2016-04-29 16:05:43');
INSERT INTO `region` VALUES ('370785', '高密市', '0', '0', '370700', '2016-04-29 16:05:43', '2016-04-29 16:05:43');
INSERT INTO `region` VALUES ('370786', '昌邑市', '0', '0', '370700', '2016-04-29 16:05:43', '2016-04-29 16:05:43');
INSERT INTO `region` VALUES ('370801', '市辖区', '0', '0', '370800', '2016-04-29 16:05:43', '2016-04-29 16:05:43');
INSERT INTO `region` VALUES ('370802', '市中区', '0', '0', '370800', '2016-04-29 16:05:43', '2016-04-29 16:05:43');
INSERT INTO `region` VALUES ('370811', '任城区', '0', '0', '370800', '2016-04-29 16:05:43', '2016-04-29 16:05:43');
INSERT INTO `region` VALUES ('370826', '微山县', '0', '0', '370800', '2016-04-29 16:05:43', '2016-04-29 16:05:43');
INSERT INTO `region` VALUES ('370827', '鱼台县', '0', '0', '370800', '2016-04-29 16:05:43', '2016-04-29 16:05:43');
INSERT INTO `region` VALUES ('370828', '金乡县', '0', '0', '370800', '2016-04-29 16:05:43', '2016-04-29 16:05:43');
INSERT INTO `region` VALUES ('370829', '嘉祥县', '0', '0', '370800', '2016-04-29 16:05:43', '2016-04-29 16:05:43');
INSERT INTO `region` VALUES ('370830', '汶上县', '0', '0', '370800', '2016-04-29 16:05:43', '2016-04-29 16:05:43');
INSERT INTO `region` VALUES ('370831', '泗水县', '0', '0', '370800', '2016-04-29 16:05:43', '2016-04-29 16:05:43');
INSERT INTO `region` VALUES ('370832', '梁山县', '0', '0', '370800', '2016-04-29 16:05:43', '2016-04-29 16:05:43');
INSERT INTO `region` VALUES ('370881', '曲阜市', '0', '0', '370800', '2016-04-29 16:05:43', '2016-04-29 16:05:43');
INSERT INTO `region` VALUES ('370882', '兖州市', '0', '0', '370800', '2016-04-29 16:05:43', '2016-04-29 16:05:43');
INSERT INTO `region` VALUES ('370883', '邹城市', '0', '0', '370800', '2016-04-29 16:05:43', '2016-04-29 16:05:43');
INSERT INTO `region` VALUES ('370901', '市辖区', '0', '0', '370900', '2016-04-29 16:05:43', '2016-04-29 16:05:43');
INSERT INTO `region` VALUES ('370902', '泰山区', '0', '0', '370900', '2016-04-29 16:05:43', '2016-04-29 16:05:43');
INSERT INTO `region` VALUES ('370903', '岱岳区', '0', '0', '370900', '2016-04-29 16:05:43', '2016-04-29 16:05:43');
INSERT INTO `region` VALUES ('370921', '宁阳县', '0', '0', '370900', '2016-04-29 16:05:43', '2016-04-29 16:05:43');
INSERT INTO `region` VALUES ('370923', '东平县', '0', '0', '370900', '2016-04-29 16:05:43', '2016-04-29 16:05:43');
INSERT INTO `region` VALUES ('370982', '新泰市', '0', '0', '370900', '2016-04-29 16:05:43', '2016-04-29 16:05:43');
INSERT INTO `region` VALUES ('370983', '肥城市', '0', '0', '370900', '2016-04-29 16:05:43', '2016-04-29 16:05:43');
INSERT INTO `region` VALUES ('371001', '市辖区', '0', '0', '371000', '2016-04-29 16:05:43', '2016-04-29 16:05:43');
INSERT INTO `region` VALUES ('371002', '环翠区', '0', '0', '371000', '2016-04-29 16:05:43', '2016-04-29 16:05:43');
INSERT INTO `region` VALUES ('371081', '文登市', '0', '0', '371000', '2016-04-29 16:05:43', '2016-04-29 16:05:43');
INSERT INTO `region` VALUES ('371082', '荣成市', '0', '0', '371000', '2016-04-29 16:05:43', '2016-04-29 16:05:43');
INSERT INTO `region` VALUES ('371083', '乳山市', '0', '0', '371000', '2016-04-29 16:05:43', '2016-04-29 16:05:43');
INSERT INTO `region` VALUES ('371101', '市辖区', '0', '0', '371100', '2016-04-29 16:05:43', '2016-04-29 16:05:43');
INSERT INTO `region` VALUES ('371102', '东港区', '0', '0', '371100', '2016-04-29 16:05:43', '2016-04-29 16:05:43');
INSERT INTO `region` VALUES ('371103', '岚山区', '0', '0', '371100', '2016-04-29 16:05:43', '2016-04-29 16:05:43');
INSERT INTO `region` VALUES ('371121', '五莲县', '0', '0', '371100', '2016-04-29 16:05:43', '2016-04-29 16:05:43');
INSERT INTO `region` VALUES ('371122', '莒　县', '0', '0', '371100', '2016-04-29 16:05:43', '2016-04-29 16:05:43');
INSERT INTO `region` VALUES ('371201', '市辖区', '0', '0', '371200', '2016-04-29 16:05:43', '2016-04-29 16:05:43');
INSERT INTO `region` VALUES ('371202', '莱城区', '0', '0', '371200', '2016-04-29 16:05:43', '2016-04-29 16:05:43');
INSERT INTO `region` VALUES ('371203', '钢城区', '0', '0', '371200', '2016-04-29 16:05:43', '2016-04-29 16:05:43');
INSERT INTO `region` VALUES ('371301', '市辖区', '0', '0', '371300', '2016-04-29 16:05:43', '2016-04-29 16:05:43');
INSERT INTO `region` VALUES ('371302', '兰山区', '0', '0', '371300', '2016-04-29 16:05:43', '2016-04-29 16:05:43');
INSERT INTO `region` VALUES ('371311', '罗庄区', '0', '0', '371300', '2016-04-29 16:05:43', '2016-04-29 16:05:43');
INSERT INTO `region` VALUES ('371312', '河东区', '0', '0', '371300', '2016-04-29 16:05:43', '2016-04-29 16:05:43');
INSERT INTO `region` VALUES ('371321', '沂南县', '0', '0', '371300', '2016-04-29 16:05:43', '2016-04-29 16:05:43');
INSERT INTO `region` VALUES ('371322', '郯城县', '0', '0', '371300', '2016-04-29 16:05:43', '2016-04-29 16:05:43');
INSERT INTO `region` VALUES ('371323', '沂水县', '0', '0', '371300', '2016-04-29 16:05:43', '2016-04-29 16:05:43');
INSERT INTO `region` VALUES ('371324', '苍山县', '0', '0', '371300', '2016-04-29 16:05:43', '2016-04-29 16:05:43');
INSERT INTO `region` VALUES ('371325', '费　县', '0', '0', '371300', '2016-04-29 16:05:43', '2016-04-29 16:05:43');
INSERT INTO `region` VALUES ('371326', '平邑县', '0', '0', '371300', '2016-04-29 16:05:43', '2016-04-29 16:05:43');
INSERT INTO `region` VALUES ('371327', '莒南县', '0', '0', '371300', '2016-04-29 16:05:43', '2016-04-29 16:05:43');
INSERT INTO `region` VALUES ('371328', '蒙阴县', '0', '0', '371300', '2016-04-29 16:05:43', '2016-04-29 16:05:43');
INSERT INTO `region` VALUES ('371329', '临沭县', '0', '0', '371300', '2016-04-29 16:05:43', '2016-04-29 16:05:43');
INSERT INTO `region` VALUES ('371401', '市辖区', '0', '0', '371400', '2016-04-29 16:05:43', '2016-04-29 16:05:43');
INSERT INTO `region` VALUES ('371402', '德城区', '0', '0', '371400', '2016-04-29 16:05:43', '2016-04-29 16:05:43');
INSERT INTO `region` VALUES ('371421', '陵　县', '0', '0', '371400', '2016-04-29 16:05:43', '2016-04-29 16:05:43');
INSERT INTO `region` VALUES ('371422', '宁津县', '0', '0', '371400', '2016-04-29 16:05:43', '2016-04-29 16:05:43');
INSERT INTO `region` VALUES ('371423', '庆云县', '0', '0', '371400', '2016-04-29 16:05:43', '2016-04-29 16:05:43');
INSERT INTO `region` VALUES ('371424', '临邑县', '0', '0', '371400', '2016-04-29 16:05:43', '2016-04-29 16:05:43');
INSERT INTO `region` VALUES ('371425', '齐河县', '0', '0', '371400', '2016-04-29 16:05:43', '2016-04-29 16:05:43');
INSERT INTO `region` VALUES ('371426', '平原县', '0', '0', '371400', '2016-04-29 16:05:43', '2016-04-29 16:05:43');
INSERT INTO `region` VALUES ('371427', '夏津县', '0', '0', '371400', '2016-04-29 16:05:43', '2016-04-29 16:05:43');
INSERT INTO `region` VALUES ('371428', '武城县', '0', '0', '371400', '2016-04-29 16:05:43', '2016-04-29 16:05:43');
INSERT INTO `region` VALUES ('371481', '乐陵市', '0', '0', '371400', '2016-04-29 16:05:43', '2016-04-29 16:05:43');
INSERT INTO `region` VALUES ('371482', '禹城市', '0', '0', '371400', '2016-04-29 16:05:43', '2016-04-29 16:05:43');
INSERT INTO `region` VALUES ('371501', '市辖区', '0', '0', '371500', '2016-04-29 16:05:43', '2016-04-29 16:05:43');
INSERT INTO `region` VALUES ('371502', '东昌府区', '0', '0', '371500', '2016-04-29 16:05:43', '2016-04-29 16:05:43');
INSERT INTO `region` VALUES ('371521', '阳谷县', '0', '0', '371500', '2016-04-29 16:05:43', '2016-04-29 16:05:43');
INSERT INTO `region` VALUES ('371522', '莘　县', '0', '0', '371500', '2016-04-29 16:05:43', '2016-04-29 16:05:43');
INSERT INTO `region` VALUES ('371523', '茌平县', '0', '0', '371500', '2016-04-29 16:05:43', '2016-04-29 16:05:43');
INSERT INTO `region` VALUES ('371524', '东阿县', '0', '0', '371500', '2016-04-29 16:05:43', '2016-04-29 16:05:43');
INSERT INTO `region` VALUES ('371525', '冠　县', '0', '0', '371500', '2016-04-29 16:05:43', '2016-04-29 16:05:43');
INSERT INTO `region` VALUES ('371526', '高唐县', '0', '0', '371500', '2016-04-29 16:05:43', '2016-04-29 16:05:43');
INSERT INTO `region` VALUES ('371581', '临清市', '0', '0', '371500', '2016-04-29 16:05:43', '2016-04-29 16:05:43');
INSERT INTO `region` VALUES ('371601', '市辖区', '0', '0', '371600', '2016-04-29 16:05:43', '2016-04-29 16:05:43');
INSERT INTO `region` VALUES ('371602', '滨城区', '0', '0', '371600', '2016-04-29 16:05:43', '2016-04-29 16:05:43');
INSERT INTO `region` VALUES ('371621', '惠民县', '0', '0', '371600', '2016-04-29 16:05:43', '2016-04-29 16:05:43');
INSERT INTO `region` VALUES ('371622', '阳信县', '0', '0', '371600', '2016-04-29 16:05:43', '2016-04-29 16:05:43');
INSERT INTO `region` VALUES ('371623', '无棣县', '0', '0', '371600', '2016-04-29 16:05:43', '2016-04-29 16:05:43');
INSERT INTO `region` VALUES ('371624', '沾化县', '0', '0', '371600', '2016-04-29 16:05:43', '2016-04-29 16:05:43');
INSERT INTO `region` VALUES ('371625', '博兴县', '0', '0', '371600', '2016-04-29 16:05:43', '2016-04-29 16:05:43');
INSERT INTO `region` VALUES ('371626', '邹平县', '0', '0', '371600', '2016-04-29 16:05:43', '2016-04-29 16:05:43');
INSERT INTO `region` VALUES ('371701', '市辖区', '0', '0', '371700', '2016-04-29 16:05:43', '2016-04-29 16:05:43');
INSERT INTO `region` VALUES ('371702', '牡丹区', '0', '0', '371700', '2016-04-29 16:05:43', '2016-04-29 16:05:43');
INSERT INTO `region` VALUES ('371721', '曹　县', '0', '0', '371700', '2016-04-29 16:05:43', '2016-04-29 16:05:43');
INSERT INTO `region` VALUES ('371722', '单　县', '0', '0', '371700', '2016-04-29 16:05:43', '2016-04-29 16:05:43');
INSERT INTO `region` VALUES ('371723', '成武县', '0', '0', '371700', '2016-04-29 16:05:43', '2016-04-29 16:05:43');
INSERT INTO `region` VALUES ('371724', '巨野县', '0', '0', '371700', '2016-04-29 16:05:43', '2016-04-29 16:05:43');
INSERT INTO `region` VALUES ('371725', '郓城县', '0', '0', '371700', '2016-04-29 16:05:43', '2016-04-29 16:05:43');
INSERT INTO `region` VALUES ('371726', '鄄城县', '0', '0', '371700', '2016-04-29 16:05:43', '2016-04-29 16:05:43');
INSERT INTO `region` VALUES ('371727', '定陶县', '0', '0', '371700', '2016-04-29 16:05:43', '2016-04-29 16:05:43');
INSERT INTO `region` VALUES ('371728', '东明县', '0', '0', '371700', '2016-04-29 16:05:43', '2016-04-29 16:05:43');
INSERT INTO `region` VALUES ('410101', '市辖区', '0', '0', '410100', '2016-04-29 16:05:43', '2016-04-29 16:05:43');
INSERT INTO `region` VALUES ('410102', '中原区', '0', '0', '410100', '2016-04-29 16:05:43', '2016-04-29 16:05:43');
INSERT INTO `region` VALUES ('410103', '二七区', '0', '0', '410100', '2016-04-29 16:05:43', '2016-04-29 16:05:43');
INSERT INTO `region` VALUES ('410104', '管城回族区', '0', '0', '410100', '2016-04-29 16:05:43', '2016-04-29 16:05:43');
INSERT INTO `region` VALUES ('410105', '金水区', '0', '0', '410100', '2016-04-29 16:05:43', '2016-04-29 16:05:43');
INSERT INTO `region` VALUES ('410106', '上街区', '0', '0', '410100', '2016-04-29 16:05:43', '2016-04-29 16:05:43');
INSERT INTO `region` VALUES ('410108', '邙山区', '0', '0', '410100', '2016-04-29 16:05:43', '2016-04-29 16:05:43');
INSERT INTO `region` VALUES ('410122', '中牟县', '0', '0', '410100', '2016-04-29 16:05:43', '2016-04-29 16:05:43');
INSERT INTO `region` VALUES ('410181', '巩义市', '0', '0', '410100', '2016-04-29 16:05:43', '2016-04-29 16:05:43');
INSERT INTO `region` VALUES ('410182', '荥阳市', '0', '0', '410100', '2016-04-29 16:05:43', '2016-04-29 16:05:43');
INSERT INTO `region` VALUES ('410183', '新密市', '0', '0', '410100', '2016-04-29 16:05:43', '2016-04-29 16:05:43');
INSERT INTO `region` VALUES ('410184', '新郑市', '0', '0', '410100', '2016-04-29 16:05:43', '2016-04-29 16:05:43');
INSERT INTO `region` VALUES ('410185', '登封市', '0', '0', '410100', '2016-04-29 16:05:43', '2016-04-29 16:05:43');
INSERT INTO `region` VALUES ('410201', '市辖区', '0', '0', '410200', '2016-04-29 16:05:43', '2016-04-29 16:05:43');
INSERT INTO `region` VALUES ('410202', '龙亭区', '0', '0', '410200', '2016-04-29 16:05:43', '2016-04-29 16:05:43');
INSERT INTO `region` VALUES ('410203', '顺河回族区', '0', '0', '410200', '2016-04-29 16:05:43', '2016-04-29 16:05:43');
INSERT INTO `region` VALUES ('410204', '鼓楼区', '0', '0', '410200', '2016-04-29 16:05:43', '2016-04-29 16:05:43');
INSERT INTO `region` VALUES ('410205', '南关区', '0', '0', '410200', '2016-04-29 16:05:43', '2016-04-29 16:05:43');
INSERT INTO `region` VALUES ('410211', '郊　区', '0', '0', '410200', '2016-04-29 16:05:43', '2016-04-29 16:05:43');
INSERT INTO `region` VALUES ('410221', '杞　县', '0', '0', '410200', '2016-04-29 16:05:43', '2016-04-29 16:05:43');
INSERT INTO `region` VALUES ('410222', '通许县', '0', '0', '410200', '2016-04-29 16:05:43', '2016-04-29 16:05:43');
INSERT INTO `region` VALUES ('410223', '尉氏县', '0', '0', '410200', '2016-04-29 16:05:43', '2016-04-29 16:05:43');
INSERT INTO `region` VALUES ('410224', '开封县', '0', '0', '410200', '2016-04-29 16:05:43', '2016-04-29 16:05:43');
INSERT INTO `region` VALUES ('410225', '兰考县', '0', '0', '410200', '2016-04-29 16:05:43', '2016-04-29 16:05:43');
INSERT INTO `region` VALUES ('410301', '市辖区', '0', '0', '410300', '2016-04-29 16:05:43', '2016-04-29 16:05:43');
INSERT INTO `region` VALUES ('410302', '老城区', '0', '0', '410300', '2016-04-29 16:05:43', '2016-04-29 16:05:43');
INSERT INTO `region` VALUES ('410303', '西工区', '0', '0', '410300', '2016-04-29 16:05:43', '2016-04-29 16:05:43');
INSERT INTO `region` VALUES ('410304', '廛河回族区', '0', '0', '410300', '2016-04-29 16:05:43', '2016-04-29 16:05:43');
INSERT INTO `region` VALUES ('410305', '涧西区', '0', '0', '410300', '2016-04-29 16:05:43', '2016-04-29 16:05:43');
INSERT INTO `region` VALUES ('410306', '吉利区', '0', '0', '410300', '2016-04-29 16:05:43', '2016-04-29 16:05:43');
INSERT INTO `region` VALUES ('410307', '洛龙区', '0', '0', '410300', '2016-04-29 16:05:43', '2016-04-29 16:05:43');
INSERT INTO `region` VALUES ('410322', '孟津县', '0', '0', '410300', '2016-04-29 16:05:43', '2016-04-29 16:05:43');
INSERT INTO `region` VALUES ('410323', '新安县', '0', '0', '410300', '2016-04-29 16:05:43', '2016-04-29 16:05:43');
INSERT INTO `region` VALUES ('410324', '栾川县', '0', '0', '410300', '2016-04-29 16:05:43', '2016-04-29 16:05:43');
INSERT INTO `region` VALUES ('410325', '嵩　县', '0', '0', '410300', '2016-04-29 16:05:43', '2016-04-29 16:05:43');
INSERT INTO `region` VALUES ('410326', '汝阳县', '0', '0', '410300', '2016-04-29 16:05:43', '2016-04-29 16:05:43');
INSERT INTO `region` VALUES ('410327', '宜阳县', '0', '0', '410300', '2016-04-29 16:05:43', '2016-04-29 16:05:43');
INSERT INTO `region` VALUES ('410328', '洛宁县', '0', '0', '410300', '2016-04-29 16:05:43', '2016-04-29 16:05:43');
INSERT INTO `region` VALUES ('410329', '伊川县', '0', '0', '410300', '2016-04-29 16:05:43', '2016-04-29 16:05:43');
INSERT INTO `region` VALUES ('410381', '偃师市', '0', '0', '410300', '2016-04-29 16:05:43', '2016-04-29 16:05:43');
INSERT INTO `region` VALUES ('410401', '市辖区', '0', '0', '410400', '2016-04-29 16:05:43', '2016-04-29 16:05:43');
INSERT INTO `region` VALUES ('410402', '新华区', '0', '0', '410400', '2016-04-29 16:05:43', '2016-04-29 16:05:43');
INSERT INTO `region` VALUES ('410403', '卫东区', '0', '0', '410400', '2016-04-29 16:05:43', '2016-04-29 16:05:43');
INSERT INTO `region` VALUES ('410404', '石龙区', '0', '0', '410400', '2016-04-29 16:05:43', '2016-04-29 16:05:43');
INSERT INTO `region` VALUES ('410411', '湛河区', '0', '0', '410400', '2016-04-29 16:05:43', '2016-04-29 16:05:43');
INSERT INTO `region` VALUES ('410421', '宝丰县', '0', '0', '410400', '2016-04-29 16:05:43', '2016-04-29 16:05:43');
INSERT INTO `region` VALUES ('410422', '叶　县', '0', '0', '410400', '2016-04-29 16:05:43', '2016-04-29 16:05:43');
INSERT INTO `region` VALUES ('410423', '鲁山县', '0', '0', '410400', '2016-04-29 16:05:43', '2016-04-29 16:05:43');
INSERT INTO `region` VALUES ('410425', '郏　县', '0', '0', '410400', '2016-04-29 16:05:43', '2016-04-29 16:05:43');
INSERT INTO `region` VALUES ('410481', '舞钢市', '0', '0', '410400', '2016-04-29 16:05:43', '2016-04-29 16:05:43');
INSERT INTO `region` VALUES ('410482', '汝州市', '0', '0', '410400', '2016-04-29 16:05:43', '2016-04-29 16:05:43');
INSERT INTO `region` VALUES ('410501', '市辖区', '0', '0', '410500', '2016-04-29 16:05:43', '2016-04-29 16:05:43');
INSERT INTO `region` VALUES ('410502', '文峰区', '0', '0', '410500', '2016-04-29 16:05:43', '2016-04-29 16:05:43');
INSERT INTO `region` VALUES ('410503', '北关区', '0', '0', '410500', '2016-04-29 16:05:43', '2016-04-29 16:05:43');
INSERT INTO `region` VALUES ('410505', '殷都区', '0', '0', '410500', '2016-04-29 16:05:43', '2016-04-29 16:05:43');
INSERT INTO `region` VALUES ('410506', '龙安区', '0', '0', '410500', '2016-04-29 16:05:43', '2016-04-29 16:05:43');
INSERT INTO `region` VALUES ('410522', '安阳县', '0', '0', '410500', '2016-04-29 16:05:43', '2016-04-29 16:05:43');
INSERT INTO `region` VALUES ('410523', '汤阴县', '0', '0', '410500', '2016-04-29 16:05:43', '2016-04-29 16:05:43');
INSERT INTO `region` VALUES ('410526', '滑　县', '0', '0', '410500', '2016-04-29 16:05:43', '2016-04-29 16:05:43');
INSERT INTO `region` VALUES ('410527', '内黄县', '0', '0', '410500', '2016-04-29 16:05:43', '2016-04-29 16:05:43');
INSERT INTO `region` VALUES ('410581', '林州市', '0', '0', '410500', '2016-04-29 16:05:43', '2016-04-29 16:05:43');
INSERT INTO `region` VALUES ('410601', '市辖区', '0', '0', '410600', '2016-04-29 16:05:43', '2016-04-29 16:05:43');
INSERT INTO `region` VALUES ('410602', '鹤山区', '0', '0', '410600', '2016-04-29 16:05:43', '2016-04-29 16:05:43');
INSERT INTO `region` VALUES ('410603', '山城区', '0', '0', '410600', '2016-04-29 16:05:43', '2016-04-29 16:05:43');
INSERT INTO `region` VALUES ('410611', '淇滨区', '0', '0', '410600', '2016-04-29 16:05:43', '2016-04-29 16:05:43');
INSERT INTO `region` VALUES ('410621', '浚　县', '0', '0', '410600', '2016-04-29 16:05:43', '2016-04-29 16:05:43');
INSERT INTO `region` VALUES ('410622', '淇　县', '0', '0', '410600', '2016-04-29 16:05:43', '2016-04-29 16:05:43');
INSERT INTO `region` VALUES ('410701', '市辖区', '0', '0', '410700', '2016-04-29 16:05:43', '2016-04-29 16:05:43');
INSERT INTO `region` VALUES ('410702', '红旗区', '0', '0', '410700', '2016-04-29 16:05:43', '2016-04-29 16:05:43');
INSERT INTO `region` VALUES ('410703', '卫滨区', '0', '0', '410700', '2016-04-29 16:05:43', '2016-04-29 16:05:43');
INSERT INTO `region` VALUES ('410704', '凤泉区', '0', '0', '410700', '2016-04-29 16:05:43', '2016-04-29 16:05:43');
INSERT INTO `region` VALUES ('410711', '牧野区', '0', '0', '410700', '2016-04-29 16:05:43', '2016-04-29 16:05:43');
INSERT INTO `region` VALUES ('410721', '新乡县', '0', '0', '410700', '2016-04-29 16:05:43', '2016-04-29 16:05:43');
INSERT INTO `region` VALUES ('410724', '获嘉县', '0', '0', '410700', '2016-04-29 16:05:43', '2016-04-29 16:05:43');
INSERT INTO `region` VALUES ('410725', '原阳县', '0', '0', '410700', '2016-04-29 16:05:43', '2016-04-29 16:05:43');
INSERT INTO `region` VALUES ('410726', '延津县', '0', '0', '410700', '2016-04-29 16:05:43', '2016-04-29 16:05:43');
INSERT INTO `region` VALUES ('410727', '封丘县', '0', '0', '410700', '2016-04-29 16:05:43', '2016-04-29 16:05:43');
INSERT INTO `region` VALUES ('410728', '长垣县', '0', '0', '410700', '2016-04-29 16:05:43', '2016-04-29 16:05:43');
INSERT INTO `region` VALUES ('410781', '卫辉市', '0', '0', '410700', '2016-04-29 16:05:43', '2016-04-29 16:05:43');
INSERT INTO `region` VALUES ('410782', '辉县市', '0', '0', '410700', '2016-04-29 16:05:43', '2016-04-29 16:05:43');
INSERT INTO `region` VALUES ('410801', '市辖区', '0', '0', '410800', '2016-04-29 16:05:43', '2016-04-29 16:05:43');
INSERT INTO `region` VALUES ('410802', '解放区', '0', '0', '410800', '2016-04-29 16:05:43', '2016-04-29 16:05:43');
INSERT INTO `region` VALUES ('410803', '中站区', '0', '0', '410800', '2016-04-29 16:05:43', '2016-04-29 16:05:43');
INSERT INTO `region` VALUES ('410804', '马村区', '0', '0', '410800', '2016-04-29 16:05:43', '2016-04-29 16:05:43');
INSERT INTO `region` VALUES ('410811', '山阳区', '0', '0', '410800', '2016-04-29 16:05:43', '2016-04-29 16:05:43');
INSERT INTO `region` VALUES ('410821', '修武县', '0', '0', '410800', '2016-04-29 16:05:43', '2016-04-29 16:05:43');
INSERT INTO `region` VALUES ('410822', '博爱县', '0', '0', '410800', '2016-04-29 16:05:43', '2016-04-29 16:05:43');
INSERT INTO `region` VALUES ('410823', '武陟县', '0', '0', '410800', '2016-04-29 16:05:43', '2016-04-29 16:05:43');
INSERT INTO `region` VALUES ('410825', '温　县', '0', '0', '410800', '2016-04-29 16:05:43', '2016-04-29 16:05:43');
INSERT INTO `region` VALUES ('410881', '济源市', '0', '0', '410800', '2016-04-29 16:05:43', '2016-04-29 16:05:43');
INSERT INTO `region` VALUES ('410882', '沁阳市', '0', '0', '410800', '2016-04-29 16:05:43', '2016-04-29 16:05:43');
INSERT INTO `region` VALUES ('410883', '孟州市', '0', '0', '410800', '2016-04-29 16:05:43', '2016-04-29 16:05:43');
INSERT INTO `region` VALUES ('410901', '市辖区', '0', '0', '410900', '2016-04-29 16:05:43', '2016-04-29 16:05:43');
INSERT INTO `region` VALUES ('410902', '华龙区', '0', '0', '410900', '2016-04-29 16:05:43', '2016-04-29 16:05:43');
INSERT INTO `region` VALUES ('410922', '清丰县', '0', '0', '410900', '2016-04-29 16:05:43', '2016-04-29 16:05:43');
INSERT INTO `region` VALUES ('410923', '南乐县', '0', '0', '410900', '2016-04-29 16:05:43', '2016-04-29 16:05:43');
INSERT INTO `region` VALUES ('410926', '范　县', '0', '0', '410900', '2016-04-29 16:05:43', '2016-04-29 16:05:43');
INSERT INTO `region` VALUES ('410927', '台前县', '0', '0', '410900', '2016-04-29 16:05:43', '2016-04-29 16:05:43');
INSERT INTO `region` VALUES ('410928', '濮阳县', '0', '0', '410900', '2016-04-29 16:05:43', '2016-04-29 16:05:43');
INSERT INTO `region` VALUES ('411001', '市辖区', '0', '0', '411000', '2016-04-29 16:05:43', '2016-04-29 16:05:43');
INSERT INTO `region` VALUES ('411002', '魏都区', '0', '0', '411000', '2016-04-29 16:05:43', '2016-04-29 16:05:43');
INSERT INTO `region` VALUES ('411023', '许昌县', '0', '0', '411000', '2016-04-29 16:05:43', '2016-04-29 16:05:43');
INSERT INTO `region` VALUES ('411024', '鄢陵县', '0', '0', '411000', '2016-04-29 16:05:43', '2016-04-29 16:05:43');
INSERT INTO `region` VALUES ('411025', '襄城县', '0', '0', '411000', '2016-04-29 16:05:43', '2016-04-29 16:05:43');
INSERT INTO `region` VALUES ('411081', '禹州市', '0', '0', '411000', '2016-04-29 16:05:43', '2016-04-29 16:05:43');
INSERT INTO `region` VALUES ('411082', '长葛市', '0', '0', '411000', '2016-04-29 16:05:43', '2016-04-29 16:05:43');
INSERT INTO `region` VALUES ('411101', '市辖区', '0', '0', '411100', '2016-04-29 16:05:43', '2016-04-29 16:05:43');
INSERT INTO `region` VALUES ('411102', '源汇区', '0', '0', '411100', '2016-04-29 16:05:43', '2016-04-29 16:05:43');
INSERT INTO `region` VALUES ('411103', '郾城区', '0', '0', '411100', '2016-04-29 16:05:43', '2016-04-29 16:05:43');
INSERT INTO `region` VALUES ('411104', '召陵区', '0', '0', '411100', '2016-04-29 16:05:43', '2016-04-29 16:05:43');
INSERT INTO `region` VALUES ('411121', '舞阳县', '0', '0', '411100', '2016-04-29 16:05:43', '2016-04-29 16:05:43');
INSERT INTO `region` VALUES ('411122', '临颍县', '0', '0', '411100', '2016-04-29 16:05:43', '2016-04-29 16:05:43');
INSERT INTO `region` VALUES ('411201', '市辖区', '0', '0', '411200', '2016-04-29 16:05:43', '2016-04-29 16:05:43');
INSERT INTO `region` VALUES ('411202', '湖滨区', '0', '0', '411200', '2016-04-29 16:05:43', '2016-04-29 16:05:43');
INSERT INTO `region` VALUES ('411221', '渑池县', '0', '0', '411200', '2016-04-29 16:05:43', '2016-04-29 16:05:43');
INSERT INTO `region` VALUES ('411222', '陕　县', '0', '0', '411200', '2016-04-29 16:05:43', '2016-04-29 16:05:43');
INSERT INTO `region` VALUES ('411224', '卢氏县', '0', '0', '411200', '2016-04-29 16:05:43', '2016-04-29 16:05:43');
INSERT INTO `region` VALUES ('411281', '义马市', '0', '0', '411200', '2016-04-29 16:05:43', '2016-04-29 16:05:43');
INSERT INTO `region` VALUES ('411282', '灵宝市', '0', '0', '411200', '2016-04-29 16:05:43', '2016-04-29 16:05:43');
INSERT INTO `region` VALUES ('411301', '市辖区', '0', '0', '411300', '2016-04-29 16:05:43', '2016-04-29 16:05:43');
INSERT INTO `region` VALUES ('411302', '宛城区', '0', '0', '411300', '2016-04-29 16:05:43', '2016-04-29 16:05:43');
INSERT INTO `region` VALUES ('411303', '卧龙区', '0', '0', '411300', '2016-04-29 16:05:43', '2016-04-29 16:05:43');
INSERT INTO `region` VALUES ('411321', '南召县', '0', '0', '411300', '2016-04-29 16:05:43', '2016-04-29 16:05:43');
INSERT INTO `region` VALUES ('411322', '方城县', '0', '0', '411300', '2016-04-29 16:05:43', '2016-04-29 16:05:43');
INSERT INTO `region` VALUES ('411323', '西峡县', '0', '0', '411300', '2016-04-29 16:05:43', '2016-04-29 16:05:43');
INSERT INTO `region` VALUES ('411324', '镇平县', '0', '0', '411300', '2016-04-29 16:05:43', '2016-04-29 16:05:43');
INSERT INTO `region` VALUES ('411325', '内乡县', '0', '0', '411300', '2016-04-29 16:05:43', '2016-04-29 16:05:43');
INSERT INTO `region` VALUES ('411326', '淅川县', '0', '0', '411300', '2016-04-29 16:05:43', '2016-04-29 16:05:43');
INSERT INTO `region` VALUES ('411327', '社旗县', '0', '0', '411300', '2016-04-29 16:05:43', '2016-04-29 16:05:43');
INSERT INTO `region` VALUES ('411328', '唐河县', '0', '0', '411300', '2016-04-29 16:05:43', '2016-04-29 16:05:43');
INSERT INTO `region` VALUES ('411329', '新野县', '0', '0', '411300', '2016-04-29 16:05:43', '2016-04-29 16:05:43');
INSERT INTO `region` VALUES ('411330', '桐柏县', '0', '0', '411300', '2016-04-29 16:05:43', '2016-04-29 16:05:43');
INSERT INTO `region` VALUES ('411381', '邓州市', '0', '0', '411300', '2016-04-29 16:05:43', '2016-04-29 16:05:43');
INSERT INTO `region` VALUES ('411401', '市辖区', '0', '0', '411400', '2016-04-29 16:05:43', '2016-04-29 16:05:43');
INSERT INTO `region` VALUES ('411402', '梁园区', '0', '0', '411400', '2016-04-29 16:05:43', '2016-04-29 16:05:43');
INSERT INTO `region` VALUES ('411403', '睢阳区', '0', '0', '411400', '2016-04-29 16:05:43', '2016-04-29 16:05:43');
INSERT INTO `region` VALUES ('411421', '民权县', '0', '0', '411400', '2016-04-29 16:05:43', '2016-04-29 16:05:43');
INSERT INTO `region` VALUES ('411422', '睢　县', '0', '0', '411400', '2016-04-29 16:05:43', '2016-04-29 16:05:43');
INSERT INTO `region` VALUES ('411423', '宁陵县', '0', '0', '411400', '2016-04-29 16:05:43', '2016-04-29 16:05:43');
INSERT INTO `region` VALUES ('411424', '柘城县', '0', '0', '411400', '2016-04-29 16:05:43', '2016-04-29 16:05:43');
INSERT INTO `region` VALUES ('411425', '虞城县', '0', '0', '411400', '2016-04-29 16:05:43', '2016-04-29 16:05:43');
INSERT INTO `region` VALUES ('411426', '夏邑县', '0', '0', '411400', '2016-04-29 16:05:43', '2016-04-29 16:05:43');
INSERT INTO `region` VALUES ('411481', '永城市', '0', '0', '411400', '2016-04-29 16:05:43', '2016-04-29 16:05:43');
INSERT INTO `region` VALUES ('411501', '市辖区', '0', '0', '411500', '2016-04-29 16:05:43', '2016-04-29 16:05:43');
INSERT INTO `region` VALUES ('411502', '师河区', '0', '0', '411500', '2016-04-29 16:05:43', '2016-04-29 16:05:43');
INSERT INTO `region` VALUES ('411503', '平桥区', '0', '0', '411500', '2016-04-29 16:05:43', '2016-04-29 16:05:43');
INSERT INTO `region` VALUES ('411521', '罗山县', '0', '0', '411500', '2016-04-29 16:05:43', '2016-04-29 16:05:43');
INSERT INTO `region` VALUES ('411522', '光山县', '0', '0', '411500', '2016-04-29 16:05:43', '2016-04-29 16:05:43');
INSERT INTO `region` VALUES ('411523', '新　县', '0', '0', '411500', '2016-04-29 16:05:43', '2016-04-29 16:05:43');
INSERT INTO `region` VALUES ('411524', '商城县', '0', '0', '411500', '2016-04-29 16:05:43', '2016-04-29 16:05:43');
INSERT INTO `region` VALUES ('411525', '固始县', '0', '0', '411500', '2016-04-29 16:05:43', '2016-04-29 16:05:43');
INSERT INTO `region` VALUES ('411526', '潢川县', '0', '0', '411500', '2016-04-29 16:05:43', '2016-04-29 16:05:43');
INSERT INTO `region` VALUES ('411527', '淮滨县', '0', '0', '411500', '2016-04-29 16:05:43', '2016-04-29 16:05:43');
INSERT INTO `region` VALUES ('411528', '息　县', '0', '0', '411500', '2016-04-29 16:05:43', '2016-04-29 16:05:43');
INSERT INTO `region` VALUES ('411601', '市辖区', '0', '0', '411600', '2016-04-29 16:05:43', '2016-04-29 16:05:43');
INSERT INTO `region` VALUES ('411602', '川汇区', '0', '0', '411600', '2016-04-29 16:05:43', '2016-04-29 16:05:43');
INSERT INTO `region` VALUES ('411621', '扶沟县', '0', '0', '411600', '2016-04-29 16:05:43', '2016-04-29 16:05:43');
INSERT INTO `region` VALUES ('411622', '西华县', '0', '0', '411600', '2016-04-29 16:05:43', '2016-04-29 16:05:43');
INSERT INTO `region` VALUES ('411623', '商水县', '0', '0', '411600', '2016-04-29 16:05:43', '2016-04-29 16:05:43');
INSERT INTO `region` VALUES ('411624', '沈丘县', '0', '0', '411600', '2016-04-29 16:05:43', '2016-04-29 16:05:43');
INSERT INTO `region` VALUES ('411625', '郸城县', '0', '0', '411600', '2016-04-29 16:05:43', '2016-04-29 16:05:43');
INSERT INTO `region` VALUES ('411626', '淮阳县', '0', '0', '411600', '2016-04-29 16:05:43', '2016-04-29 16:05:43');
INSERT INTO `region` VALUES ('411627', '太康县', '0', '0', '411600', '2016-04-29 16:05:43', '2016-04-29 16:05:43');
INSERT INTO `region` VALUES ('411628', '鹿邑县', '0', '0', '411600', '2016-04-29 16:05:43', '2016-04-29 16:05:43');
INSERT INTO `region` VALUES ('411681', '项城市', '0', '0', '411600', '2016-04-29 16:05:43', '2016-04-29 16:05:43');
INSERT INTO `region` VALUES ('411701', '市辖区', '0', '0', '411700', '2016-04-29 16:05:43', '2016-04-29 16:05:43');
INSERT INTO `region` VALUES ('411702', '驿城区', '0', '0', '411700', '2016-04-29 16:05:43', '2016-04-29 16:05:43');
INSERT INTO `region` VALUES ('411721', '西平县', '0', '0', '411700', '2016-04-29 16:05:43', '2016-04-29 16:05:43');
INSERT INTO `region` VALUES ('411722', '上蔡县', '0', '0', '411700', '2016-04-29 16:05:43', '2016-04-29 16:05:43');
INSERT INTO `region` VALUES ('411723', '平舆县', '0', '0', '411700', '2016-04-29 16:05:43', '2016-04-29 16:05:43');
INSERT INTO `region` VALUES ('411724', '正阳县', '0', '0', '411700', '2016-04-29 16:05:43', '2016-04-29 16:05:43');
INSERT INTO `region` VALUES ('411725', '确山县', '0', '0', '411700', '2016-04-29 16:05:43', '2016-04-29 16:05:43');
INSERT INTO `region` VALUES ('411726', '泌阳县', '0', '0', '411700', '2016-04-29 16:05:43', '2016-04-29 16:05:43');
INSERT INTO `region` VALUES ('411727', '汝南县', '0', '0', '411700', '2016-04-29 16:05:43', '2016-04-29 16:05:43');
INSERT INTO `region` VALUES ('411728', '遂平县', '0', '0', '411700', '2016-04-29 16:05:43', '2016-04-29 16:05:43');
INSERT INTO `region` VALUES ('411729', '新蔡县', '0', '0', '411700', '2016-04-29 16:05:43', '2016-04-29 16:05:43');
INSERT INTO `region` VALUES ('420101', '市辖区', '0', '0', '420100', '2016-04-29 16:05:43', '2016-04-29 16:05:43');
INSERT INTO `region` VALUES ('420102', '江岸区', '0', '0', '420100', '2016-04-29 16:05:43', '2016-04-29 16:05:43');
INSERT INTO `region` VALUES ('420103', '江汉区', '0', '0', '420100', '2016-04-29 16:05:43', '2016-04-29 16:05:43');
INSERT INTO `region` VALUES ('420104', '乔口区', '0', '0', '420100', '2016-04-29 16:05:43', '2016-04-29 16:05:43');
INSERT INTO `region` VALUES ('420105', '汉阳区', '0', '0', '420100', '2016-04-29 16:05:43', '2016-04-29 16:05:43');
INSERT INTO `region` VALUES ('420106', '武昌区', '0', '0', '420100', '2016-04-29 16:05:43', '2016-04-29 16:05:43');
INSERT INTO `region` VALUES ('420107', '青山区', '0', '0', '420100', '2016-04-29 16:05:43', '2016-04-29 16:05:43');
INSERT INTO `region` VALUES ('420111', '洪山区', '0', '0', '420100', '2016-04-29 16:05:43', '2016-04-29 16:05:43');
INSERT INTO `region` VALUES ('420112', '东西湖区', '0', '0', '420100', '2016-04-29 16:05:43', '2016-04-29 16:05:43');
INSERT INTO `region` VALUES ('420113', '汉南区', '0', '0', '420100', '2016-04-29 16:05:43', '2016-04-29 16:05:43');
INSERT INTO `region` VALUES ('420114', '蔡甸区', '0', '0', '420100', '2016-04-29 16:05:43', '2016-04-29 16:05:43');
INSERT INTO `region` VALUES ('420115', '江夏区', '0', '0', '420100', '2016-04-29 16:05:43', '2016-04-29 16:05:43');
INSERT INTO `region` VALUES ('420116', '黄陂区', '0', '0', '420100', '2016-04-29 16:05:43', '2016-04-29 16:05:43');
INSERT INTO `region` VALUES ('420117', '新洲区', '0', '0', '420100', '2016-04-29 16:05:43', '2016-04-29 16:05:43');
INSERT INTO `region` VALUES ('420201', '市辖区', '0', '0', '420200', '2016-04-29 16:05:43', '2016-04-29 16:05:43');
INSERT INTO `region` VALUES ('420202', '黄石港区', '0', '0', '420200', '2016-04-29 16:05:43', '2016-04-29 16:05:43');
INSERT INTO `region` VALUES ('420203', '西塞山区', '0', '0', '420200', '2016-04-29 16:05:43', '2016-04-29 16:05:43');
INSERT INTO `region` VALUES ('420204', '下陆区', '0', '0', '420200', '2016-04-29 16:05:43', '2016-04-29 16:05:43');
INSERT INTO `region` VALUES ('420205', '铁山区', '0', '0', '420200', '2016-04-29 16:05:43', '2016-04-29 16:05:43');
INSERT INTO `region` VALUES ('420222', '阳新县', '0', '0', '420200', '2016-04-29 16:05:43', '2016-04-29 16:05:43');
INSERT INTO `region` VALUES ('420281', '大冶市', '0', '0', '420200', '2016-04-29 16:05:43', '2016-04-29 16:05:43');
INSERT INTO `region` VALUES ('420301', '市辖区', '0', '0', '420300', '2016-04-29 16:05:43', '2016-04-29 16:05:43');
INSERT INTO `region` VALUES ('420302', '茅箭区', '0', '0', '420300', '2016-04-29 16:05:43', '2016-04-29 16:05:43');
INSERT INTO `region` VALUES ('420303', '张湾区', '0', '0', '420300', '2016-04-29 16:05:43', '2016-04-29 16:05:43');
INSERT INTO `region` VALUES ('420321', '郧　县', '0', '0', '420300', '2016-04-29 16:05:43', '2016-04-29 16:05:43');
INSERT INTO `region` VALUES ('420322', '郧西县', '0', '0', '420300', '2016-04-29 16:05:43', '2016-04-29 16:05:43');
INSERT INTO `region` VALUES ('420323', '竹山县', '0', '0', '420300', '2016-04-29 16:05:43', '2016-04-29 16:05:43');
INSERT INTO `region` VALUES ('420324', '竹溪县', '0', '0', '420300', '2016-04-29 16:05:43', '2016-04-29 16:05:43');
INSERT INTO `region` VALUES ('420325', '房　县', '0', '0', '420300', '2016-04-29 16:05:43', '2016-04-29 16:05:43');
INSERT INTO `region` VALUES ('420381', '丹江口市', '0', '0', '420300', '2016-04-29 16:05:43', '2016-04-29 16:05:43');
INSERT INTO `region` VALUES ('420501', '市辖区', '0', '0', '420500', '2016-04-29 16:05:43', '2016-04-29 16:05:43');
INSERT INTO `region` VALUES ('420502', '西陵区', '0', '0', '420500', '2016-04-29 16:05:43', '2016-04-29 16:05:43');
INSERT INTO `region` VALUES ('420503', '伍家岗区', '0', '0', '420500', '2016-04-29 16:05:43', '2016-04-29 16:05:43');
INSERT INTO `region` VALUES ('420504', '点军区', '0', '0', '420500', '2016-04-29 16:05:43', '2016-04-29 16:05:43');
INSERT INTO `region` VALUES ('420505', '猇亭区', '0', '0', '420500', '2016-04-29 16:05:43', '2016-04-29 16:05:43');
INSERT INTO `region` VALUES ('420506', '夷陵区', '0', '0', '420500', '2016-04-29 16:05:43', '2016-04-29 16:05:43');
INSERT INTO `region` VALUES ('420525', '远安县', '0', '0', '420500', '2016-04-29 16:05:43', '2016-04-29 16:05:43');
INSERT INTO `region` VALUES ('420526', '兴山县', '0', '0', '420500', '2016-04-29 16:05:43', '2016-04-29 16:05:43');
INSERT INTO `region` VALUES ('420527', '秭归县', '0', '0', '420500', '2016-04-29 16:05:43', '2016-04-29 16:05:43');
INSERT INTO `region` VALUES ('420528', '长阳土家族自治县', '0', '0', '420500', '2016-04-29 16:05:43', '2016-04-29 16:05:43');
INSERT INTO `region` VALUES ('420529', '五峰土家族自治县', '0', '0', '420500', '2016-04-29 16:05:43', '2016-04-29 16:05:43');
INSERT INTO `region` VALUES ('420581', '宜都市', '0', '0', '420500', '2016-04-29 16:05:43', '2016-04-29 16:05:43');
INSERT INTO `region` VALUES ('420582', '当阳市', '0', '0', '420500', '2016-04-29 16:05:43', '2016-04-29 16:05:43');
INSERT INTO `region` VALUES ('420583', '枝江市', '0', '0', '420500', '2016-04-29 16:05:43', '2016-04-29 16:05:43');
INSERT INTO `region` VALUES ('420601', '市辖区', '0', '0', '420600', '2016-04-29 16:05:43', '2016-04-29 16:05:43');
INSERT INTO `region` VALUES ('420602', '襄城区', '0', '0', '420600', '2016-04-29 16:05:43', '2016-04-29 16:05:43');
INSERT INTO `region` VALUES ('420606', '樊城区', '0', '0', '420600', '2016-04-29 16:05:43', '2016-04-29 16:05:43');
INSERT INTO `region` VALUES ('420607', '襄阳区', '0', '0', '420600', '2016-04-29 16:05:43', '2016-04-29 16:05:43');
INSERT INTO `region` VALUES ('420624', '南漳县', '0', '0', '420600', '2016-04-29 16:05:43', '2016-04-29 16:05:43');
INSERT INTO `region` VALUES ('420625', '谷城县', '0', '0', '420600', '2016-04-29 16:05:43', '2016-04-29 16:05:43');
INSERT INTO `region` VALUES ('420626', '保康县', '0', '0', '420600', '2016-04-29 16:05:43', '2016-04-29 16:05:43');
INSERT INTO `region` VALUES ('420682', '老河口市', '0', '0', '420600', '2016-04-29 16:05:43', '2016-04-29 16:05:43');
INSERT INTO `region` VALUES ('420683', '枣阳市', '0', '0', '420600', '2016-04-29 16:05:43', '2016-04-29 16:05:43');
INSERT INTO `region` VALUES ('420684', '宜城市', '0', '0', '420600', '2016-04-29 16:05:43', '2016-04-29 16:05:43');
INSERT INTO `region` VALUES ('420701', '市辖区', '0', '0', '420700', '2016-04-29 16:05:43', '2016-04-29 16:05:43');
INSERT INTO `region` VALUES ('420702', '梁子湖区', '0', '0', '420700', '2016-04-29 16:05:43', '2016-04-29 16:05:43');
INSERT INTO `region` VALUES ('420703', '华容区', '0', '0', '420700', '2016-04-29 16:05:43', '2016-04-29 16:05:43');
INSERT INTO `region` VALUES ('420704', '鄂城区', '0', '0', '420700', '2016-04-29 16:05:43', '2016-04-29 16:05:43');
INSERT INTO `region` VALUES ('420801', '市辖区', '0', '0', '420800', '2016-04-29 16:05:43', '2016-04-29 16:05:43');
INSERT INTO `region` VALUES ('420802', '东宝区', '0', '0', '420800', '2016-04-29 16:05:43', '2016-04-29 16:05:43');
INSERT INTO `region` VALUES ('420804', '掇刀区', '0', '0', '420800', '2016-04-29 16:05:43', '2016-04-29 16:05:43');
INSERT INTO `region` VALUES ('420821', '京山县', '0', '0', '420800', '2016-04-29 16:05:43', '2016-04-29 16:05:43');
INSERT INTO `region` VALUES ('420822', '沙洋县', '0', '0', '420800', '2016-04-29 16:05:43', '2016-04-29 16:05:43');
INSERT INTO `region` VALUES ('420881', '钟祥市', '0', '0', '420800', '2016-04-29 16:05:43', '2016-04-29 16:05:43');
INSERT INTO `region` VALUES ('420901', '市辖区', '0', '0', '420900', '2016-04-29 16:05:43', '2016-04-29 16:05:43');
INSERT INTO `region` VALUES ('420902', '孝南区', '0', '0', '420900', '2016-04-29 16:05:43', '2016-04-29 16:05:43');
INSERT INTO `region` VALUES ('420921', '孝昌县', '0', '0', '420900', '2016-04-29 16:05:43', '2016-04-29 16:05:43');
INSERT INTO `region` VALUES ('420922', '大悟县', '0', '0', '420900', '2016-04-29 16:05:43', '2016-04-29 16:05:43');
INSERT INTO `region` VALUES ('420923', '云梦县', '0', '0', '420900', '2016-04-29 16:05:43', '2016-04-29 16:05:43');
INSERT INTO `region` VALUES ('420981', '应城市', '0', '0', '420900', '2016-04-29 16:05:43', '2016-04-29 16:05:43');
INSERT INTO `region` VALUES ('420982', '安陆市', '0', '0', '420900', '2016-04-29 16:05:43', '2016-04-29 16:05:43');
INSERT INTO `region` VALUES ('420984', '汉川市', '0', '0', '420900', '2016-04-29 16:05:43', '2016-04-29 16:05:43');
INSERT INTO `region` VALUES ('421001', '市辖区', '0', '0', '421000', '2016-04-29 16:05:43', '2016-04-29 16:05:43');
INSERT INTO `region` VALUES ('421002', '沙市区', '0', '0', '421000', '2016-04-29 16:05:43', '2016-04-29 16:05:43');
INSERT INTO `region` VALUES ('421003', '荆州区', '0', '0', '421000', '2016-04-29 16:05:43', '2016-04-29 16:05:43');
INSERT INTO `region` VALUES ('421022', '公安县', '0', '0', '421000', '2016-04-29 16:05:43', '2016-04-29 16:05:43');
INSERT INTO `region` VALUES ('421023', '监利县', '0', '0', '421000', '2016-04-29 16:05:43', '2016-04-29 16:05:43');
INSERT INTO `region` VALUES ('421024', '江陵县', '0', '0', '421000', '2016-04-29 16:05:43', '2016-04-29 16:05:43');
INSERT INTO `region` VALUES ('421081', '石首市', '0', '0', '421000', '2016-04-29 16:05:43', '2016-04-29 16:05:43');
INSERT INTO `region` VALUES ('421083', '洪湖市', '0', '0', '421000', '2016-04-29 16:05:43', '2016-04-29 16:05:43');
INSERT INTO `region` VALUES ('421087', '松滋市', '0', '0', '421000', '2016-04-29 16:05:43', '2016-04-29 16:05:43');
INSERT INTO `region` VALUES ('421101', '市辖区', '0', '0', '421100', '2016-04-29 16:05:43', '2016-04-29 16:05:43');
INSERT INTO `region` VALUES ('421102', '黄州区', '0', '0', '421100', '2016-04-29 16:05:43', '2016-04-29 16:05:43');
INSERT INTO `region` VALUES ('421121', '团风县', '0', '0', '421100', '2016-04-29 16:05:43', '2016-04-29 16:05:43');
INSERT INTO `region` VALUES ('421122', '红安县', '0', '0', '421100', '2016-04-29 16:05:43', '2016-04-29 16:05:43');
INSERT INTO `region` VALUES ('421123', '罗田县', '0', '0', '421100', '2016-04-29 16:05:43', '2016-04-29 16:05:43');
INSERT INTO `region` VALUES ('421124', '英山县', '0', '0', '421100', '2016-04-29 16:05:43', '2016-04-29 16:05:43');
INSERT INTO `region` VALUES ('421125', '浠水县', '0', '0', '421100', '2016-04-29 16:05:43', '2016-04-29 16:05:43');
INSERT INTO `region` VALUES ('421126', '蕲春县', '0', '0', '421100', '2016-04-29 16:05:43', '2016-04-29 16:05:43');
INSERT INTO `region` VALUES ('421127', '黄梅县', '0', '0', '421100', '2016-04-29 16:05:43', '2016-04-29 16:05:43');
INSERT INTO `region` VALUES ('421181', '麻城市', '0', '0', '421100', '2016-04-29 16:05:43', '2016-04-29 16:05:43');
INSERT INTO `region` VALUES ('421182', '武穴市', '0', '0', '421100', '2016-04-29 16:05:43', '2016-04-29 16:05:43');
INSERT INTO `region` VALUES ('421201', '市辖区', '0', '0', '421200', '2016-04-29 16:05:43', '2016-04-29 16:05:43');
INSERT INTO `region` VALUES ('421202', '咸安区', '0', '0', '421200', '2016-04-29 16:05:43', '2016-04-29 16:05:43');
INSERT INTO `region` VALUES ('421221', '嘉鱼县', '0', '0', '421200', '2016-04-29 16:05:43', '2016-04-29 16:05:43');
INSERT INTO `region` VALUES ('421222', '通城县', '0', '0', '421200', '2016-04-29 16:05:43', '2016-04-29 16:05:43');
INSERT INTO `region` VALUES ('421223', '崇阳县', '0', '0', '421200', '2016-04-29 16:05:43', '2016-04-29 16:05:43');
INSERT INTO `region` VALUES ('421224', '通山县', '0', '0', '421200', '2016-04-29 16:05:43', '2016-04-29 16:05:43');
INSERT INTO `region` VALUES ('421281', '赤壁市', '0', '0', '421200', '2016-04-29 16:05:43', '2016-04-29 16:05:43');
INSERT INTO `region` VALUES ('421301', '市辖区', '0', '0', '421300', '2016-04-29 16:05:43', '2016-04-29 16:05:43');
INSERT INTO `region` VALUES ('421302', '曾都区', '0', '0', '421300', '2016-04-29 16:05:43', '2016-04-29 16:05:43');
INSERT INTO `region` VALUES ('421381', '广水市', '0', '0', '421300', '2016-04-29 16:05:43', '2016-04-29 16:05:43');
INSERT INTO `region` VALUES ('422801', '恩施市', '0', '0', '422800', '2016-04-29 16:05:43', '2016-04-29 16:05:43');
INSERT INTO `region` VALUES ('422802', '利川市', '0', '0', '422800', '2016-04-29 16:05:43', '2016-04-29 16:05:43');
INSERT INTO `region` VALUES ('422822', '建始县', '0', '0', '422800', '2016-04-29 16:05:43', '2016-04-29 16:05:43');
INSERT INTO `region` VALUES ('422823', '巴东县', '0', '0', '422800', '2016-04-29 16:05:43', '2016-04-29 16:05:43');
INSERT INTO `region` VALUES ('422825', '宣恩县', '0', '0', '422800', '2016-04-29 16:05:43', '2016-04-29 16:05:43');
INSERT INTO `region` VALUES ('422826', '咸丰县', '0', '0', '422800', '2016-04-29 16:05:43', '2016-04-29 16:05:43');
INSERT INTO `region` VALUES ('422827', '来凤县', '0', '0', '422800', '2016-04-29 16:05:43', '2016-04-29 16:05:43');
INSERT INTO `region` VALUES ('422828', '鹤峰县', '0', '0', '422800', '2016-04-29 16:05:43', '2016-04-29 16:05:43');
INSERT INTO `region` VALUES ('429004', '仙桃市', '0', '0', '429000', '2016-04-29 16:05:43', '2016-04-29 16:05:43');
INSERT INTO `region` VALUES ('429005', '潜江市', '0', '0', '429000', '2016-04-29 16:05:43', '2016-04-29 16:05:43');
INSERT INTO `region` VALUES ('429006', '天门市', '0', '0', '429000', '2016-04-29 16:05:43', '2016-04-29 16:05:43');
INSERT INTO `region` VALUES ('429021', '神农架林区', '0', '0', '429000', '2016-04-29 16:05:43', '2016-04-29 16:05:43');
INSERT INTO `region` VALUES ('430101', '市辖区', '0', '0', '430100', '2016-04-29 16:05:43', '2016-04-29 16:05:43');
INSERT INTO `region` VALUES ('430102', '芙蓉区', '0', '0', '430100', '2016-04-29 16:05:43', '2016-04-29 16:05:43');
INSERT INTO `region` VALUES ('430103', '天心区', '0', '0', '430100', '2016-04-29 16:05:43', '2016-04-29 16:05:43');
INSERT INTO `region` VALUES ('430104', '岳麓区', '0', '0', '430100', '2016-04-29 16:05:43', '2016-04-29 16:05:43');
INSERT INTO `region` VALUES ('430105', '开福区', '0', '0', '430100', '2016-04-29 16:05:43', '2016-04-29 16:05:43');
INSERT INTO `region` VALUES ('430111', '雨花区', '0', '0', '430100', '2016-04-29 16:05:43', '2016-04-29 16:05:43');
INSERT INTO `region` VALUES ('430121', '长沙县', '0', '0', '430100', '2016-04-29 16:05:43', '2016-04-29 16:05:43');
INSERT INTO `region` VALUES ('430122', '望城县', '0', '0', '430100', '2016-04-29 16:05:43', '2016-04-29 16:05:43');
INSERT INTO `region` VALUES ('430124', '宁乡县', '0', '0', '430100', '2016-04-29 16:05:43', '2016-04-29 16:05:43');
INSERT INTO `region` VALUES ('430181', '浏阳市', '0', '0', '430100', '2016-04-29 16:05:43', '2016-04-29 16:05:43');
INSERT INTO `region` VALUES ('430201', '市辖区', '0', '0', '430200', '2016-04-29 16:05:43', '2016-04-29 16:05:43');
INSERT INTO `region` VALUES ('430202', '荷塘区', '0', '0', '430200', '2016-04-29 16:05:43', '2016-04-29 16:05:43');
INSERT INTO `region` VALUES ('430203', '芦淞区', '0', '0', '430200', '2016-04-29 16:05:43', '2016-04-29 16:05:43');
INSERT INTO `region` VALUES ('430204', '石峰区', '0', '0', '430200', '2016-04-29 16:05:43', '2016-04-29 16:05:43');
INSERT INTO `region` VALUES ('430211', '天元区', '0', '0', '430200', '2016-04-29 16:05:43', '2016-04-29 16:05:43');
INSERT INTO `region` VALUES ('430221', '株洲县', '0', '0', '430200', '2016-04-29 16:05:43', '2016-04-29 16:05:43');
INSERT INTO `region` VALUES ('430223', '攸　县', '0', '0', '430200', '2016-04-29 16:05:43', '2016-04-29 16:05:43');
INSERT INTO `region` VALUES ('430224', '茶陵县', '0', '0', '430200', '2016-04-29 16:05:43', '2016-04-29 16:05:43');
INSERT INTO `region` VALUES ('430225', '炎陵县', '0', '0', '430200', '2016-04-29 16:05:43', '2016-04-29 16:05:43');
INSERT INTO `region` VALUES ('430281', '醴陵市', '0', '0', '430200', '2016-04-29 16:05:43', '2016-04-29 16:05:43');
INSERT INTO `region` VALUES ('430301', '市辖区', '0', '0', '430300', '2016-04-29 16:05:43', '2016-04-29 16:05:43');
INSERT INTO `region` VALUES ('430302', '雨湖区', '0', '0', '430300', '2016-04-29 16:05:43', '2016-04-29 16:05:43');
INSERT INTO `region` VALUES ('430304', '岳塘区', '0', '0', '430300', '2016-04-29 16:05:43', '2016-04-29 16:05:43');
INSERT INTO `region` VALUES ('430321', '湘潭县', '0', '0', '430300', '2016-04-29 16:05:43', '2016-04-29 16:05:43');
INSERT INTO `region` VALUES ('430381', '湘乡市', '0', '0', '430300', '2016-04-29 16:05:43', '2016-04-29 16:05:43');
INSERT INTO `region` VALUES ('430382', '韶山市', '0', '0', '430300', '2016-04-29 16:05:43', '2016-04-29 16:05:43');
INSERT INTO `region` VALUES ('430401', '市辖区', '0', '0', '430400', '2016-04-29 16:05:43', '2016-04-29 16:05:43');
INSERT INTO `region` VALUES ('430405', '珠晖区', '0', '0', '430400', '2016-04-29 16:05:43', '2016-04-29 16:05:43');
INSERT INTO `region` VALUES ('430406', '雁峰区', '0', '0', '430400', '2016-04-29 16:05:43', '2016-04-29 16:05:43');
INSERT INTO `region` VALUES ('430407', '石鼓区', '0', '0', '430400', '2016-04-29 16:05:43', '2016-04-29 16:05:43');
INSERT INTO `region` VALUES ('430408', '蒸湘区', '0', '0', '430400', '2016-04-29 16:05:43', '2016-04-29 16:05:43');
INSERT INTO `region` VALUES ('430412', '南岳区', '0', '0', '430400', '2016-04-29 16:05:43', '2016-04-29 16:05:43');
INSERT INTO `region` VALUES ('430421', '衡阳县', '0', '0', '430400', '2016-04-29 16:05:43', '2016-04-29 16:05:43');
INSERT INTO `region` VALUES ('430422', '衡南县', '0', '0', '430400', '2016-04-29 16:05:43', '2016-04-29 16:05:43');
INSERT INTO `region` VALUES ('430423', '衡山县', '0', '0', '430400', '2016-04-29 16:05:43', '2016-04-29 16:05:43');
INSERT INTO `region` VALUES ('430424', '衡东县', '0', '0', '430400', '2016-04-29 16:05:43', '2016-04-29 16:05:43');
INSERT INTO `region` VALUES ('430426', '祁东县', '0', '0', '430400', '2016-04-29 16:05:43', '2016-04-29 16:05:43');
INSERT INTO `region` VALUES ('430481', '耒阳市', '0', '0', '430400', '2016-04-29 16:05:43', '2016-04-29 16:05:43');
INSERT INTO `region` VALUES ('430482', '常宁市', '0', '0', '430400', '2016-04-29 16:05:43', '2016-04-29 16:05:43');
INSERT INTO `region` VALUES ('430501', '市辖区', '0', '0', '430500', '2016-04-29 16:05:43', '2016-04-29 16:05:43');
INSERT INTO `region` VALUES ('430502', '双清区', '0', '0', '430500', '2016-04-29 16:05:43', '2016-04-29 16:05:43');
INSERT INTO `region` VALUES ('430503', '大祥区', '0', '0', '430500', '2016-04-29 16:05:43', '2016-04-29 16:05:43');
INSERT INTO `region` VALUES ('430511', '北塔区', '0', '0', '430500', '2016-04-29 16:05:43', '2016-04-29 16:05:43');
INSERT INTO `region` VALUES ('430521', '邵东县', '0', '0', '430500', '2016-04-29 16:05:43', '2016-04-29 16:05:43');
INSERT INTO `region` VALUES ('430522', '新邵县', '0', '0', '430500', '2016-04-29 16:05:43', '2016-04-29 16:05:43');
INSERT INTO `region` VALUES ('430523', '邵阳县', '0', '0', '430500', '2016-04-29 16:05:43', '2016-04-29 16:05:43');
INSERT INTO `region` VALUES ('430524', '隆回县', '0', '0', '430500', '2016-04-29 16:05:43', '2016-04-29 16:05:43');
INSERT INTO `region` VALUES ('430525', '洞口县', '0', '0', '430500', '2016-04-29 16:05:43', '2016-04-29 16:05:43');
INSERT INTO `region` VALUES ('430527', '绥宁县', '0', '0', '430500', '2016-04-29 16:05:43', '2016-04-29 16:05:43');
INSERT INTO `region` VALUES ('430528', '新宁县', '0', '0', '430500', '2016-04-29 16:05:43', '2016-04-29 16:05:43');
INSERT INTO `region` VALUES ('430529', '城步苗族自治县', '0', '0', '430500', '2016-04-29 16:05:43', '2016-04-29 16:05:43');
INSERT INTO `region` VALUES ('430581', '武冈市', '0', '0', '430500', '2016-04-29 16:05:43', '2016-04-29 16:05:43');
INSERT INTO `region` VALUES ('430601', '市辖区', '0', '0', '430600', '2016-04-29 16:05:43', '2016-04-29 16:05:43');
INSERT INTO `region` VALUES ('430602', '岳阳楼区', '0', '0', '430600', '2016-04-29 16:05:43', '2016-04-29 16:05:43');
INSERT INTO `region` VALUES ('430603', '云溪区', '0', '0', '430600', '2016-04-29 16:05:43', '2016-04-29 16:05:43');
INSERT INTO `region` VALUES ('430611', '君山区', '0', '0', '430600', '2016-04-29 16:05:43', '2016-04-29 16:05:43');
INSERT INTO `region` VALUES ('430621', '岳阳县', '0', '0', '430600', '2016-04-29 16:05:43', '2016-04-29 16:05:43');
INSERT INTO `region` VALUES ('430623', '华容县', '0', '0', '430600', '2016-04-29 16:05:43', '2016-04-29 16:05:43');
INSERT INTO `region` VALUES ('430624', '湘阴县', '0', '0', '430600', '2016-04-29 16:05:43', '2016-04-29 16:05:43');
INSERT INTO `region` VALUES ('430626', '平江县', '0', '0', '430600', '2016-04-29 16:05:43', '2016-04-29 16:05:43');
INSERT INTO `region` VALUES ('430681', '汨罗市', '0', '0', '430600', '2016-04-29 16:05:43', '2016-04-29 16:05:43');
INSERT INTO `region` VALUES ('430682', '临湘市', '0', '0', '430600', '2016-04-29 16:05:43', '2016-04-29 16:05:43');
INSERT INTO `region` VALUES ('430701', '市辖区', '0', '0', '430700', '2016-04-29 16:05:43', '2016-04-29 16:05:43');
INSERT INTO `region` VALUES ('430702', '武陵区', '0', '0', '430700', '2016-04-29 16:05:43', '2016-04-29 16:05:43');
INSERT INTO `region` VALUES ('430703', '鼎城区', '0', '0', '430700', '2016-04-29 16:05:43', '2016-04-29 16:05:43');
INSERT INTO `region` VALUES ('430721', '安乡县', '0', '0', '430700', '2016-04-29 16:05:43', '2016-04-29 16:05:43');
INSERT INTO `region` VALUES ('430722', '汉寿县', '0', '0', '430700', '2016-04-29 16:05:43', '2016-04-29 16:05:43');
INSERT INTO `region` VALUES ('430723', '澧　县', '0', '0', '430700', '2016-04-29 16:05:43', '2016-04-29 16:05:43');
INSERT INTO `region` VALUES ('430724', '临澧县', '0', '0', '430700', '2016-04-29 16:05:43', '2016-04-29 16:05:43');
INSERT INTO `region` VALUES ('430725', '桃源县', '0', '0', '430700', '2016-04-29 16:05:43', '2016-04-29 16:05:43');
INSERT INTO `region` VALUES ('430726', '石门县', '0', '0', '430700', '2016-04-29 16:05:43', '2016-04-29 16:05:43');
INSERT INTO `region` VALUES ('430781', '津市市', '0', '0', '430700', '2016-04-29 16:05:43', '2016-04-29 16:05:43');
INSERT INTO `region` VALUES ('430801', '市辖区', '0', '0', '430800', '2016-04-29 16:05:43', '2016-04-29 16:05:43');
INSERT INTO `region` VALUES ('430802', '永定区', '0', '0', '430800', '2016-04-29 16:05:43', '2016-04-29 16:05:43');
INSERT INTO `region` VALUES ('430811', '武陵源区', '0', '0', '430800', '2016-04-29 16:05:43', '2016-04-29 16:05:43');
INSERT INTO `region` VALUES ('430821', '慈利县', '0', '0', '430800', '2016-04-29 16:05:43', '2016-04-29 16:05:43');
INSERT INTO `region` VALUES ('430822', '桑植县', '0', '0', '430800', '2016-04-29 16:05:43', '2016-04-29 16:05:43');
INSERT INTO `region` VALUES ('430901', '市辖区', '0', '0', '430900', '2016-04-29 16:05:43', '2016-04-29 16:05:43');
INSERT INTO `region` VALUES ('430902', '资阳区', '0', '0', '430900', '2016-04-29 16:05:43', '2016-04-29 16:05:43');
INSERT INTO `region` VALUES ('430903', '赫山区', '0', '0', '430900', '2016-04-29 16:05:43', '2016-04-29 16:05:43');
INSERT INTO `region` VALUES ('430921', '南　县', '0', '0', '430900', '2016-04-29 16:05:43', '2016-04-29 16:05:43');
INSERT INTO `region` VALUES ('430922', '桃江县', '0', '0', '430900', '2016-04-29 16:05:43', '2016-04-29 16:05:43');
INSERT INTO `region` VALUES ('430923', '安化县', '0', '0', '430900', '2016-04-29 16:05:43', '2016-04-29 16:05:43');
INSERT INTO `region` VALUES ('430981', '沅江市', '0', '0', '430900', '2016-04-29 16:05:43', '2016-04-29 16:05:43');
INSERT INTO `region` VALUES ('431001', '市辖区', '0', '0', '431000', '2016-04-29 16:05:43', '2016-04-29 16:05:43');
INSERT INTO `region` VALUES ('431002', '北湖区', '0', '0', '431000', '2016-04-29 16:05:43', '2016-04-29 16:05:43');
INSERT INTO `region` VALUES ('431003', '苏仙区', '0', '0', '431000', '2016-04-29 16:05:43', '2016-04-29 16:05:43');
INSERT INTO `region` VALUES ('431021', '桂阳县', '0', '0', '431000', '2016-04-29 16:05:43', '2016-04-29 16:05:43');
INSERT INTO `region` VALUES ('431022', '宜章县', '0', '0', '431000', '2016-04-29 16:05:43', '2016-04-29 16:05:43');
INSERT INTO `region` VALUES ('431023', '永兴县', '0', '0', '431000', '2016-04-29 16:05:43', '2016-04-29 16:05:43');
INSERT INTO `region` VALUES ('431024', '嘉禾县', '0', '0', '431000', '2016-04-29 16:05:43', '2016-04-29 16:05:43');
INSERT INTO `region` VALUES ('431025', '临武县', '0', '0', '431000', '2016-04-29 16:05:43', '2016-04-29 16:05:43');
INSERT INTO `region` VALUES ('431026', '汝城县', '0', '0', '431000', '2016-04-29 16:05:43', '2016-04-29 16:05:43');
INSERT INTO `region` VALUES ('431027', '桂东县', '0', '0', '431000', '2016-04-29 16:05:43', '2016-04-29 16:05:43');
INSERT INTO `region` VALUES ('431028', '安仁县', '0', '0', '431000', '2016-04-29 16:05:43', '2016-04-29 16:05:43');
INSERT INTO `region` VALUES ('431081', '资兴市', '0', '0', '431000', '2016-04-29 16:05:43', '2016-04-29 16:05:43');
INSERT INTO `region` VALUES ('431101', '市辖区', '0', '0', '431100', '2016-04-29 16:05:43', '2016-04-29 16:05:43');
INSERT INTO `region` VALUES ('431102', '芝山区', '0', '0', '431100', '2016-04-29 16:05:43', '2016-04-29 16:05:43');
INSERT INTO `region` VALUES ('431103', '冷水滩区', '0', '0', '431100', '2016-04-29 16:05:43', '2016-04-29 16:05:43');
INSERT INTO `region` VALUES ('431121', '祁阳县', '0', '0', '431100', '2016-04-29 16:05:43', '2016-04-29 16:05:43');
INSERT INTO `region` VALUES ('431122', '东安县', '0', '0', '431100', '2016-04-29 16:05:43', '2016-04-29 16:05:43');
INSERT INTO `region` VALUES ('431123', '双牌县', '0', '0', '431100', '2016-04-29 16:05:43', '2016-04-29 16:05:43');
INSERT INTO `region` VALUES ('431124', '道　县', '0', '0', '431100', '2016-04-29 16:05:43', '2016-04-29 16:05:43');
INSERT INTO `region` VALUES ('431125', '江永县', '0', '0', '431100', '2016-04-29 16:05:43', '2016-04-29 16:05:43');
INSERT INTO `region` VALUES ('431126', '宁远县', '0', '0', '431100', '2016-04-29 16:05:43', '2016-04-29 16:05:43');
INSERT INTO `region` VALUES ('431127', '蓝山县', '0', '0', '431100', '2016-04-29 16:05:43', '2016-04-29 16:05:43');
INSERT INTO `region` VALUES ('431128', '新田县', '0', '0', '431100', '2016-04-29 16:05:43', '2016-04-29 16:05:43');
INSERT INTO `region` VALUES ('431129', '江华瑶族自治县', '0', '0', '431100', '2016-04-29 16:05:43', '2016-04-29 16:05:43');
INSERT INTO `region` VALUES ('431201', '市辖区', '0', '0', '431200', '2016-04-29 16:05:43', '2016-04-29 16:05:43');
INSERT INTO `region` VALUES ('431202', '鹤城区', '0', '0', '431200', '2016-04-29 16:05:43', '2016-04-29 16:05:43');
INSERT INTO `region` VALUES ('431221', '中方县', '0', '0', '431200', '2016-04-29 16:05:43', '2016-04-29 16:05:43');
INSERT INTO `region` VALUES ('431222', '沅陵县', '0', '0', '431200', '2016-04-29 16:05:43', '2016-04-29 16:05:43');
INSERT INTO `region` VALUES ('431223', '辰溪县', '0', '0', '431200', '2016-04-29 16:05:43', '2016-04-29 16:05:43');
INSERT INTO `region` VALUES ('431224', '溆浦县', '0', '0', '431200', '2016-04-29 16:05:43', '2016-04-29 16:05:43');
INSERT INTO `region` VALUES ('431225', '会同县', '0', '0', '431200', '2016-04-29 16:05:43', '2016-04-29 16:05:43');
INSERT INTO `region` VALUES ('431226', '麻阳苗族自治县', '0', '0', '431200', '2016-04-29 16:05:43', '2016-04-29 16:05:43');
INSERT INTO `region` VALUES ('431227', '新晃侗族自治县', '0', '0', '431200', '2016-04-29 16:05:43', '2016-04-29 16:05:43');
INSERT INTO `region` VALUES ('431228', '芷江侗族自治县', '0', '0', '431200', '2016-04-29 16:05:43', '2016-04-29 16:05:43');
INSERT INTO `region` VALUES ('431229', '靖州苗族侗族自治县', '0', '0', '431200', '2016-04-29 16:05:43', '2016-04-29 16:05:43');
INSERT INTO `region` VALUES ('431230', '通道侗族自治县', '0', '0', '431200', '2016-04-29 16:05:43', '2016-04-29 16:05:43');
INSERT INTO `region` VALUES ('431281', '洪江市', '0', '0', '431200', '2016-04-29 16:05:43', '2016-04-29 16:05:43');
INSERT INTO `region` VALUES ('431301', '市辖区', '0', '0', '431300', '2016-04-29 16:05:43', '2016-04-29 16:05:43');
INSERT INTO `region` VALUES ('431302', '娄星区', '0', '0', '431300', '2016-04-29 16:05:43', '2016-04-29 16:05:43');
INSERT INTO `region` VALUES ('431321', '双峰县', '0', '0', '431300', '2016-04-29 16:05:43', '2016-04-29 16:05:43');
INSERT INTO `region` VALUES ('431322', '新化县', '0', '0', '431300', '2016-04-29 16:05:43', '2016-04-29 16:05:43');
INSERT INTO `region` VALUES ('431381', '冷水江市', '0', '0', '431300', '2016-04-29 16:05:43', '2016-04-29 16:05:43');
INSERT INTO `region` VALUES ('431382', '涟源市', '0', '0', '431300', '2016-04-29 16:05:43', '2016-04-29 16:05:43');
INSERT INTO `region` VALUES ('433101', '吉首市', '0', '0', '433100', '2016-04-29 16:05:43', '2016-04-29 16:05:43');
INSERT INTO `region` VALUES ('433122', '泸溪县', '0', '0', '433100', '2016-04-29 16:05:43', '2016-04-29 16:05:43');
INSERT INTO `region` VALUES ('433123', '凤凰县', '0', '0', '433100', '2016-04-29 16:05:43', '2016-04-29 16:05:43');
INSERT INTO `region` VALUES ('433124', '花垣县', '0', '0', '433100', '2016-04-29 16:05:43', '2016-04-29 16:05:43');
INSERT INTO `region` VALUES ('433125', '保靖县', '0', '0', '433100', '2016-04-29 16:05:43', '2016-04-29 16:05:43');
INSERT INTO `region` VALUES ('433126', '古丈县', '0', '0', '433100', '2016-04-29 16:05:43', '2016-04-29 16:05:43');
INSERT INTO `region` VALUES ('433127', '永顺县', '0', '0', '433100', '2016-04-29 16:05:43', '2016-04-29 16:05:43');
INSERT INTO `region` VALUES ('433130', '龙山县', '0', '0', '433100', '2016-04-29 16:05:43', '2016-04-29 16:05:43');
INSERT INTO `region` VALUES ('440101', '市辖区', '0', '0', '440100', '2016-04-29 16:05:43', '2016-04-29 16:05:43');
INSERT INTO `region` VALUES ('440102', '东山区', '0', '0', '440100', '2016-04-29 16:05:43', '2016-04-29 16:05:43');
INSERT INTO `region` VALUES ('440103', '荔湾区', '0', '0', '440100', '2016-04-29 16:05:43', '2016-04-29 16:05:43');
INSERT INTO `region` VALUES ('440104', '越秀区', '0', '0', '440100', '2016-04-29 16:05:43', '2016-04-29 16:05:43');
INSERT INTO `region` VALUES ('440105', '海珠区', '0', '0', '440100', '2016-04-29 16:05:43', '2016-04-29 16:05:43');
INSERT INTO `region` VALUES ('440106', '天河区', '0', '0', '440100', '2016-04-29 16:05:43', '2016-04-29 16:05:43');
INSERT INTO `region` VALUES ('440107', '芳村区', '0', '0', '440100', '2016-04-29 16:05:43', '2016-04-29 16:05:43');
INSERT INTO `region` VALUES ('440111', '白云区', '0', '0', '440100', '2016-04-29 16:05:43', '2016-04-29 16:05:43');
INSERT INTO `region` VALUES ('440112', '黄埔区', '0', '0', '440100', '2016-04-29 16:05:43', '2016-04-29 16:05:43');
INSERT INTO `region` VALUES ('440113', '番禺区', '0', '0', '440100', '2016-04-29 16:05:43', '2016-04-29 16:05:43');
INSERT INTO `region` VALUES ('440114', '花都区', '0', '0', '440100', '2016-04-29 16:05:43', '2016-04-29 16:05:43');
INSERT INTO `region` VALUES ('440183', '增城市', '0', '0', '440100', '2016-04-29 16:05:43', '2016-04-29 16:05:43');
INSERT INTO `region` VALUES ('440184', '从化市', '0', '0', '440100', '2016-04-29 16:05:43', '2016-04-29 16:05:43');
INSERT INTO `region` VALUES ('440201', '市辖区', '0', '0', '440200', '2016-04-29 16:05:43', '2016-04-29 16:05:43');
INSERT INTO `region` VALUES ('440203', '武江区', '0', '0', '440200', '2016-04-29 16:05:43', '2016-04-29 16:05:43');
INSERT INTO `region` VALUES ('440204', '浈江区', '0', '0', '440200', '2016-04-29 16:05:43', '2016-04-29 16:05:43');
INSERT INTO `region` VALUES ('440205', '曲江区', '0', '0', '440200', '2016-04-29 16:05:43', '2016-04-29 16:05:43');
INSERT INTO `region` VALUES ('440222', '始兴县', '0', '0', '440200', '2016-04-29 16:05:43', '2016-04-29 16:05:43');
INSERT INTO `region` VALUES ('440224', '仁化县', '0', '0', '440200', '2016-04-29 16:05:43', '2016-04-29 16:05:43');
INSERT INTO `region` VALUES ('440229', '翁源县', '0', '0', '440200', '2016-04-29 16:05:43', '2016-04-29 16:05:43');
INSERT INTO `region` VALUES ('440232', '乳源瑶族自治县', '0', '0', '440200', '2016-04-29 16:05:43', '2016-04-29 16:05:43');
INSERT INTO `region` VALUES ('440233', '新丰县', '0', '0', '440200', '2016-04-29 16:05:43', '2016-04-29 16:05:43');
INSERT INTO `region` VALUES ('440281', '乐昌市', '0', '0', '440200', '2016-04-29 16:05:43', '2016-04-29 16:05:43');
INSERT INTO `region` VALUES ('440282', '南雄市', '0', '0', '440200', '2016-04-29 16:05:43', '2016-04-29 16:05:43');
INSERT INTO `region` VALUES ('440301', '市辖区', '0', '0', '440300', '2016-04-29 16:05:43', '2016-04-29 16:05:43');
INSERT INTO `region` VALUES ('440303', '罗湖区', '0', '0', '440300', '2016-04-29 16:05:43', '2016-04-29 16:05:43');
INSERT INTO `region` VALUES ('440304', '福田区', '0', '0', '440300', '2016-04-29 16:05:43', '2016-04-29 16:05:43');
INSERT INTO `region` VALUES ('440305', '南山区', '0', '0', '440300', '2016-04-29 16:05:43', '2016-04-29 16:05:43');
INSERT INTO `region` VALUES ('440306', '宝安区', '0', '0', '440300', '2016-04-29 16:05:43', '2016-04-29 16:05:43');
INSERT INTO `region` VALUES ('440307', '龙岗区', '0', '0', '440300', '2016-04-29 16:05:43', '2016-04-29 16:05:43');
INSERT INTO `region` VALUES ('440308', '盐田区', '0', '0', '440300', '2016-04-29 16:05:43', '2016-04-29 16:05:43');
INSERT INTO `region` VALUES ('440401', '市辖区', '0', '0', '440400', '2016-04-29 16:05:43', '2016-04-29 16:05:43');
INSERT INTO `region` VALUES ('440402', '香洲区', '0', '0', '440400', '2016-04-29 16:05:43', '2016-04-29 16:05:43');
INSERT INTO `region` VALUES ('440403', '斗门区', '0', '0', '440400', '2016-04-29 16:05:43', '2016-04-29 16:05:43');
INSERT INTO `region` VALUES ('440404', '金湾区', '0', '0', '440400', '2016-04-29 16:05:43', '2016-04-29 16:05:43');
INSERT INTO `region` VALUES ('440501', '市辖区', '0', '0', '440500', '2016-04-29 16:05:43', '2016-04-29 16:05:43');
INSERT INTO `region` VALUES ('440507', '龙湖区', '0', '0', '440500', '2016-04-29 16:05:43', '2016-04-29 16:05:43');
INSERT INTO `region` VALUES ('440511', '金平区', '0', '0', '440500', '2016-04-29 16:05:43', '2016-04-29 16:05:43');
INSERT INTO `region` VALUES ('440512', '濠江区', '0', '0', '440500', '2016-04-29 16:05:43', '2016-04-29 16:05:43');
INSERT INTO `region` VALUES ('440513', '潮阳区', '0', '0', '440500', '2016-04-29 16:05:43', '2016-04-29 16:05:43');
INSERT INTO `region` VALUES ('440514', '潮南区', '0', '0', '440500', '2016-04-29 16:05:43', '2016-04-29 16:05:43');
INSERT INTO `region` VALUES ('440515', '澄海区', '0', '0', '440500', '2016-04-29 16:05:43', '2016-04-29 16:05:43');
INSERT INTO `region` VALUES ('440523', '南澳县', '0', '0', '440500', '2016-04-29 16:05:43', '2016-04-29 16:05:43');
INSERT INTO `region` VALUES ('440601', '市辖区', '0', '0', '440600', '2016-04-29 16:05:43', '2016-04-29 16:05:43');
INSERT INTO `region` VALUES ('440604', '禅城区', '0', '0', '440600', '2016-04-29 16:05:43', '2016-04-29 16:05:43');
INSERT INTO `region` VALUES ('440605', '南海区', '0', '0', '440600', '2016-04-29 16:05:43', '2016-04-29 16:05:43');
INSERT INTO `region` VALUES ('440606', '顺德区', '0', '0', '440600', '2016-04-29 16:05:43', '2016-04-29 16:05:43');
INSERT INTO `region` VALUES ('440607', '三水区', '0', '0', '440600', '2016-04-29 16:05:43', '2016-04-29 16:05:43');
INSERT INTO `region` VALUES ('440608', '高明区', '0', '0', '440600', '2016-04-29 16:05:43', '2016-04-29 16:05:43');
INSERT INTO `region` VALUES ('440701', '市辖区', '0', '0', '440700', '2016-04-29 16:05:43', '2016-04-29 16:05:43');
INSERT INTO `region` VALUES ('440703', '蓬江区', '0', '0', '440700', '2016-04-29 16:05:43', '2016-04-29 16:05:43');
INSERT INTO `region` VALUES ('440704', '江海区', '0', '0', '440700', '2016-04-29 16:05:43', '2016-04-29 16:05:43');
INSERT INTO `region` VALUES ('440705', '新会区', '0', '0', '440700', '2016-04-29 16:05:43', '2016-04-29 16:05:43');
INSERT INTO `region` VALUES ('440781', '台山市', '0', '0', '440700', '2016-04-29 16:05:43', '2016-04-29 16:05:43');
INSERT INTO `region` VALUES ('440783', '开平市', '0', '0', '440700', '2016-04-29 16:05:43', '2016-04-29 16:05:43');
INSERT INTO `region` VALUES ('440784', '鹤山市', '0', '0', '440700', '2016-04-29 16:05:43', '2016-04-29 16:05:43');
INSERT INTO `region` VALUES ('440785', '恩平市', '0', '0', '440700', '2016-04-29 16:05:43', '2016-04-29 16:05:43');
INSERT INTO `region` VALUES ('440801', '市辖区', '0', '0', '440800', '2016-04-29 16:05:43', '2016-04-29 16:05:43');
INSERT INTO `region` VALUES ('440802', '赤坎区', '0', '0', '440800', '2016-04-29 16:05:43', '2016-04-29 16:05:43');
INSERT INTO `region` VALUES ('440803', '霞山区', '0', '0', '440800', '2016-04-29 16:05:43', '2016-04-29 16:05:43');
INSERT INTO `region` VALUES ('440804', '坡头区', '0', '0', '440800', '2016-04-29 16:05:43', '2016-04-29 16:05:43');
INSERT INTO `region` VALUES ('440811', '麻章区', '0', '0', '440800', '2016-04-29 16:05:43', '2016-04-29 16:05:43');
INSERT INTO `region` VALUES ('440823', '遂溪县', '0', '0', '440800', '2016-04-29 16:05:43', '2016-04-29 16:05:43');
INSERT INTO `region` VALUES ('440825', '徐闻县', '0', '0', '440800', '2016-04-29 16:05:43', '2016-04-29 16:05:43');
INSERT INTO `region` VALUES ('440881', '廉江市', '0', '0', '440800', '2016-04-29 16:05:43', '2016-04-29 16:05:43');
INSERT INTO `region` VALUES ('440882', '雷州市', '0', '0', '440800', '2016-04-29 16:05:43', '2016-04-29 16:05:43');
INSERT INTO `region` VALUES ('440883', '吴川市', '0', '0', '440800', '2016-04-29 16:05:43', '2016-04-29 16:05:43');
INSERT INTO `region` VALUES ('440901', '市辖区', '0', '0', '440900', '2016-04-29 16:05:43', '2016-04-29 16:05:43');
INSERT INTO `region` VALUES ('440902', '茂南区', '0', '0', '440900', '2016-04-29 16:05:43', '2016-04-29 16:05:43');
INSERT INTO `region` VALUES ('440903', '茂港区', '0', '0', '440900', '2016-04-29 16:05:43', '2016-04-29 16:05:43');
INSERT INTO `region` VALUES ('440923', '电白县', '0', '0', '440900', '2016-04-29 16:05:43', '2016-04-29 16:05:43');
INSERT INTO `region` VALUES ('440981', '高州市', '0', '0', '440900', '2016-04-29 16:05:43', '2016-04-29 16:05:43');
INSERT INTO `region` VALUES ('440982', '化州市', '0', '0', '440900', '2016-04-29 16:05:43', '2016-04-29 16:05:43');
INSERT INTO `region` VALUES ('440983', '信宜市', '0', '0', '440900', '2016-04-29 16:05:43', '2016-04-29 16:05:43');
INSERT INTO `region` VALUES ('441201', '市辖区', '0', '0', '441200', '2016-04-29 16:05:43', '2016-04-29 16:05:43');
INSERT INTO `region` VALUES ('441202', '端州区', '0', '0', '441200', '2016-04-29 16:05:43', '2016-04-29 16:05:43');
INSERT INTO `region` VALUES ('441203', '鼎湖区', '0', '0', '441200', '2016-04-29 16:05:43', '2016-04-29 16:05:43');
INSERT INTO `region` VALUES ('441223', '广宁县', '0', '0', '441200', '2016-04-29 16:05:43', '2016-04-29 16:05:43');
INSERT INTO `region` VALUES ('441224', '怀集县', '0', '0', '441200', '2016-04-29 16:05:43', '2016-04-29 16:05:43');
INSERT INTO `region` VALUES ('441225', '封开县', '0', '0', '441200', '2016-04-29 16:05:43', '2016-04-29 16:05:43');
INSERT INTO `region` VALUES ('441226', '德庆县', '0', '0', '441200', '2016-04-29 16:05:43', '2016-04-29 16:05:43');
INSERT INTO `region` VALUES ('441283', '高要市', '0', '0', '441200', '2016-04-29 16:05:43', '2016-04-29 16:05:43');
INSERT INTO `region` VALUES ('441284', '四会市', '0', '0', '441200', '2016-04-29 16:05:43', '2016-04-29 16:05:43');
INSERT INTO `region` VALUES ('441301', '市辖区', '0', '0', '441300', '2016-04-29 16:05:43', '2016-04-29 16:05:43');
INSERT INTO `region` VALUES ('441302', '惠城区', '0', '0', '441300', '2016-04-29 16:05:43', '2016-04-29 16:05:43');
INSERT INTO `region` VALUES ('441303', '惠阳区', '0', '0', '441300', '2016-04-29 16:05:43', '2016-04-29 16:05:43');
INSERT INTO `region` VALUES ('441322', '博罗县', '0', '0', '441300', '2016-04-29 16:05:43', '2016-04-29 16:05:43');
INSERT INTO `region` VALUES ('441323', '惠东县', '0', '0', '441300', '2016-04-29 16:05:43', '2016-04-29 16:05:43');
INSERT INTO `region` VALUES ('441324', '龙门县', '0', '0', '441300', '2016-04-29 16:05:43', '2016-04-29 16:05:43');
INSERT INTO `region` VALUES ('441401', '市辖区', '0', '0', '441400', '2016-04-29 16:05:43', '2016-04-29 16:05:43');
INSERT INTO `region` VALUES ('441402', '梅江区', '0', '0', '441400', '2016-04-29 16:05:43', '2016-04-29 16:05:43');
INSERT INTO `region` VALUES ('441421', '梅　县', '0', '0', '441400', '2016-04-29 16:05:43', '2016-04-29 16:05:43');
INSERT INTO `region` VALUES ('441422', '大埔县', '0', '0', '441400', '2016-04-29 16:05:43', '2016-04-29 16:05:43');
INSERT INTO `region` VALUES ('441423', '丰顺县', '0', '0', '441400', '2016-04-29 16:05:43', '2016-04-29 16:05:43');
INSERT INTO `region` VALUES ('441424', '五华县', '0', '0', '441400', '2016-04-29 16:05:43', '2016-04-29 16:05:43');
INSERT INTO `region` VALUES ('441426', '平远县', '0', '0', '441400', '2016-04-29 16:05:43', '2016-04-29 16:05:43');
INSERT INTO `region` VALUES ('441427', '蕉岭县', '0', '0', '441400', '2016-04-29 16:05:43', '2016-04-29 16:05:43');
INSERT INTO `region` VALUES ('441481', '兴宁市', '0', '0', '441400', '2016-04-29 16:05:43', '2016-04-29 16:05:43');
INSERT INTO `region` VALUES ('441501', '市辖区', '0', '0', '441500', '2016-04-29 16:05:43', '2016-04-29 16:05:43');
INSERT INTO `region` VALUES ('441502', '城　区', '0', '0', '441500', '2016-04-29 16:05:43', '2016-04-29 16:05:43');
INSERT INTO `region` VALUES ('441521', '海丰县', '0', '0', '441500', '2016-04-29 16:05:43', '2016-04-29 16:05:43');
INSERT INTO `region` VALUES ('441523', '陆河县', '0', '0', '441500', '2016-04-29 16:05:43', '2016-04-29 16:05:43');
INSERT INTO `region` VALUES ('441581', '陆丰市', '0', '0', '441500', '2016-04-29 16:05:43', '2016-04-29 16:05:43');
INSERT INTO `region` VALUES ('441601', '市辖区', '0', '0', '441600', '2016-04-29 16:05:43', '2016-04-29 16:05:43');
INSERT INTO `region` VALUES ('441602', '源城区', '0', '0', '441600', '2016-04-29 16:05:43', '2016-04-29 16:05:43');
INSERT INTO `region` VALUES ('441621', '紫金县', '0', '0', '441600', '2016-04-29 16:05:43', '2016-04-29 16:05:43');
INSERT INTO `region` VALUES ('441622', '龙川县', '0', '0', '441600', '2016-04-29 16:05:43', '2016-04-29 16:05:43');
INSERT INTO `region` VALUES ('441623', '连平县', '0', '0', '441600', '2016-04-29 16:05:43', '2016-04-29 16:05:43');
INSERT INTO `region` VALUES ('441624', '和平县', '0', '0', '441600', '2016-04-29 16:05:43', '2016-04-29 16:05:43');
INSERT INTO `region` VALUES ('441625', '东源县', '0', '0', '441600', '2016-04-29 16:05:43', '2016-04-29 16:05:43');
INSERT INTO `region` VALUES ('441701', '市辖区', '0', '0', '441700', '2016-04-29 16:05:43', '2016-04-29 16:05:43');
INSERT INTO `region` VALUES ('441702', '江城区', '0', '0', '441700', '2016-04-29 16:05:43', '2016-04-29 16:05:43');
INSERT INTO `region` VALUES ('441721', '阳西县', '0', '0', '441700', '2016-04-29 16:05:43', '2016-04-29 16:05:43');
INSERT INTO `region` VALUES ('441723', '阳东县', '0', '0', '441700', '2016-04-29 16:05:43', '2016-04-29 16:05:43');
INSERT INTO `region` VALUES ('441781', '阳春市', '0', '0', '441700', '2016-04-29 16:05:43', '2016-04-29 16:05:43');
INSERT INTO `region` VALUES ('441801', '市辖区', '0', '0', '441800', '2016-04-29 16:05:43', '2016-04-29 16:05:43');
INSERT INTO `region` VALUES ('441802', '清城区', '0', '0', '441800', '2016-04-29 16:05:43', '2016-04-29 16:05:43');
INSERT INTO `region` VALUES ('441821', '佛冈县', '0', '0', '441800', '2016-04-29 16:05:43', '2016-04-29 16:05:43');
INSERT INTO `region` VALUES ('441823', '阳山县', '0', '0', '441800', '2016-04-29 16:05:43', '2016-04-29 16:05:43');
INSERT INTO `region` VALUES ('441825', '连山壮族瑶族自治县', '0', '0', '441800', '2016-04-29 16:05:43', '2016-04-29 16:05:43');
INSERT INTO `region` VALUES ('441826', '连南瑶族自治县', '0', '0', '441800', '2016-04-29 16:05:43', '2016-04-29 16:05:43');
INSERT INTO `region` VALUES ('441827', '清新县', '0', '0', '441800', '2016-04-29 16:05:43', '2016-04-29 16:05:43');
INSERT INTO `region` VALUES ('441881', '英德市', '0', '0', '441800', '2016-04-29 16:05:43', '2016-04-29 16:05:43');
INSERT INTO `region` VALUES ('441882', '连州市', '0', '0', '441800', '2016-04-29 16:05:43', '2016-04-29 16:05:43');
INSERT INTO `region` VALUES ('441901', '东莞市', '0', '0', '441900', '2016-06-14 13:56:46', '2016-06-14 13:56:48');
INSERT INTO `region` VALUES ('442001', '中山市', '0', '0', '442000', '2016-06-14 13:57:43', '2016-06-14 13:57:44');
INSERT INTO `region` VALUES ('445101', '市辖区', '0', '0', '445100', '2016-04-29 16:05:43', '2016-04-29 16:05:43');
INSERT INTO `region` VALUES ('445102', '湘桥区', '0', '0', '445100', '2016-04-29 16:05:43', '2016-04-29 16:05:43');
INSERT INTO `region` VALUES ('445121', '潮安县', '0', '0', '445100', '2016-04-29 16:05:43', '2016-04-29 16:05:43');
INSERT INTO `region` VALUES ('445122', '饶平县', '0', '0', '445100', '2016-04-29 16:05:43', '2016-04-29 16:05:43');
INSERT INTO `region` VALUES ('445201', '市辖区', '0', '0', '445200', '2016-04-29 16:05:43', '2016-04-29 16:05:43');
INSERT INTO `region` VALUES ('445202', '榕城区', '0', '0', '445200', '2016-04-29 16:05:43', '2016-04-29 16:05:43');
INSERT INTO `region` VALUES ('445221', '揭东县', '0', '0', '445200', '2016-04-29 16:05:43', '2016-04-29 16:05:43');
INSERT INTO `region` VALUES ('445222', '揭西县', '0', '0', '445200', '2016-04-29 16:05:43', '2016-04-29 16:05:43');
INSERT INTO `region` VALUES ('445224', '惠来县', '0', '0', '445200', '2016-04-29 16:05:43', '2016-04-29 16:05:43');
INSERT INTO `region` VALUES ('445281', '普宁市', '0', '0', '445200', '2016-04-29 16:05:43', '2016-04-29 16:05:43');
INSERT INTO `region` VALUES ('445301', '市辖区', '0', '0', '445300', '2016-04-29 16:05:43', '2016-04-29 16:05:43');
INSERT INTO `region` VALUES ('445302', '云城区', '0', '0', '445300', '2016-04-29 16:05:43', '2016-04-29 16:05:43');
INSERT INTO `region` VALUES ('445321', '新兴县', '0', '0', '445300', '2016-04-29 16:05:43', '2016-04-29 16:05:43');
INSERT INTO `region` VALUES ('445322', '郁南县', '0', '0', '445300', '2016-04-29 16:05:43', '2016-04-29 16:05:43');
INSERT INTO `region` VALUES ('445323', '云安县', '0', '0', '445300', '2016-04-29 16:05:43', '2016-04-29 16:05:43');
INSERT INTO `region` VALUES ('445381', '罗定市', '0', '0', '445300', '2016-04-29 16:05:43', '2016-04-29 16:05:43');
INSERT INTO `region` VALUES ('450101', '市辖区', '0', '0', '450100', '2016-04-29 16:05:43', '2016-04-29 16:05:43');
INSERT INTO `region` VALUES ('450102', '兴宁区', '0', '0', '450100', '2016-04-29 16:05:43', '2016-04-29 16:05:43');
INSERT INTO `region` VALUES ('450103', '青秀区', '0', '0', '450100', '2016-04-29 16:05:43', '2016-04-29 16:05:43');
INSERT INTO `region` VALUES ('450105', '江南区', '0', '0', '450100', '2016-04-29 16:05:43', '2016-04-29 16:05:43');
INSERT INTO `region` VALUES ('450107', '西乡塘区', '0', '0', '450100', '2016-04-29 16:05:43', '2016-04-29 16:05:43');
INSERT INTO `region` VALUES ('450108', '良庆区', '0', '0', '450100', '2016-04-29 16:05:43', '2016-04-29 16:05:43');
INSERT INTO `region` VALUES ('450109', '邕宁区', '0', '0', '450100', '2016-04-29 16:05:43', '2016-04-29 16:05:43');
INSERT INTO `region` VALUES ('450122', '武鸣县', '0', '0', '450100', '2016-04-29 16:05:43', '2016-04-29 16:05:43');
INSERT INTO `region` VALUES ('450123', '隆安县', '0', '0', '450100', '2016-04-29 16:05:43', '2016-04-29 16:05:43');
INSERT INTO `region` VALUES ('450124', '马山县', '0', '0', '450100', '2016-04-29 16:05:43', '2016-04-29 16:05:43');
INSERT INTO `region` VALUES ('450125', '上林县', '0', '0', '450100', '2016-04-29 16:05:43', '2016-04-29 16:05:43');
INSERT INTO `region` VALUES ('450126', '宾阳县', '0', '0', '450100', '2016-04-29 16:05:43', '2016-04-29 16:05:43');
INSERT INTO `region` VALUES ('450127', '横　县', '0', '0', '450100', '2016-04-29 16:05:43', '2016-04-29 16:05:43');
INSERT INTO `region` VALUES ('450201', '市辖区', '0', '0', '450200', '2016-04-29 16:05:43', '2016-04-29 16:05:43');
INSERT INTO `region` VALUES ('450202', '城中区', '0', '0', '450200', '2016-04-29 16:05:43', '2016-04-29 16:05:43');
INSERT INTO `region` VALUES ('450203', '鱼峰区', '0', '0', '450200', '2016-04-29 16:05:43', '2016-04-29 16:05:43');
INSERT INTO `region` VALUES ('450204', '柳南区', '0', '0', '450200', '2016-04-29 16:05:43', '2016-04-29 16:05:43');
INSERT INTO `region` VALUES ('450205', '柳北区', '0', '0', '450200', '2016-04-29 16:05:43', '2016-04-29 16:05:43');
INSERT INTO `region` VALUES ('450221', '柳江县', '0', '0', '450200', '2016-04-29 16:05:43', '2016-04-29 16:05:43');
INSERT INTO `region` VALUES ('450222', '柳城县', '0', '0', '450200', '2016-04-29 16:05:43', '2016-04-29 16:05:43');
INSERT INTO `region` VALUES ('450223', '鹿寨县', '0', '0', '450200', '2016-04-29 16:05:43', '2016-04-29 16:05:43');
INSERT INTO `region` VALUES ('450224', '融安县', '0', '0', '450200', '2016-04-29 16:05:43', '2016-04-29 16:05:43');
INSERT INTO `region` VALUES ('450225', '融水苗族自治县', '0', '0', '450200', '2016-04-29 16:05:43', '2016-04-29 16:05:43');
INSERT INTO `region` VALUES ('450226', '三江侗族自治县', '0', '0', '450200', '2016-04-29 16:05:43', '2016-04-29 16:05:43');
INSERT INTO `region` VALUES ('450301', '市辖区', '0', '0', '450300', '2016-04-29 16:05:43', '2016-04-29 16:05:43');
INSERT INTO `region` VALUES ('450302', '秀峰区', '0', '0', '450300', '2016-04-29 16:05:43', '2016-04-29 16:05:43');
INSERT INTO `region` VALUES ('450303', '叠彩区', '0', '0', '450300', '2016-04-29 16:05:43', '2016-04-29 16:05:43');
INSERT INTO `region` VALUES ('450304', '象山区', '0', '0', '450300', '2016-04-29 16:05:43', '2016-04-29 16:05:43');
INSERT INTO `region` VALUES ('450305', '七星区', '0', '0', '450300', '2016-04-29 16:05:43', '2016-04-29 16:05:43');
INSERT INTO `region` VALUES ('450311', '雁山区', '0', '0', '450300', '2016-04-29 16:05:43', '2016-04-29 16:05:43');
INSERT INTO `region` VALUES ('450321', '阳朔县', '0', '0', '450300', '2016-04-29 16:05:43', '2016-04-29 16:05:43');
INSERT INTO `region` VALUES ('450322', '临桂县', '0', '0', '450300', '2016-04-29 16:05:43', '2016-04-29 16:05:43');
INSERT INTO `region` VALUES ('450323', '灵川县', '0', '0', '450300', '2016-04-29 16:05:43', '2016-04-29 16:05:43');
INSERT INTO `region` VALUES ('450324', '全州县', '0', '0', '450300', '2016-04-29 16:05:43', '2016-04-29 16:05:43');
INSERT INTO `region` VALUES ('450325', '兴安县', '0', '0', '450300', '2016-04-29 16:05:43', '2016-04-29 16:05:43');
INSERT INTO `region` VALUES ('450326', '永福县', '0', '0', '450300', '2016-04-29 16:05:43', '2016-04-29 16:05:43');
INSERT INTO `region` VALUES ('450327', '灌阳县', '0', '0', '450300', '2016-04-29 16:05:43', '2016-04-29 16:05:43');
INSERT INTO `region` VALUES ('450328', '龙胜各族自治县', '0', '0', '450300', '2016-04-29 16:05:43', '2016-04-29 16:05:43');
INSERT INTO `region` VALUES ('450329', '资源县', '0', '0', '450300', '2016-04-29 16:05:43', '2016-04-29 16:05:43');
INSERT INTO `region` VALUES ('450330', '平乐县', '0', '0', '450300', '2016-04-29 16:05:43', '2016-04-29 16:05:43');
INSERT INTO `region` VALUES ('450331', '荔蒲县', '0', '0', '450300', '2016-04-29 16:05:43', '2016-04-29 16:05:43');
INSERT INTO `region` VALUES ('450332', '恭城瑶族自治县', '0', '0', '450300', '2016-04-29 16:05:43', '2016-04-29 16:05:43');
INSERT INTO `region` VALUES ('450401', '市辖区', '0', '0', '450400', '2016-04-29 16:05:43', '2016-04-29 16:05:43');
INSERT INTO `region` VALUES ('450403', '万秀区', '0', '0', '450400', '2016-04-29 16:05:43', '2016-04-29 16:05:43');
INSERT INTO `region` VALUES ('450404', '蝶山区', '0', '0', '450400', '2016-04-29 16:05:43', '2016-04-29 16:05:43');
INSERT INTO `region` VALUES ('450405', '长洲区', '0', '0', '450400', '2016-04-29 16:05:43', '2016-04-29 16:05:43');
INSERT INTO `region` VALUES ('450421', '苍梧县', '0', '0', '450400', '2016-04-29 16:05:43', '2016-04-29 16:05:43');
INSERT INTO `region` VALUES ('450422', '藤　县', '0', '0', '450400', '2016-04-29 16:05:43', '2016-04-29 16:05:43');
INSERT INTO `region` VALUES ('450423', '蒙山县', '0', '0', '450400', '2016-04-29 16:05:43', '2016-04-29 16:05:43');
INSERT INTO `region` VALUES ('450481', '岑溪市', '0', '0', '450400', '2016-04-29 16:05:43', '2016-04-29 16:05:43');
INSERT INTO `region` VALUES ('450501', '市辖区', '0', '0', '450500', '2016-04-29 16:05:43', '2016-04-29 16:05:43');
INSERT INTO `region` VALUES ('450502', '海城区', '0', '0', '450500', '2016-04-29 16:05:43', '2016-04-29 16:05:43');
INSERT INTO `region` VALUES ('450503', '银海区', '0', '0', '450500', '2016-04-29 16:05:43', '2016-04-29 16:05:43');
INSERT INTO `region` VALUES ('450512', '铁山港区', '0', '0', '450500', '2016-04-29 16:05:43', '2016-04-29 16:05:43');
INSERT INTO `region` VALUES ('450521', '合浦县', '0', '0', '450500', '2016-04-29 16:05:43', '2016-04-29 16:05:43');
INSERT INTO `region` VALUES ('450601', '市辖区', '0', '0', '450600', '2016-04-29 16:05:43', '2016-04-29 16:05:43');
INSERT INTO `region` VALUES ('450602', '港口区', '0', '0', '450600', '2016-04-29 16:05:43', '2016-04-29 16:05:43');
INSERT INTO `region` VALUES ('450603', '防城区', '0', '0', '450600', '2016-04-29 16:05:43', '2016-04-29 16:05:43');
INSERT INTO `region` VALUES ('450621', '上思县', '0', '0', '450600', '2016-04-29 16:05:43', '2016-04-29 16:05:43');
INSERT INTO `region` VALUES ('450681', '东兴市', '0', '0', '450600', '2016-04-29 16:05:43', '2016-04-29 16:05:43');
INSERT INTO `region` VALUES ('450701', '市辖区', '0', '0', '450700', '2016-04-29 16:05:43', '2016-04-29 16:05:43');
INSERT INTO `region` VALUES ('450702', '钦南区', '0', '0', '450700', '2016-04-29 16:05:43', '2016-04-29 16:05:43');
INSERT INTO `region` VALUES ('450703', '钦北区', '0', '0', '450700', '2016-04-29 16:05:43', '2016-04-29 16:05:43');
INSERT INTO `region` VALUES ('450721', '灵山县', '0', '0', '450700', '2016-04-29 16:05:43', '2016-04-29 16:05:43');
INSERT INTO `region` VALUES ('450722', '浦北县', '0', '0', '450700', '2016-04-29 16:05:43', '2016-04-29 16:05:43');
INSERT INTO `region` VALUES ('450801', '市辖区', '0', '0', '450800', '2016-04-29 16:05:43', '2016-04-29 16:05:43');
INSERT INTO `region` VALUES ('450802', '港北区', '0', '0', '450800', '2016-04-29 16:05:43', '2016-04-29 16:05:43');
INSERT INTO `region` VALUES ('450803', '港南区', '0', '0', '450800', '2016-04-29 16:05:43', '2016-04-29 16:05:43');
INSERT INTO `region` VALUES ('450804', '覃塘区', '0', '0', '450800', '2016-04-29 16:05:43', '2016-04-29 16:05:43');
INSERT INTO `region` VALUES ('450821', '平南县', '0', '0', '450800', '2016-04-29 16:05:43', '2016-04-29 16:05:43');
INSERT INTO `region` VALUES ('450881', '桂平市', '0', '0', '450800', '2016-04-29 16:05:43', '2016-04-29 16:05:43');
INSERT INTO `region` VALUES ('450901', '市辖区', '0', '0', '450900', '2016-04-29 16:05:43', '2016-04-29 16:05:43');
INSERT INTO `region` VALUES ('450902', '玉州区', '0', '0', '450900', '2016-04-29 16:05:43', '2016-04-29 16:05:43');
INSERT INTO `region` VALUES ('450921', '容　县', '0', '0', '450900', '2016-04-29 16:05:43', '2016-04-29 16:05:43');
INSERT INTO `region` VALUES ('450922', '陆川县', '0', '0', '450900', '2016-04-29 16:05:43', '2016-04-29 16:05:43');
INSERT INTO `region` VALUES ('450923', '博白县', '0', '0', '450900', '2016-04-29 16:05:43', '2016-04-29 16:05:43');
INSERT INTO `region` VALUES ('450924', '兴业县', '0', '0', '450900', '2016-04-29 16:05:43', '2016-04-29 16:05:43');
INSERT INTO `region` VALUES ('450981', '北流市', '0', '0', '450900', '2016-04-29 16:05:43', '2016-04-29 16:05:43');
INSERT INTO `region` VALUES ('451001', '市辖区', '0', '0', '451000', '2016-04-29 16:05:43', '2016-04-29 16:05:43');
INSERT INTO `region` VALUES ('451002', '右江区', '0', '0', '451000', '2016-04-29 16:05:43', '2016-04-29 16:05:43');
INSERT INTO `region` VALUES ('451021', '田阳县', '0', '0', '451000', '2016-04-29 16:05:43', '2016-04-29 16:05:43');
INSERT INTO `region` VALUES ('451022', '田东县', '0', '0', '451000', '2016-04-29 16:05:43', '2016-04-29 16:05:43');
INSERT INTO `region` VALUES ('451023', '平果县', '0', '0', '451000', '2016-04-29 16:05:43', '2016-04-29 16:05:43');
INSERT INTO `region` VALUES ('451024', '德保县', '0', '0', '451000', '2016-04-29 16:05:43', '2016-04-29 16:05:43');
INSERT INTO `region` VALUES ('451025', '靖西县', '0', '0', '451000', '2016-04-29 16:05:43', '2016-04-29 16:05:43');
INSERT INTO `region` VALUES ('451026', '那坡县', '0', '0', '451000', '2016-04-29 16:05:43', '2016-04-29 16:05:43');
INSERT INTO `region` VALUES ('451027', '凌云县', '0', '0', '451000', '2016-04-29 16:05:43', '2016-04-29 16:05:43');
INSERT INTO `region` VALUES ('451028', '乐业县', '0', '0', '451000', '2016-04-29 16:05:43', '2016-04-29 16:05:43');
INSERT INTO `region` VALUES ('451029', '田林县', '0', '0', '451000', '2016-04-29 16:05:43', '2016-04-29 16:05:43');
INSERT INTO `region` VALUES ('451030', '西林县', '0', '0', '451000', '2016-04-29 16:05:43', '2016-04-29 16:05:43');
INSERT INTO `region` VALUES ('451031', '隆林各族自治县', '0', '0', '451000', '2016-04-29 16:05:43', '2016-04-29 16:05:43');
INSERT INTO `region` VALUES ('451101', '市辖区', '0', '0', '451100', '2016-04-29 16:05:43', '2016-04-29 16:05:43');
INSERT INTO `region` VALUES ('451102', '八步区', '0', '0', '451100', '2016-04-29 16:05:43', '2016-04-29 16:05:43');
INSERT INTO `region` VALUES ('451121', '昭平县', '0', '0', '451100', '2016-04-29 16:05:43', '2016-04-29 16:05:43');
INSERT INTO `region` VALUES ('451122', '钟山县', '0', '0', '451100', '2016-04-29 16:05:43', '2016-04-29 16:05:43');
INSERT INTO `region` VALUES ('451123', '富川瑶族自治县', '0', '0', '451100', '2016-04-29 16:05:43', '2016-04-29 16:05:43');
INSERT INTO `region` VALUES ('451201', '市辖区', '0', '0', '451200', '2016-04-29 16:05:43', '2016-04-29 16:05:43');
INSERT INTO `region` VALUES ('451202', '金城江区', '0', '0', '451200', '2016-04-29 16:05:43', '2016-04-29 16:05:43');
INSERT INTO `region` VALUES ('451221', '南丹县', '0', '0', '451200', '2016-04-29 16:05:43', '2016-04-29 16:05:43');
INSERT INTO `region` VALUES ('451222', '天峨县', '0', '0', '451200', '2016-04-29 16:05:43', '2016-04-29 16:05:43');
INSERT INTO `region` VALUES ('451223', '凤山县', '0', '0', '451200', '2016-04-29 16:05:43', '2016-04-29 16:05:43');
INSERT INTO `region` VALUES ('451224', '东兰县', '0', '0', '451200', '2016-04-29 16:05:43', '2016-04-29 16:05:43');
INSERT INTO `region` VALUES ('451225', '罗城仫佬族自治县', '0', '0', '451200', '2016-04-29 16:05:43', '2016-04-29 16:05:43');
INSERT INTO `region` VALUES ('451226', '环江毛南族自治县', '0', '0', '451200', '2016-04-29 16:05:43', '2016-04-29 16:05:43');
INSERT INTO `region` VALUES ('451227', '巴马瑶族自治县', '0', '0', '451200', '2016-04-29 16:05:43', '2016-04-29 16:05:43');
INSERT INTO `region` VALUES ('451228', '都安瑶族自治县', '0', '0', '451200', '2016-04-29 16:05:43', '2016-04-29 16:05:43');
INSERT INTO `region` VALUES ('451229', '大化瑶族自治县', '0', '0', '451200', '2016-04-29 16:05:43', '2016-04-29 16:05:43');
INSERT INTO `region` VALUES ('451281', '宜州市', '0', '0', '451200', '2016-04-29 16:05:43', '2016-04-29 16:05:43');
INSERT INTO `region` VALUES ('451301', '市辖区', '0', '0', '451300', '2016-04-29 16:05:43', '2016-04-29 16:05:43');
INSERT INTO `region` VALUES ('451302', '兴宾区', '0', '0', '451300', '2016-04-29 16:05:43', '2016-04-29 16:05:43');
INSERT INTO `region` VALUES ('451321', '忻城县', '0', '0', '451300', '2016-04-29 16:05:43', '2016-04-29 16:05:43');
INSERT INTO `region` VALUES ('451322', '象州县', '0', '0', '451300', '2016-04-29 16:05:43', '2016-04-29 16:05:43');
INSERT INTO `region` VALUES ('451323', '武宣县', '0', '0', '451300', '2016-04-29 16:05:43', '2016-04-29 16:05:43');
INSERT INTO `region` VALUES ('451324', '金秀瑶族自治县', '0', '0', '451300', '2016-04-29 16:05:43', '2016-04-29 16:05:43');
INSERT INTO `region` VALUES ('451381', '合山市', '0', '0', '451300', '2016-04-29 16:05:43', '2016-04-29 16:05:43');
INSERT INTO `region` VALUES ('451401', '市辖区', '0', '0', '451400', '2016-04-29 16:05:43', '2016-04-29 16:05:43');
INSERT INTO `region` VALUES ('451402', '江洲区', '0', '0', '451400', '2016-04-29 16:05:43', '2016-04-29 16:05:43');
INSERT INTO `region` VALUES ('451421', '扶绥县', '0', '0', '451400', '2016-04-29 16:05:43', '2016-04-29 16:05:43');
INSERT INTO `region` VALUES ('451422', '宁明县', '0', '0', '451400', '2016-04-29 16:05:43', '2016-04-29 16:05:43');
INSERT INTO `region` VALUES ('451423', '龙州县', '0', '0', '451400', '2016-04-29 16:05:43', '2016-04-29 16:05:43');
INSERT INTO `region` VALUES ('451424', '大新县', '0', '0', '451400', '2016-04-29 16:05:43', '2016-04-29 16:05:43');
INSERT INTO `region` VALUES ('451425', '天等县', '0', '0', '451400', '2016-04-29 16:05:43', '2016-04-29 16:05:43');
INSERT INTO `region` VALUES ('451481', '凭祥市', '0', '0', '451400', '2016-04-29 16:05:43', '2016-04-29 16:05:43');
INSERT INTO `region` VALUES ('460101', '市辖区', '0', '0', '460100', '2016-04-29 16:05:43', '2016-04-29 16:05:43');
INSERT INTO `region` VALUES ('460105', '秀英区', '0', '0', '460100', '2016-04-29 16:05:43', '2016-04-29 16:05:43');
INSERT INTO `region` VALUES ('460106', '龙华区', '0', '0', '460100', '2016-04-29 16:05:43', '2016-04-29 16:05:43');
INSERT INTO `region` VALUES ('460107', '琼山区', '0', '0', '460100', '2016-04-29 16:05:43', '2016-04-29 16:05:43');
INSERT INTO `region` VALUES ('460108', '美兰区', '0', '0', '460100', '2016-04-29 16:05:43', '2016-04-29 16:05:43');
INSERT INTO `region` VALUES ('460201', '市辖区', '0', '0', '460200', '2016-04-29 16:05:43', '2016-04-29 16:05:43');
INSERT INTO `region` VALUES ('469001', '五指山市', '0', '0', '469000', '2016-04-29 16:05:43', '2016-04-29 16:05:43');
INSERT INTO `region` VALUES ('469002', '琼海市', '0', '0', '469000', '2016-04-29 16:05:43', '2016-04-29 16:05:43');
INSERT INTO `region` VALUES ('469003', '儋州市', '0', '0', '469000', '2016-04-29 16:05:43', '2016-04-29 16:05:43');
INSERT INTO `region` VALUES ('469005', '文昌市', '0', '0', '469000', '2016-04-29 16:05:43', '2016-04-29 16:05:43');
INSERT INTO `region` VALUES ('469006', '万宁市', '0', '0', '469000', '2016-04-29 16:05:43', '2016-04-29 16:05:43');
INSERT INTO `region` VALUES ('469007', '东方市', '0', '0', '469000', '2016-04-29 16:05:43', '2016-04-29 16:05:43');
INSERT INTO `region` VALUES ('469025', '定安县', '0', '0', '469000', '2016-04-29 16:05:43', '2016-04-29 16:05:43');
INSERT INTO `region` VALUES ('469026', '屯昌县', '0', '0', '469000', '2016-04-29 16:05:43', '2016-04-29 16:05:43');
INSERT INTO `region` VALUES ('469027', '澄迈县', '0', '0', '469000', '2016-04-29 16:05:43', '2016-04-29 16:05:43');
INSERT INTO `region` VALUES ('469028', '临高县', '0', '0', '469000', '2016-04-29 16:05:43', '2016-04-29 16:05:43');
INSERT INTO `region` VALUES ('469030', '白沙黎族自治县', '0', '0', '469000', '2016-04-29 16:05:43', '2016-04-29 16:05:43');
INSERT INTO `region` VALUES ('469031', '昌江黎族自治县', '0', '0', '469000', '2016-04-29 16:05:43', '2016-04-29 16:05:43');
INSERT INTO `region` VALUES ('469033', '乐东黎族自治县', '0', '0', '469000', '2016-04-29 16:05:43', '2016-04-29 16:05:43');
INSERT INTO `region` VALUES ('469034', '陵水黎族自治县', '0', '0', '469000', '2016-04-29 16:05:43', '2016-04-29 16:05:43');
INSERT INTO `region` VALUES ('469035', '保亭黎族苗族自治县', '0', '0', '469000', '2016-04-29 16:05:43', '2016-04-29 16:05:43');
INSERT INTO `region` VALUES ('469036', '琼中黎族苗族自治县', '0', '0', '469000', '2016-04-29 16:05:43', '2016-04-29 16:05:43');
INSERT INTO `region` VALUES ('469037', '西沙群岛', '0', '0', '469000', '2016-04-29 16:05:43', '2016-04-29 16:05:43');
INSERT INTO `region` VALUES ('469038', '南沙群岛', '0', '0', '469000', '2016-04-29 16:05:43', '2016-04-29 16:05:43');
INSERT INTO `region` VALUES ('469039', '中沙群岛的岛礁及其海域', '0', '0', '469000', '2016-04-29 16:05:43', '2016-04-29 16:05:43');
INSERT INTO `region` VALUES ('500101', '万州区', '0', '0', '500100', '2016-04-29 16:05:43', '2016-04-29 16:05:43');
INSERT INTO `region` VALUES ('500102', '涪陵区', '0', '0', '500100', '2016-04-29 16:05:43', '2016-04-29 16:05:43');
INSERT INTO `region` VALUES ('500103', '渝中区', '0', '0', '500100', '2016-04-29 16:05:43', '2016-04-29 16:05:43');
INSERT INTO `region` VALUES ('500104', '大渡口区', '0', '0', '500100', '2016-04-29 16:05:43', '2016-04-29 16:05:43');
INSERT INTO `region` VALUES ('500105', '江北区', '0', '0', '500100', '2016-04-29 16:05:43', '2016-04-29 16:05:43');
INSERT INTO `region` VALUES ('500106', '沙坪坝区', '0', '0', '500100', '2016-04-29 16:05:43', '2016-04-29 16:05:43');
INSERT INTO `region` VALUES ('500107', '九龙坡区', '0', '0', '500100', '2016-04-29 16:05:43', '2016-04-29 16:05:43');
INSERT INTO `region` VALUES ('500108', '南岸区', '0', '0', '500100', '2016-04-29 16:05:43', '2016-04-29 16:05:43');
INSERT INTO `region` VALUES ('500109', '北碚区', '0', '0', '500100', '2016-04-29 16:05:43', '2016-04-29 16:05:43');
INSERT INTO `region` VALUES ('500110', '万盛区', '0', '0', '500100', '2016-04-29 16:05:43', '2016-04-29 16:05:43');
INSERT INTO `region` VALUES ('500111', '双桥区', '0', '0', '500100', '2016-04-29 16:05:43', '2016-04-29 16:05:43');
INSERT INTO `region` VALUES ('500112', '渝北区', '0', '0', '500100', '2016-04-29 16:05:43', '2016-04-29 16:05:43');
INSERT INTO `region` VALUES ('500113', '巴南区', '0', '0', '500100', '2016-04-29 16:05:43', '2016-04-29 16:05:43');
INSERT INTO `region` VALUES ('500114', '黔江区', '0', '0', '500100', '2016-04-29 16:05:43', '2016-04-29 16:05:43');
INSERT INTO `region` VALUES ('500115', '长寿区', '0', '0', '500100', '2016-04-29 16:05:43', '2016-04-29 16:05:43');
INSERT INTO `region` VALUES ('500222', '綦江县', '0', '0', '500100', '2016-04-29 16:05:43', '2016-04-29 16:05:43');
INSERT INTO `region` VALUES ('500223', '潼南县', '0', '0', '500100', '2016-04-29 16:05:43', '2016-04-29 16:05:43');
INSERT INTO `region` VALUES ('500224', '铜梁县', '0', '0', '500100', '2016-04-29 16:05:43', '2016-04-29 16:05:43');
INSERT INTO `region` VALUES ('500225', '大足县', '0', '0', '500100', '2016-04-29 16:05:43', '2016-04-29 16:05:43');
INSERT INTO `region` VALUES ('500226', '荣昌县', '0', '0', '500100', '2016-04-29 16:05:43', '2016-04-29 16:05:43');
INSERT INTO `region` VALUES ('500227', '璧山县', '0', '0', '500100', '2016-04-29 16:05:43', '2016-04-29 16:05:43');
INSERT INTO `region` VALUES ('500228', '梁平县', '0', '0', '500100', '2016-04-29 16:05:43', '2016-04-29 16:05:43');
INSERT INTO `region` VALUES ('500229', '城口县', '0', '0', '500100', '2016-04-29 16:05:43', '2016-04-29 16:05:43');
INSERT INTO `region` VALUES ('500230', '丰都县', '0', '0', '500100', '2016-04-29 16:05:43', '2016-04-29 16:05:43');
INSERT INTO `region` VALUES ('500231', '垫江县', '0', '0', '500100', '2016-04-29 16:05:43', '2016-04-29 16:05:43');
INSERT INTO `region` VALUES ('500232', '武隆县', '0', '0', '500100', '2016-04-29 16:05:43', '2016-04-29 16:05:43');
INSERT INTO `region` VALUES ('500233', '忠　县', '0', '0', '500100', '2016-04-29 16:05:43', '2016-04-29 16:05:43');
INSERT INTO `region` VALUES ('500234', '开　县', '0', '0', '500100', '2016-04-29 16:05:43', '2016-04-29 16:05:43');
INSERT INTO `region` VALUES ('500235', '云阳县', '0', '0', '500100', '2016-04-29 16:05:43', '2016-04-29 16:05:43');
INSERT INTO `region` VALUES ('500236', '奉节县', '0', '0', '500100', '2016-04-29 16:05:43', '2016-04-29 16:05:43');
INSERT INTO `region` VALUES ('500237', '巫山县', '0', '0', '500100', '2016-04-29 16:05:43', '2016-04-29 16:05:43');
INSERT INTO `region` VALUES ('500238', '巫溪县', '0', '0', '500100', '2016-04-29 16:05:43', '2016-04-29 16:05:43');
INSERT INTO `region` VALUES ('500240', '石柱土家族自治县', '0', '0', '500100', '2016-04-29 16:05:43', '2016-04-29 16:05:43');
INSERT INTO `region` VALUES ('500241', '秀山土家族苗族自治县', '0', '0', '500100', '2016-04-29 16:05:43', '2016-04-29 16:05:43');
INSERT INTO `region` VALUES ('500242', '酉阳土家族苗族自治县', '0', '0', '500100', '2016-04-29 16:05:43', '2016-04-29 16:05:43');
INSERT INTO `region` VALUES ('500243', '彭水苗族土家族自治县', '0', '0', '500100', '2016-04-29 16:05:43', '2016-04-29 16:05:43');
INSERT INTO `region` VALUES ('500381', '江津市', '0', '0', '500100', '2016-04-29 16:05:43', '2016-04-29 16:05:43');
INSERT INTO `region` VALUES ('500382', '合川市', '0', '0', '500100', '2016-04-29 16:05:43', '2016-04-29 16:05:43');
INSERT INTO `region` VALUES ('500383', '永川市', '0', '0', '500100', '2016-04-29 16:05:43', '2016-04-29 16:05:43');
INSERT INTO `region` VALUES ('500384', '南川市', '0', '0', '500100', '2016-04-29 16:05:43', '2016-04-29 16:05:43');
INSERT INTO `region` VALUES ('510101', '市辖区', '0', '0', '510100', '2016-04-29 16:05:43', '2016-04-29 16:05:43');
INSERT INTO `region` VALUES ('510104', '锦江区', '0', '0', '510100', '2016-04-29 16:05:43', '2016-04-29 16:05:43');
INSERT INTO `region` VALUES ('510105', '青羊区', '0', '0', '510100', '2016-04-29 16:05:43', '2016-04-29 16:05:43');
INSERT INTO `region` VALUES ('510106', '金牛区', '0', '0', '510100', '2016-04-29 16:05:43', '2016-04-29 16:05:43');
INSERT INTO `region` VALUES ('510107', '武侯区', '0', '0', '510100', '2016-04-29 16:05:43', '2016-04-29 16:05:43');
INSERT INTO `region` VALUES ('510108', '成华区', '0', '0', '510100', '2016-04-29 16:05:43', '2016-04-29 16:05:43');
INSERT INTO `region` VALUES ('510112', '龙泉驿区', '0', '0', '510100', '2016-04-29 16:05:43', '2016-04-29 16:05:43');
INSERT INTO `region` VALUES ('510113', '青白江区', '0', '0', '510100', '2016-04-29 16:05:43', '2016-04-29 16:05:43');
INSERT INTO `region` VALUES ('510114', '新都区', '0', '0', '510100', '2016-04-29 16:05:43', '2016-04-29 16:05:43');
INSERT INTO `region` VALUES ('510115', '温江区', '0', '0', '510100', '2016-04-29 16:05:43', '2016-04-29 16:05:43');
INSERT INTO `region` VALUES ('510121', '金堂县', '0', '0', '510100', '2016-04-29 16:05:43', '2016-04-29 16:05:43');
INSERT INTO `region` VALUES ('510122', '双流县', '0', '0', '510100', '2016-04-29 16:05:43', '2016-04-29 16:05:43');
INSERT INTO `region` VALUES ('510124', '郫　县', '0', '0', '510100', '2016-04-29 16:05:43', '2016-04-29 16:05:43');
INSERT INTO `region` VALUES ('510129', '大邑县', '0', '0', '510100', '2016-04-29 16:05:43', '2016-04-29 16:05:43');
INSERT INTO `region` VALUES ('510131', '蒲江县', '0', '0', '510100', '2016-04-29 16:05:43', '2016-04-29 16:05:43');
INSERT INTO `region` VALUES ('510132', '新津县', '0', '0', '510100', '2016-04-29 16:05:43', '2016-04-29 16:05:43');
INSERT INTO `region` VALUES ('510181', '都江堰市', '0', '0', '510100', '2016-04-29 16:05:43', '2016-04-29 16:05:43');
INSERT INTO `region` VALUES ('510182', '彭州市', '0', '0', '510100', '2016-04-29 16:05:43', '2016-04-29 16:05:43');
INSERT INTO `region` VALUES ('510183', '邛崃市', '0', '0', '510100', '2016-04-29 16:05:43', '2016-04-29 16:05:43');
INSERT INTO `region` VALUES ('510184', '崇州市', '0', '0', '510100', '2016-04-29 16:05:43', '2016-04-29 16:05:43');
INSERT INTO `region` VALUES ('510301', '市辖区', '0', '0', '510300', '2016-04-29 16:05:43', '2016-04-29 16:05:43');
INSERT INTO `region` VALUES ('510302', '自流井区', '0', '0', '510300', '2016-04-29 16:05:43', '2016-04-29 16:05:43');
INSERT INTO `region` VALUES ('510303', '贡井区', '0', '0', '510300', '2016-04-29 16:05:43', '2016-04-29 16:05:43');
INSERT INTO `region` VALUES ('510304', '大安区', '0', '0', '510300', '2016-04-29 16:05:43', '2016-04-29 16:05:43');
INSERT INTO `region` VALUES ('510311', '沿滩区', '0', '0', '510300', '2016-04-29 16:05:43', '2016-04-29 16:05:43');
INSERT INTO `region` VALUES ('510321', '荣　县', '0', '0', '510300', '2016-04-29 16:05:43', '2016-04-29 16:05:43');
INSERT INTO `region` VALUES ('510322', '富顺县', '0', '0', '510300', '2016-04-29 16:05:43', '2016-04-29 16:05:43');
INSERT INTO `region` VALUES ('510401', '市辖区', '0', '0', '510400', '2016-04-29 16:05:43', '2016-04-29 16:05:43');
INSERT INTO `region` VALUES ('510402', '东　区', '0', '0', '510400', '2016-04-29 16:05:43', '2016-04-29 16:05:43');
INSERT INTO `region` VALUES ('510403', '西　区', '0', '0', '510400', '2016-04-29 16:05:43', '2016-04-29 16:05:43');
INSERT INTO `region` VALUES ('510411', '仁和区', '0', '0', '510400', '2016-04-29 16:05:43', '2016-04-29 16:05:43');
INSERT INTO `region` VALUES ('510421', '米易县', '0', '0', '510400', '2016-04-29 16:05:43', '2016-04-29 16:05:43');
INSERT INTO `region` VALUES ('510422', '盐边县', '0', '0', '510400', '2016-04-29 16:05:43', '2016-04-29 16:05:43');
INSERT INTO `region` VALUES ('510501', '市辖区', '0', '0', '510500', '2016-04-29 16:05:43', '2016-04-29 16:05:43');
INSERT INTO `region` VALUES ('510502', '江阳区', '0', '0', '510500', '2016-04-29 16:05:43', '2016-04-29 16:05:43');
INSERT INTO `region` VALUES ('510503', '纳溪区', '0', '0', '510500', '2016-04-29 16:05:43', '2016-04-29 16:05:43');
INSERT INTO `region` VALUES ('510504', '龙马潭区', '0', '0', '510500', '2016-04-29 16:05:43', '2016-04-29 16:05:43');
INSERT INTO `region` VALUES ('510521', '泸　县', '0', '0', '510500', '2016-04-29 16:05:43', '2016-04-29 16:05:43');
INSERT INTO `region` VALUES ('510522', '合江县', '0', '0', '510500', '2016-04-29 16:05:43', '2016-04-29 16:05:43');
INSERT INTO `region` VALUES ('510524', '叙永县', '0', '0', '510500', '2016-04-29 16:05:43', '2016-04-29 16:05:43');
INSERT INTO `region` VALUES ('510525', '古蔺县', '0', '0', '510500', '2016-04-29 16:05:43', '2016-04-29 16:05:43');
INSERT INTO `region` VALUES ('510601', '市辖区', '0', '0', '510600', '2016-04-29 16:05:43', '2016-04-29 16:05:43');
INSERT INTO `region` VALUES ('510603', '旌阳区', '0', '0', '510600', '2016-04-29 16:05:43', '2016-04-29 16:05:43');
INSERT INTO `region` VALUES ('510623', '中江县', '0', '0', '510600', '2016-04-29 16:05:43', '2016-04-29 16:05:43');
INSERT INTO `region` VALUES ('510626', '罗江县', '0', '0', '510600', '2016-04-29 16:05:43', '2016-04-29 16:05:43');
INSERT INTO `region` VALUES ('510681', '广汉市', '0', '0', '510600', '2016-04-29 16:05:43', '2016-04-29 16:05:43');
INSERT INTO `region` VALUES ('510682', '什邡市', '0', '0', '510600', '2016-04-29 16:05:43', '2016-04-29 16:05:43');
INSERT INTO `region` VALUES ('510683', '绵竹市', '0', '0', '510600', '2016-04-29 16:05:43', '2016-04-29 16:05:43');
INSERT INTO `region` VALUES ('510701', '市辖区', '0', '0', '510700', '2016-04-29 16:05:43', '2016-04-29 16:05:43');
INSERT INTO `region` VALUES ('510703', '涪城区', '0', '0', '510700', '2016-04-29 16:05:43', '2016-04-29 16:05:43');
INSERT INTO `region` VALUES ('510704', '游仙区', '0', '0', '510700', '2016-04-29 16:05:43', '2016-04-29 16:05:43');
INSERT INTO `region` VALUES ('510722', '三台县', '0', '0', '510700', '2016-04-29 16:05:43', '2016-04-29 16:05:43');
INSERT INTO `region` VALUES ('510723', '盐亭县', '0', '0', '510700', '2016-04-29 16:05:43', '2016-04-29 16:05:43');
INSERT INTO `region` VALUES ('510724', '安　县', '0', '0', '510700', '2016-04-29 16:05:43', '2016-04-29 16:05:43');
INSERT INTO `region` VALUES ('510725', '梓潼县', '0', '0', '510700', '2016-04-29 16:05:43', '2016-04-29 16:05:43');
INSERT INTO `region` VALUES ('510726', '北川羌族自治县', '0', '0', '510700', '2016-04-29 16:05:43', '2016-04-29 16:05:43');
INSERT INTO `region` VALUES ('510727', '平武县', '0', '0', '510700', '2016-04-29 16:05:43', '2016-04-29 16:05:43');
INSERT INTO `region` VALUES ('510781', '江油市', '0', '0', '510700', '2016-04-29 16:05:43', '2016-04-29 16:05:43');
INSERT INTO `region` VALUES ('510801', '市辖区', '0', '0', '510800', '2016-04-29 16:05:43', '2016-04-29 16:05:43');
INSERT INTO `region` VALUES ('510802', '市中区', '0', '0', '510800', '2016-04-29 16:05:43', '2016-04-29 16:05:43');
INSERT INTO `region` VALUES ('510811', '元坝区', '0', '0', '510800', '2016-04-29 16:05:43', '2016-04-29 16:05:43');
INSERT INTO `region` VALUES ('510812', '朝天区', '0', '0', '510800', '2016-04-29 16:05:43', '2016-04-29 16:05:43');
INSERT INTO `region` VALUES ('510821', '旺苍县', '0', '0', '510800', '2016-04-29 16:05:43', '2016-04-29 16:05:43');
INSERT INTO `region` VALUES ('510822', '青川县', '0', '0', '510800', '2016-04-29 16:05:43', '2016-04-29 16:05:43');
INSERT INTO `region` VALUES ('510823', '剑阁县', '0', '0', '510800', '2016-04-29 16:05:43', '2016-04-29 16:05:43');
INSERT INTO `region` VALUES ('510824', '苍溪县', '0', '0', '510800', '2016-04-29 16:05:43', '2016-04-29 16:05:43');
INSERT INTO `region` VALUES ('510901', '市辖区', '0', '0', '510900', '2016-04-29 16:05:43', '2016-04-29 16:05:43');
INSERT INTO `region` VALUES ('510903', '船山区', '0', '0', '510900', '2016-04-29 16:05:43', '2016-04-29 16:05:43');
INSERT INTO `region` VALUES ('510904', '安居区', '0', '0', '510900', '2016-04-29 16:05:43', '2016-04-29 16:05:43');
INSERT INTO `region` VALUES ('510921', '蓬溪县', '0', '0', '510900', '2016-04-29 16:05:43', '2016-04-29 16:05:43');
INSERT INTO `region` VALUES ('510922', '射洪县', '0', '0', '510900', '2016-04-29 16:05:43', '2016-04-29 16:05:43');
INSERT INTO `region` VALUES ('510923', '大英县', '0', '0', '510900', '2016-04-29 16:05:43', '2016-04-29 16:05:43');
INSERT INTO `region` VALUES ('511001', '市辖区', '0', '0', '511000', '2016-04-29 16:05:43', '2016-04-29 16:05:43');
INSERT INTO `region` VALUES ('511002', '市中区', '0', '0', '511000', '2016-04-29 16:05:43', '2016-04-29 16:05:43');
INSERT INTO `region` VALUES ('511011', '东兴区', '0', '0', '511000', '2016-04-29 16:05:43', '2016-04-29 16:05:43');
INSERT INTO `region` VALUES ('511024', '威远县', '0', '0', '511000', '2016-04-29 16:05:43', '2016-04-29 16:05:43');
INSERT INTO `region` VALUES ('511025', '资中县', '0', '0', '511000', '2016-04-29 16:05:43', '2016-04-29 16:05:43');
INSERT INTO `region` VALUES ('511028', '隆昌县', '0', '0', '511000', '2016-04-29 16:05:43', '2016-04-29 16:05:43');
INSERT INTO `region` VALUES ('511101', '市辖区', '0', '0', '511100', '2016-04-29 16:05:43', '2016-04-29 16:05:43');
INSERT INTO `region` VALUES ('511102', '市中区', '0', '0', '511100', '2016-04-29 16:05:43', '2016-04-29 16:05:43');
INSERT INTO `region` VALUES ('511111', '沙湾区', '0', '0', '511100', '2016-04-29 16:05:43', '2016-04-29 16:05:43');
INSERT INTO `region` VALUES ('511112', '五通桥区', '0', '0', '511100', '2016-04-29 16:05:43', '2016-04-29 16:05:43');
INSERT INTO `region` VALUES ('511113', '金口河区', '0', '0', '511100', '2016-04-29 16:05:43', '2016-04-29 16:05:43');
INSERT INTO `region` VALUES ('511123', '犍为县', '0', '0', '511100', '2016-04-29 16:05:43', '2016-04-29 16:05:43');
INSERT INTO `region` VALUES ('511124', '井研县', '0', '0', '511100', '2016-04-29 16:05:43', '2016-04-29 16:05:43');
INSERT INTO `region` VALUES ('511126', '夹江县', '0', '0', '511100', '2016-04-29 16:05:43', '2016-04-29 16:05:43');
INSERT INTO `region` VALUES ('511129', '沐川县', '0', '0', '511100', '2016-04-29 16:05:43', '2016-04-29 16:05:43');
INSERT INTO `region` VALUES ('511132', '峨边彝族自治县', '0', '0', '511100', '2016-04-29 16:05:43', '2016-04-29 16:05:43');
INSERT INTO `region` VALUES ('511133', '马边彝族自治县', '0', '0', '511100', '2016-04-29 16:05:43', '2016-04-29 16:05:43');
INSERT INTO `region` VALUES ('511181', '峨眉山市', '0', '0', '511100', '2016-04-29 16:05:43', '2016-04-29 16:05:43');
INSERT INTO `region` VALUES ('511301', '市辖区', '0', '0', '511300', '2016-04-29 16:05:43', '2016-04-29 16:05:43');
INSERT INTO `region` VALUES ('511302', '顺庆区', '0', '0', '511300', '2016-04-29 16:05:43', '2016-04-29 16:05:43');
INSERT INTO `region` VALUES ('511303', '高坪区', '0', '0', '511300', '2016-04-29 16:05:43', '2016-04-29 16:05:43');
INSERT INTO `region` VALUES ('511304', '嘉陵区', '0', '0', '511300', '2016-04-29 16:05:43', '2016-04-29 16:05:43');
INSERT INTO `region` VALUES ('511321', '南部县', '0', '0', '511300', '2016-04-29 16:05:43', '2016-04-29 16:05:43');
INSERT INTO `region` VALUES ('511322', '营山县', '0', '0', '511300', '2016-04-29 16:05:43', '2016-04-29 16:05:43');
INSERT INTO `region` VALUES ('511323', '蓬安县', '0', '0', '511300', '2016-04-29 16:05:43', '2016-04-29 16:05:43');
INSERT INTO `region` VALUES ('511324', '仪陇县', '0', '0', '511300', '2016-04-29 16:05:43', '2016-04-29 16:05:43');
INSERT INTO `region` VALUES ('511325', '西充县', '0', '0', '511300', '2016-04-29 16:05:43', '2016-04-29 16:05:43');
INSERT INTO `region` VALUES ('511381', '阆中市', '0', '0', '511300', '2016-04-29 16:05:43', '2016-04-29 16:05:43');
INSERT INTO `region` VALUES ('511401', '市辖区', '0', '0', '511400', '2016-04-29 16:05:43', '2016-04-29 16:05:43');
INSERT INTO `region` VALUES ('511402', '东坡区', '0', '0', '511400', '2016-04-29 16:05:43', '2016-04-29 16:05:43');
INSERT INTO `region` VALUES ('511421', '仁寿县', '0', '0', '511400', '2016-04-29 16:05:43', '2016-04-29 16:05:43');
INSERT INTO `region` VALUES ('511422', '彭山县', '0', '0', '511400', '2016-04-29 16:05:43', '2016-04-29 16:05:43');
INSERT INTO `region` VALUES ('511423', '洪雅县', '0', '0', '511400', '2016-04-29 16:05:43', '2016-04-29 16:05:43');
INSERT INTO `region` VALUES ('511424', '丹棱县', '0', '0', '511400', '2016-04-29 16:05:43', '2016-04-29 16:05:43');
INSERT INTO `region` VALUES ('511425', '青神县', '0', '0', '511400', '2016-04-29 16:05:43', '2016-04-29 16:05:43');
INSERT INTO `region` VALUES ('511501', '市辖区', '0', '0', '511500', '2016-04-29 16:05:43', '2016-04-29 16:05:43');
INSERT INTO `region` VALUES ('511502', '翠屏区', '0', '0', '511500', '2016-04-29 16:05:43', '2016-04-29 16:05:43');
INSERT INTO `region` VALUES ('511521', '宜宾县', '0', '0', '511500', '2016-04-29 16:05:43', '2016-04-29 16:05:43');
INSERT INTO `region` VALUES ('511522', '南溪县', '0', '0', '511500', '2016-04-29 16:05:43', '2016-04-29 16:05:43');
INSERT INTO `region` VALUES ('511523', '江安县', '0', '0', '511500', '2016-04-29 16:05:43', '2016-04-29 16:05:43');
INSERT INTO `region` VALUES ('511524', '长宁县', '0', '0', '511500', '2016-04-29 16:05:43', '2016-04-29 16:05:43');
INSERT INTO `region` VALUES ('511525', '高　县', '0', '0', '511500', '2016-04-29 16:05:43', '2016-04-29 16:05:43');
INSERT INTO `region` VALUES ('511526', '珙　县', '0', '0', '511500', '2016-04-29 16:05:43', '2016-04-29 16:05:43');
INSERT INTO `region` VALUES ('511527', '筠连县', '0', '0', '511500', '2016-04-29 16:05:43', '2016-04-29 16:05:43');
INSERT INTO `region` VALUES ('511528', '兴文县', '0', '0', '511500', '2016-04-29 16:05:43', '2016-04-29 16:05:43');
INSERT INTO `region` VALUES ('511529', '屏山县', '0', '0', '511500', '2016-04-29 16:05:43', '2016-04-29 16:05:43');
INSERT INTO `region` VALUES ('511601', '市辖区', '0', '0', '511600', '2016-04-29 16:05:43', '2016-04-29 16:05:43');
INSERT INTO `region` VALUES ('511602', '广安区', '0', '0', '511600', '2016-04-29 16:05:43', '2016-04-29 16:05:43');
INSERT INTO `region` VALUES ('511621', '岳池县', '0', '0', '511600', '2016-04-29 16:05:43', '2016-04-29 16:05:43');
INSERT INTO `region` VALUES ('511622', '武胜县', '0', '0', '511600', '2016-04-29 16:05:43', '2016-04-29 16:05:43');
INSERT INTO `region` VALUES ('511623', '邻水县', '0', '0', '511600', '2016-04-29 16:05:43', '2016-04-29 16:05:43');
INSERT INTO `region` VALUES ('511681', '华莹市', '0', '0', '511600', '2016-04-29 16:05:43', '2016-04-29 16:05:43');
INSERT INTO `region` VALUES ('511701', '市辖区', '0', '0', '511700', '2016-04-29 16:05:43', '2016-04-29 16:05:43');
INSERT INTO `region` VALUES ('511702', '通川区', '0', '0', '511700', '2016-04-29 16:05:43', '2016-04-29 16:05:43');
INSERT INTO `region` VALUES ('511721', '达　县', '0', '0', '511700', '2016-04-29 16:05:43', '2016-04-29 16:05:43');
INSERT INTO `region` VALUES ('511722', '宣汉县', '0', '0', '511700', '2016-04-29 16:05:43', '2016-04-29 16:05:43');
INSERT INTO `region` VALUES ('511723', '开江县', '0', '0', '511700', '2016-04-29 16:05:43', '2016-04-29 16:05:43');
INSERT INTO `region` VALUES ('511724', '大竹县', '0', '0', '511700', '2016-04-29 16:05:43', '2016-04-29 16:05:43');
INSERT INTO `region` VALUES ('511725', '渠　县', '0', '0', '511700', '2016-04-29 16:05:43', '2016-04-29 16:05:43');
INSERT INTO `region` VALUES ('511781', '万源市', '0', '0', '511700', '2016-04-29 16:05:43', '2016-04-29 16:05:43');
INSERT INTO `region` VALUES ('511801', '市辖区', '0', '0', '511800', '2016-04-29 16:05:43', '2016-04-29 16:05:43');
INSERT INTO `region` VALUES ('511802', '雨城区', '0', '0', '511800', '2016-04-29 16:05:43', '2016-04-29 16:05:43');
INSERT INTO `region` VALUES ('511821', '名山县', '0', '0', '511800', '2016-04-29 16:05:43', '2016-04-29 16:05:43');
INSERT INTO `region` VALUES ('511822', '荥经县', '0', '0', '511800', '2016-04-29 16:05:43', '2016-04-29 16:05:43');
INSERT INTO `region` VALUES ('511823', '汉源县', '0', '0', '511800', '2016-04-29 16:05:43', '2016-04-29 16:05:43');
INSERT INTO `region` VALUES ('511824', '石棉县', '0', '0', '511800', '2016-04-29 16:05:43', '2016-04-29 16:05:43');
INSERT INTO `region` VALUES ('511825', '天全县', '0', '0', '511800', '2016-04-29 16:05:43', '2016-04-29 16:05:43');
INSERT INTO `region` VALUES ('511826', '芦山县', '0', '0', '511800', '2016-04-29 16:05:43', '2016-04-29 16:05:43');
INSERT INTO `region` VALUES ('511827', '宝兴县', '0', '0', '511800', '2016-04-29 16:05:43', '2016-04-29 16:05:43');
INSERT INTO `region` VALUES ('511901', '市辖区', '0', '0', '511900', '2016-04-29 16:05:43', '2016-04-29 16:05:43');
INSERT INTO `region` VALUES ('511902', '巴州区', '0', '0', '511900', '2016-04-29 16:05:43', '2016-04-29 16:05:43');
INSERT INTO `region` VALUES ('511921', '通江县', '0', '0', '511900', '2016-04-29 16:05:43', '2016-04-29 16:05:43');
INSERT INTO `region` VALUES ('511922', '南江县', '0', '0', '511900', '2016-04-29 16:05:43', '2016-04-29 16:05:43');
INSERT INTO `region` VALUES ('511923', '平昌县', '0', '0', '511900', '2016-04-29 16:05:43', '2016-04-29 16:05:43');
INSERT INTO `region` VALUES ('512001', '市辖区', '0', '0', '512000', '2016-04-29 16:05:43', '2016-04-29 16:05:43');
INSERT INTO `region` VALUES ('512002', '雁江区', '0', '0', '512000', '2016-04-29 16:05:43', '2016-04-29 16:05:43');
INSERT INTO `region` VALUES ('512021', '安岳县', '0', '0', '512000', '2016-04-29 16:05:43', '2016-04-29 16:05:43');
INSERT INTO `region` VALUES ('512022', '乐至县', '0', '0', '512000', '2016-04-29 16:05:43', '2016-04-29 16:05:43');
INSERT INTO `region` VALUES ('512081', '简阳市', '0', '0', '512000', '2016-04-29 16:05:43', '2016-04-29 16:05:43');
INSERT INTO `region` VALUES ('513221', '汶川县', '0', '0', '513200', '2016-04-29 16:05:43', '2016-04-29 16:05:43');
INSERT INTO `region` VALUES ('513222', '理　县', '0', '0', '513200', '2016-04-29 16:05:43', '2016-04-29 16:05:43');
INSERT INTO `region` VALUES ('513223', '茂　县', '0', '0', '513200', '2016-04-29 16:05:43', '2016-04-29 16:05:43');
INSERT INTO `region` VALUES ('513224', '松潘县', '0', '0', '513200', '2016-04-29 16:05:43', '2016-04-29 16:05:43');
INSERT INTO `region` VALUES ('513225', '九寨沟县', '0', '0', '513200', '2016-04-29 16:05:43', '2016-04-29 16:05:43');
INSERT INTO `region` VALUES ('513226', '金川县', '0', '0', '513200', '2016-04-29 16:05:43', '2016-04-29 16:05:43');
INSERT INTO `region` VALUES ('513227', '小金县', '0', '0', '513200', '2016-04-29 16:05:43', '2016-04-29 16:05:43');
INSERT INTO `region` VALUES ('513228', '黑水县', '0', '0', '513200', '2016-04-29 16:05:43', '2016-04-29 16:05:43');
INSERT INTO `region` VALUES ('513229', '马尔康县', '0', '0', '513200', '2016-04-29 16:05:43', '2016-04-29 16:05:43');
INSERT INTO `region` VALUES ('513230', '壤塘县', '0', '0', '513200', '2016-04-29 16:05:43', '2016-04-29 16:05:43');
INSERT INTO `region` VALUES ('513231', '阿坝县', '0', '0', '513200', '2016-04-29 16:05:43', '2016-04-29 16:05:43');
INSERT INTO `region` VALUES ('513232', '若尔盖县', '0', '0', '513200', '2016-04-29 16:05:43', '2016-04-29 16:05:43');
INSERT INTO `region` VALUES ('513233', '红原县', '0', '0', '513200', '2016-04-29 16:05:43', '2016-04-29 16:05:43');
INSERT INTO `region` VALUES ('513321', '康定县', '0', '0', '513300', '2016-04-29 16:05:43', '2016-04-29 16:05:43');
INSERT INTO `region` VALUES ('513322', '泸定县', '0', '0', '513300', '2016-04-29 16:05:43', '2016-04-29 16:05:43');
INSERT INTO `region` VALUES ('513323', '丹巴县', '0', '0', '513300', '2016-04-29 16:05:43', '2016-04-29 16:05:43');
INSERT INTO `region` VALUES ('513324', '九龙县', '0', '0', '513300', '2016-04-29 16:05:43', '2016-04-29 16:05:43');
INSERT INTO `region` VALUES ('513325', '雅江县', '0', '0', '513300', '2016-04-29 16:05:43', '2016-04-29 16:05:43');
INSERT INTO `region` VALUES ('513326', '道孚县', '0', '0', '513300', '2016-04-29 16:05:43', '2016-04-29 16:05:43');
INSERT INTO `region` VALUES ('513327', '炉霍县', '0', '0', '513300', '2016-04-29 16:05:43', '2016-04-29 16:05:43');
INSERT INTO `region` VALUES ('513328', '甘孜县', '0', '0', '513300', '2016-04-29 16:05:43', '2016-04-29 16:05:43');
INSERT INTO `region` VALUES ('513329', '新龙县', '0', '0', '513300', '2016-04-29 16:05:43', '2016-04-29 16:05:43');
INSERT INTO `region` VALUES ('513330', '德格县', '0', '0', '513300', '2016-04-29 16:05:43', '2016-04-29 16:05:43');
INSERT INTO `region` VALUES ('513331', '白玉县', '0', '0', '513300', '2016-04-29 16:05:43', '2016-04-29 16:05:43');
INSERT INTO `region` VALUES ('513332', '石渠县', '0', '0', '513300', '2016-04-29 16:05:43', '2016-04-29 16:05:43');
INSERT INTO `region` VALUES ('513333', '色达县', '0', '0', '513300', '2016-04-29 16:05:43', '2016-04-29 16:05:43');
INSERT INTO `region` VALUES ('513334', '理塘县', '0', '0', '513300', '2016-04-29 16:05:43', '2016-04-29 16:05:43');
INSERT INTO `region` VALUES ('513335', '巴塘县', '0', '0', '513300', '2016-04-29 16:05:43', '2016-04-29 16:05:43');
INSERT INTO `region` VALUES ('513336', '乡城县', '0', '0', '513300', '2016-04-29 16:05:43', '2016-04-29 16:05:43');
INSERT INTO `region` VALUES ('513337', '稻城县', '0', '0', '513300', '2016-04-29 16:05:43', '2016-04-29 16:05:43');
INSERT INTO `region` VALUES ('513338', '得荣县', '0', '0', '513300', '2016-04-29 16:05:43', '2016-04-29 16:05:43');
INSERT INTO `region` VALUES ('513401', '西昌市', '0', '0', '513400', '2016-04-29 16:05:43', '2016-04-29 16:05:43');
INSERT INTO `region` VALUES ('513422', '木里藏族自治县', '0', '0', '513400', '2016-04-29 16:05:43', '2016-04-29 16:05:43');
INSERT INTO `region` VALUES ('513423', '盐源县', '0', '0', '513400', '2016-04-29 16:05:43', '2016-04-29 16:05:43');
INSERT INTO `region` VALUES ('513424', '德昌县', '0', '0', '513400', '2016-04-29 16:05:43', '2016-04-29 16:05:43');
INSERT INTO `region` VALUES ('513425', '会理县', '0', '0', '513400', '2016-04-29 16:05:43', '2016-04-29 16:05:43');
INSERT INTO `region` VALUES ('513426', '会东县', '0', '0', '513400', '2016-04-29 16:05:43', '2016-04-29 16:05:43');
INSERT INTO `region` VALUES ('513427', '宁南县', '0', '0', '513400', '2016-04-29 16:05:43', '2016-04-29 16:05:43');
INSERT INTO `region` VALUES ('513428', '普格县', '0', '0', '513400', '2016-04-29 16:05:43', '2016-04-29 16:05:43');
INSERT INTO `region` VALUES ('513429', '布拖县', '0', '0', '513400', '2016-04-29 16:05:43', '2016-04-29 16:05:43');
INSERT INTO `region` VALUES ('513430', '金阳县', '0', '0', '513400', '2016-04-29 16:05:43', '2016-04-29 16:05:43');
INSERT INTO `region` VALUES ('513431', '昭觉县', '0', '0', '513400', '2016-04-29 16:05:43', '2016-04-29 16:05:43');
INSERT INTO `region` VALUES ('513432', '喜德县', '0', '0', '513400', '2016-04-29 16:05:43', '2016-04-29 16:05:43');
INSERT INTO `region` VALUES ('513433', '冕宁县', '0', '0', '513400', '2016-04-29 16:05:43', '2016-04-29 16:05:43');
INSERT INTO `region` VALUES ('513434', '越西县', '0', '0', '513400', '2016-04-29 16:05:43', '2016-04-29 16:05:43');
INSERT INTO `region` VALUES ('513435', '甘洛县', '0', '0', '513400', '2016-04-29 16:05:43', '2016-04-29 16:05:43');
INSERT INTO `region` VALUES ('513436', '美姑县', '0', '0', '513400', '2016-04-29 16:05:43', '2016-04-29 16:05:43');
INSERT INTO `region` VALUES ('513437', '雷波县', '0', '0', '513400', '2016-04-29 16:05:43', '2016-04-29 16:05:43');
INSERT INTO `region` VALUES ('520101', '市辖区', '0', '0', '520100', '2016-04-29 16:05:43', '2016-04-29 16:05:43');
INSERT INTO `region` VALUES ('520102', '南明区', '0', '0', '520100', '2016-04-29 16:05:43', '2016-04-29 16:05:43');
INSERT INTO `region` VALUES ('520103', '云岩区', '0', '0', '520100', '2016-04-29 16:05:43', '2016-04-29 16:05:43');
INSERT INTO `region` VALUES ('520111', '花溪区', '0', '0', '520100', '2016-04-29 16:05:43', '2016-04-29 16:05:43');
INSERT INTO `region` VALUES ('520112', '乌当区', '0', '0', '520100', '2016-04-29 16:05:43', '2016-04-29 16:05:43');
INSERT INTO `region` VALUES ('520113', '白云区', '0', '0', '520100', '2016-04-29 16:05:43', '2016-04-29 16:05:43');
INSERT INTO `region` VALUES ('520114', '小河区', '0', '0', '520100', '2016-04-29 16:05:43', '2016-04-29 16:05:43');
INSERT INTO `region` VALUES ('520121', '开阳县', '0', '0', '520100', '2016-04-29 16:05:43', '2016-04-29 16:05:43');
INSERT INTO `region` VALUES ('520122', '息烽县', '0', '0', '520100', '2016-04-29 16:05:43', '2016-04-29 16:05:43');
INSERT INTO `region` VALUES ('520123', '修文县', '0', '0', '520100', '2016-04-29 16:05:43', '2016-04-29 16:05:43');
INSERT INTO `region` VALUES ('520181', '清镇市', '0', '0', '520100', '2016-04-29 16:05:43', '2016-04-29 16:05:43');
INSERT INTO `region` VALUES ('520201', '钟山区', '0', '0', '520200', '2016-04-29 16:05:43', '2016-04-29 16:05:43');
INSERT INTO `region` VALUES ('520203', '六枝特区', '0', '0', '520200', '2016-04-29 16:05:43', '2016-04-29 16:05:43');
INSERT INTO `region` VALUES ('520221', '水城县', '0', '0', '520200', '2016-04-29 16:05:43', '2016-04-29 16:05:43');
INSERT INTO `region` VALUES ('520222', '盘　县', '0', '0', '520200', '2016-04-29 16:05:43', '2016-04-29 16:05:43');
INSERT INTO `region` VALUES ('520301', '市辖区', '0', '0', '520300', '2016-04-29 16:05:43', '2016-04-29 16:05:43');
INSERT INTO `region` VALUES ('520302', '红花岗区', '0', '0', '520300', '2016-04-29 16:05:43', '2016-04-29 16:05:43');
INSERT INTO `region` VALUES ('520303', '汇川区', '0', '0', '520300', '2016-04-29 16:05:43', '2016-04-29 16:05:43');
INSERT INTO `region` VALUES ('520321', '遵义县', '0', '0', '520300', '2016-04-29 16:05:43', '2016-04-29 16:05:43');
INSERT INTO `region` VALUES ('520322', '桐梓县', '0', '0', '520300', '2016-04-29 16:05:43', '2016-04-29 16:05:43');
INSERT INTO `region` VALUES ('520323', '绥阳县', '0', '0', '520300', '2016-04-29 16:05:43', '2016-04-29 16:05:43');
INSERT INTO `region` VALUES ('520324', '正安县', '0', '0', '520300', '2016-04-29 16:05:43', '2016-04-29 16:05:43');
INSERT INTO `region` VALUES ('520325', '道真仡佬族苗族自治县', '0', '0', '520300', '2016-04-29 16:05:43', '2016-04-29 16:05:43');
INSERT INTO `region` VALUES ('520326', '务川仡佬族苗族自治县', '0', '0', '520300', '2016-04-29 16:05:43', '2016-04-29 16:05:43');
INSERT INTO `region` VALUES ('520327', '凤冈县', '0', '0', '520300', '2016-04-29 16:05:43', '2016-04-29 16:05:43');
INSERT INTO `region` VALUES ('520328', '湄潭县', '0', '0', '520300', '2016-04-29 16:05:43', '2016-04-29 16:05:43');
INSERT INTO `region` VALUES ('520329', '余庆县', '0', '0', '520300', '2016-04-29 16:05:43', '2016-04-29 16:05:43');
INSERT INTO `region` VALUES ('520330', '习水县', '0', '0', '520300', '2016-04-29 16:05:43', '2016-04-29 16:05:43');
INSERT INTO `region` VALUES ('520381', '赤水市', '0', '0', '520300', '2016-04-29 16:05:43', '2016-04-29 16:05:43');
INSERT INTO `region` VALUES ('520382', '仁怀市', '0', '0', '520300', '2016-04-29 16:05:43', '2016-04-29 16:05:43');
INSERT INTO `region` VALUES ('520401', '市辖区', '0', '0', '520400', '2016-04-29 16:05:43', '2016-04-29 16:05:43');
INSERT INTO `region` VALUES ('520402', '西秀区', '0', '0', '520400', '2016-04-29 16:05:43', '2016-04-29 16:05:43');
INSERT INTO `region` VALUES ('520421', '平坝县', '0', '0', '520400', '2016-04-29 16:05:43', '2016-04-29 16:05:43');
INSERT INTO `region` VALUES ('520422', '普定县', '0', '0', '520400', '2016-04-29 16:05:43', '2016-04-29 16:05:43');
INSERT INTO `region` VALUES ('520423', '镇宁布依族苗族自治县', '0', '0', '520400', '2016-04-29 16:05:43', '2016-04-29 16:05:43');
INSERT INTO `region` VALUES ('520424', '关岭布依族苗族自治县', '0', '0', '520400', '2016-04-29 16:05:43', '2016-04-29 16:05:43');
INSERT INTO `region` VALUES ('520425', '紫云苗族布依族自治县', '0', '0', '520400', '2016-04-29 16:05:43', '2016-04-29 16:05:43');
INSERT INTO `region` VALUES ('522201', '铜仁市', '0', '0', '522200', '2016-04-29 16:05:43', '2016-04-29 16:05:43');
INSERT INTO `region` VALUES ('522222', '江口县', '0', '0', '522200', '2016-04-29 16:05:43', '2016-04-29 16:05:43');
INSERT INTO `region` VALUES ('522223', '玉屏侗族自治县', '0', '0', '522200', '2016-04-29 16:05:43', '2016-04-29 16:05:43');
INSERT INTO `region` VALUES ('522224', '石阡县', '0', '0', '522200', '2016-04-29 16:05:43', '2016-04-29 16:05:43');
INSERT INTO `region` VALUES ('522225', '思南县', '0', '0', '522200', '2016-04-29 16:05:43', '2016-04-29 16:05:43');
INSERT INTO `region` VALUES ('522226', '印江土家族苗族自治县', '0', '0', '522200', '2016-04-29 16:05:43', '2016-04-29 16:05:43');
INSERT INTO `region` VALUES ('522227', '德江县', '0', '0', '522200', '2016-04-29 16:05:43', '2016-04-29 16:05:43');
INSERT INTO `region` VALUES ('522228', '沿河土家族自治县', '0', '0', '522200', '2016-04-29 16:05:43', '2016-04-29 16:05:43');
INSERT INTO `region` VALUES ('522229', '松桃苗族自治县', '0', '0', '522200', '2016-04-29 16:05:43', '2016-04-29 16:05:43');
INSERT INTO `region` VALUES ('522230', '万山特区', '0', '0', '522200', '2016-04-29 16:05:43', '2016-04-29 16:05:43');
INSERT INTO `region` VALUES ('522301', '兴义市', '0', '0', '522300', '2016-04-29 16:05:43', '2016-04-29 16:05:43');
INSERT INTO `region` VALUES ('522322', '兴仁县', '0', '0', '522300', '2016-04-29 16:05:43', '2016-04-29 16:05:43');
INSERT INTO `region` VALUES ('522323', '普安县', '0', '0', '522300', '2016-04-29 16:05:43', '2016-04-29 16:05:43');
INSERT INTO `region` VALUES ('522324', '晴隆县', '0', '0', '522300', '2016-04-29 16:05:43', '2016-04-29 16:05:43');
INSERT INTO `region` VALUES ('522325', '贞丰县', '0', '0', '522300', '2016-04-29 16:05:43', '2016-04-29 16:05:43');
INSERT INTO `region` VALUES ('522326', '望谟县', '0', '0', '522300', '2016-04-29 16:05:43', '2016-04-29 16:05:43');
INSERT INTO `region` VALUES ('522327', '册亨县', '0', '0', '522300', '2016-04-29 16:05:43', '2016-04-29 16:05:43');
INSERT INTO `region` VALUES ('522328', '安龙县', '0', '0', '522300', '2016-04-29 16:05:43', '2016-04-29 16:05:43');
INSERT INTO `region` VALUES ('522401', '毕节市', '0', '0', '522400', '2016-04-29 16:05:43', '2016-04-29 16:05:43');
INSERT INTO `region` VALUES ('522422', '大方县', '0', '0', '522400', '2016-04-29 16:05:43', '2016-04-29 16:05:43');
INSERT INTO `region` VALUES ('522423', '黔西县', '0', '0', '522400', '2016-04-29 16:05:43', '2016-04-29 16:05:43');
INSERT INTO `region` VALUES ('522424', '金沙县', '0', '0', '522400', '2016-04-29 16:05:43', '2016-04-29 16:05:43');
INSERT INTO `region` VALUES ('522425', '织金县', '0', '0', '522400', '2016-04-29 16:05:43', '2016-04-29 16:05:43');
INSERT INTO `region` VALUES ('522426', '纳雍县', '0', '0', '522400', '2016-04-29 16:05:43', '2016-04-29 16:05:43');
INSERT INTO `region` VALUES ('522427', '威宁彝族回族苗族自治县', '0', '0', '522400', '2016-04-29 16:05:43', '2016-04-29 16:05:43');
INSERT INTO `region` VALUES ('522428', '赫章县', '0', '0', '522400', '2016-04-29 16:05:43', '2016-04-29 16:05:43');
INSERT INTO `region` VALUES ('522601', '凯里市', '0', '0', '522600', '2016-04-29 16:05:43', '2016-04-29 16:05:43');
INSERT INTO `region` VALUES ('522622', '黄平县', '0', '0', '522600', '2016-04-29 16:05:43', '2016-04-29 16:05:43');
INSERT INTO `region` VALUES ('522623', '施秉县', '0', '0', '522600', '2016-04-29 16:05:43', '2016-04-29 16:05:43');
INSERT INTO `region` VALUES ('522624', '三穗县', '0', '0', '522600', '2016-04-29 16:05:43', '2016-04-29 16:05:43');
INSERT INTO `region` VALUES ('522625', '镇远县', '0', '0', '522600', '2016-04-29 16:05:43', '2016-04-29 16:05:43');
INSERT INTO `region` VALUES ('522626', '岑巩县', '0', '0', '522600', '2016-04-29 16:05:43', '2016-04-29 16:05:43');
INSERT INTO `region` VALUES ('522627', '天柱县', '0', '0', '522600', '2016-04-29 16:05:43', '2016-04-29 16:05:43');
INSERT INTO `region` VALUES ('522628', '锦屏县', '0', '0', '522600', '2016-04-29 16:05:43', '2016-04-29 16:05:43');
INSERT INTO `region` VALUES ('522629', '剑河县', '0', '0', '522600', '2016-04-29 16:05:43', '2016-04-29 16:05:43');
INSERT INTO `region` VALUES ('522630', '台江县', '0', '0', '522600', '2016-04-29 16:05:43', '2016-04-29 16:05:43');
INSERT INTO `region` VALUES ('522631', '黎平县', '0', '0', '522600', '2016-04-29 16:05:43', '2016-04-29 16:05:43');
INSERT INTO `region` VALUES ('522632', '榕江县', '0', '0', '522600', '2016-04-29 16:05:43', '2016-04-29 16:05:43');
INSERT INTO `region` VALUES ('522633', '从江县', '0', '0', '522600', '2016-04-29 16:05:43', '2016-04-29 16:05:43');
INSERT INTO `region` VALUES ('522634', '雷山县', '0', '0', '522600', '2016-04-29 16:05:43', '2016-04-29 16:05:43');
INSERT INTO `region` VALUES ('522635', '麻江县', '0', '0', '522600', '2016-04-29 16:05:43', '2016-04-29 16:05:43');
INSERT INTO `region` VALUES ('522636', '丹寨县', '0', '0', '522600', '2016-04-29 16:05:43', '2016-04-29 16:05:43');
INSERT INTO `region` VALUES ('522701', '都匀市', '0', '0', '522700', '2016-04-29 16:05:43', '2016-04-29 16:05:43');
INSERT INTO `region` VALUES ('522702', '福泉市', '0', '0', '522700', '2016-04-29 16:05:43', '2016-04-29 16:05:43');
INSERT INTO `region` VALUES ('522722', '荔波县', '0', '0', '522700', '2016-04-29 16:05:43', '2016-04-29 16:05:43');
INSERT INTO `region` VALUES ('522723', '贵定县', '0', '0', '522700', '2016-04-29 16:05:43', '2016-04-29 16:05:43');
INSERT INTO `region` VALUES ('522725', '瓮安县', '0', '0', '522700', '2016-04-29 16:05:43', '2016-04-29 16:05:43');
INSERT INTO `region` VALUES ('522726', '独山县', '0', '0', '522700', '2016-04-29 16:05:43', '2016-04-29 16:05:43');
INSERT INTO `region` VALUES ('522727', '平塘县', '0', '0', '522700', '2016-04-29 16:05:43', '2016-04-29 16:05:43');
INSERT INTO `region` VALUES ('522728', '罗甸县', '0', '0', '522700', '2016-04-29 16:05:43', '2016-04-29 16:05:43');
INSERT INTO `region` VALUES ('522729', '长顺县', '0', '0', '522700', '2016-04-29 16:05:43', '2016-04-29 16:05:43');
INSERT INTO `region` VALUES ('522730', '龙里县', '0', '0', '522700', '2016-04-29 16:05:43', '2016-04-29 16:05:43');
INSERT INTO `region` VALUES ('522731', '惠水县', '0', '0', '522700', '2016-04-29 16:05:43', '2016-04-29 16:05:43');
INSERT INTO `region` VALUES ('522732', '三都水族自治县', '0', '0', '522700', '2016-04-29 16:05:43', '2016-04-29 16:05:43');
INSERT INTO `region` VALUES ('530101', '市辖区', '0', '0', '530100', '2016-04-29 16:05:43', '2016-04-29 16:05:43');
INSERT INTO `region` VALUES ('530102', '五华区', '0', '0', '530100', '2016-04-29 16:05:43', '2016-04-29 16:05:43');
INSERT INTO `region` VALUES ('530103', '盘龙区', '0', '0', '530100', '2016-04-29 16:05:43', '2016-04-29 16:05:43');
INSERT INTO `region` VALUES ('530111', '官渡区', '0', '0', '530100', '2016-04-29 16:05:43', '2016-04-29 16:05:43');
INSERT INTO `region` VALUES ('530112', '西山区', '0', '0', '530100', '2016-04-29 16:05:43', '2016-04-29 16:05:43');
INSERT INTO `region` VALUES ('530113', '东川区', '0', '0', '530100', '2016-04-29 16:05:43', '2016-04-29 16:05:43');
INSERT INTO `region` VALUES ('530121', '呈贡县', '0', '0', '530100', '2016-04-29 16:05:43', '2016-04-29 16:05:43');
INSERT INTO `region` VALUES ('530122', '晋宁县', '0', '0', '530100', '2016-04-29 16:05:43', '2016-04-29 16:05:43');
INSERT INTO `region` VALUES ('530124', '富民县', '0', '0', '530100', '2016-04-29 16:05:43', '2016-04-29 16:05:43');
INSERT INTO `region` VALUES ('530125', '宜良县', '0', '0', '530100', '2016-04-29 16:05:43', '2016-04-29 16:05:43');
INSERT INTO `region` VALUES ('530126', '石林彝族自治县', '0', '0', '530100', '2016-04-29 16:05:43', '2016-04-29 16:05:43');
INSERT INTO `region` VALUES ('530127', '嵩明县', '0', '0', '530100', '2016-04-29 16:05:43', '2016-04-29 16:05:43');
INSERT INTO `region` VALUES ('530128', '禄劝彝族苗族自治县', '0', '0', '530100', '2016-04-29 16:05:43', '2016-04-29 16:05:43');
INSERT INTO `region` VALUES ('530129', '寻甸回族彝族自治县', '0', '0', '530100', '2016-04-29 16:05:43', '2016-04-29 16:05:43');
INSERT INTO `region` VALUES ('530181', '安宁市', '0', '0', '530100', '2016-04-29 16:05:43', '2016-04-29 16:05:43');
INSERT INTO `region` VALUES ('530301', '市辖区', '0', '0', '530300', '2016-04-29 16:05:43', '2016-04-29 16:05:43');
INSERT INTO `region` VALUES ('530302', '麒麟区', '0', '0', '530300', '2016-04-29 16:05:43', '2016-04-29 16:05:43');
INSERT INTO `region` VALUES ('530321', '马龙县', '0', '0', '530300', '2016-04-29 16:05:43', '2016-04-29 16:05:43');
INSERT INTO `region` VALUES ('530322', '陆良县', '0', '0', '530300', '2016-04-29 16:05:43', '2016-04-29 16:05:43');
INSERT INTO `region` VALUES ('530323', '师宗县', '0', '0', '530300', '2016-04-29 16:05:43', '2016-04-29 16:05:43');
INSERT INTO `region` VALUES ('530324', '罗平县', '0', '0', '530300', '2016-04-29 16:05:43', '2016-04-29 16:05:43');
INSERT INTO `region` VALUES ('530325', '富源县', '0', '0', '530300', '2016-04-29 16:05:43', '2016-04-29 16:05:43');
INSERT INTO `region` VALUES ('530326', '会泽县', '0', '0', '530300', '2016-04-29 16:05:43', '2016-04-29 16:05:43');
INSERT INTO `region` VALUES ('530328', '沾益县', '0', '0', '530300', '2016-04-29 16:05:43', '2016-04-29 16:05:43');
INSERT INTO `region` VALUES ('530381', '宣威市', '0', '0', '530300', '2016-04-29 16:05:43', '2016-04-29 16:05:43');
INSERT INTO `region` VALUES ('530401', '市辖区', '0', '0', '530400', '2016-04-29 16:05:43', '2016-04-29 16:05:43');
INSERT INTO `region` VALUES ('530402', '红塔区', '0', '0', '530400', '2016-04-29 16:05:43', '2016-04-29 16:05:43');
INSERT INTO `region` VALUES ('530421', '江川县', '0', '0', '530400', '2016-04-29 16:05:43', '2016-04-29 16:05:43');
INSERT INTO `region` VALUES ('530422', '澄江县', '0', '0', '530400', '2016-04-29 16:05:43', '2016-04-29 16:05:43');
INSERT INTO `region` VALUES ('530423', '通海县', '0', '0', '530400', '2016-04-29 16:05:43', '2016-04-29 16:05:43');
INSERT INTO `region` VALUES ('530424', '华宁县', '0', '0', '530400', '2016-04-29 16:05:43', '2016-04-29 16:05:43');
INSERT INTO `region` VALUES ('530425', '易门县', '0', '0', '530400', '2016-04-29 16:05:43', '2016-04-29 16:05:43');
INSERT INTO `region` VALUES ('530426', '峨山彝族自治县', '0', '0', '530400', '2016-04-29 16:05:43', '2016-04-29 16:05:43');
INSERT INTO `region` VALUES ('530427', '新平彝族傣族自治县', '0', '0', '530400', '2016-04-29 16:05:43', '2016-04-29 16:05:43');
INSERT INTO `region` VALUES ('530428', '元江哈尼族彝族傣族自治县', '0', '0', '530400', '2016-04-29 16:05:43', '2016-04-29 16:05:43');
INSERT INTO `region` VALUES ('530501', '市辖区', '0', '0', '530500', '2016-04-29 16:05:43', '2016-04-29 16:05:43');
INSERT INTO `region` VALUES ('530502', '隆阳区', '0', '0', '530500', '2016-04-29 16:05:43', '2016-04-29 16:05:43');
INSERT INTO `region` VALUES ('530521', '施甸县', '0', '0', '530500', '2016-04-29 16:05:43', '2016-04-29 16:05:43');
INSERT INTO `region` VALUES ('530522', '腾冲县', '0', '0', '530500', '2016-04-29 16:05:43', '2016-04-29 16:05:43');
INSERT INTO `region` VALUES ('530523', '龙陵县', '0', '0', '530500', '2016-04-29 16:05:43', '2016-04-29 16:05:43');
INSERT INTO `region` VALUES ('530524', '昌宁县', '0', '0', '530500', '2016-04-29 16:05:43', '2016-04-29 16:05:43');
INSERT INTO `region` VALUES ('530601', '市辖区', '0', '0', '530600', '2016-04-29 16:05:43', '2016-04-29 16:05:43');
INSERT INTO `region` VALUES ('530602', '昭阳区', '0', '0', '530600', '2016-04-29 16:05:43', '2016-04-29 16:05:43');
INSERT INTO `region` VALUES ('530621', '鲁甸县', '0', '0', '530600', '2016-04-29 16:05:43', '2016-04-29 16:05:43');
INSERT INTO `region` VALUES ('530622', '巧家县', '0', '0', '530600', '2016-04-29 16:05:43', '2016-04-29 16:05:43');
INSERT INTO `region` VALUES ('530623', '盐津县', '0', '0', '530600', '2016-04-29 16:05:43', '2016-04-29 16:05:43');
INSERT INTO `region` VALUES ('530624', '大关县', '0', '0', '530600', '2016-04-29 16:05:43', '2016-04-29 16:05:43');
INSERT INTO `region` VALUES ('530625', '永善县', '0', '0', '530600', '2016-04-29 16:05:43', '2016-04-29 16:05:43');
INSERT INTO `region` VALUES ('530626', '绥江县', '0', '0', '530600', '2016-04-29 16:05:43', '2016-04-29 16:05:43');
INSERT INTO `region` VALUES ('530627', '镇雄县', '0', '0', '530600', '2016-04-29 16:05:43', '2016-04-29 16:05:43');
INSERT INTO `region` VALUES ('530628', '彝良县', '0', '0', '530600', '2016-04-29 16:05:43', '2016-04-29 16:05:43');
INSERT INTO `region` VALUES ('530629', '威信县', '0', '0', '530600', '2016-04-29 16:05:43', '2016-04-29 16:05:43');
INSERT INTO `region` VALUES ('530630', '水富县', '0', '0', '530600', '2016-04-29 16:05:43', '2016-04-29 16:05:43');
INSERT INTO `region` VALUES ('530701', '市辖区', '0', '0', '530700', '2016-04-29 16:05:43', '2016-04-29 16:05:43');
INSERT INTO `region` VALUES ('530702', '古城区', '0', '0', '530700', '2016-04-29 16:05:43', '2016-04-29 16:05:43');
INSERT INTO `region` VALUES ('530721', '玉龙纳西族自治县', '0', '0', '530700', '2016-04-29 16:05:43', '2016-04-29 16:05:43');
INSERT INTO `region` VALUES ('530722', '永胜县', '0', '0', '530700', '2016-04-29 16:05:43', '2016-04-29 16:05:43');
INSERT INTO `region` VALUES ('530723', '华坪县', '0', '0', '530700', '2016-04-29 16:05:43', '2016-04-29 16:05:43');
INSERT INTO `region` VALUES ('530724', '宁蒗彝族自治县', '0', '0', '530700', '2016-04-29 16:05:43', '2016-04-29 16:05:43');
INSERT INTO `region` VALUES ('530801', '市辖区', '0', '0', '530800', '2016-04-29 16:05:43', '2016-04-29 16:05:43');
INSERT INTO `region` VALUES ('530802', '翠云区', '0', '0', '530800', '2016-04-29 16:05:43', '2016-04-29 16:05:43');
INSERT INTO `region` VALUES ('530821', '普洱哈尼族彝族自治县', '0', '0', '530800', '2016-04-29 16:05:43', '2016-04-29 16:05:43');
INSERT INTO `region` VALUES ('530822', '墨江哈尼族自治县', '0', '0', '530800', '2016-04-29 16:05:43', '2016-04-29 16:05:43');
INSERT INTO `region` VALUES ('530823', '景东彝族自治县', '0', '0', '530800', '2016-04-29 16:05:43', '2016-04-29 16:05:43');
INSERT INTO `region` VALUES ('530824', '景谷傣族彝族自治县', '0', '0', '530800', '2016-04-29 16:05:43', '2016-04-29 16:05:43');
INSERT INTO `region` VALUES ('530825', '镇沅彝族哈尼族拉祜族自治县', '0', '0', '530800', '2016-04-29 16:05:43', '2016-04-29 16:05:43');
INSERT INTO `region` VALUES ('530826', '江城哈尼族彝族自治县', '0', '0', '530800', '2016-04-29 16:05:43', '2016-04-29 16:05:43');
INSERT INTO `region` VALUES ('530827', '孟连傣族拉祜族佤族自治县', '0', '0', '530800', '2016-04-29 16:05:43', '2016-04-29 16:05:43');
INSERT INTO `region` VALUES ('530828', '澜沧拉祜族自治县', '0', '0', '530800', '2016-04-29 16:05:43', '2016-04-29 16:05:43');
INSERT INTO `region` VALUES ('530829', '西盟佤族自治县', '0', '0', '530800', '2016-04-29 16:05:43', '2016-04-29 16:05:43');
INSERT INTO `region` VALUES ('530901', '市辖区', '0', '0', '530900', '2016-04-29 16:05:43', '2016-04-29 16:05:43');
INSERT INTO `region` VALUES ('530902', '临翔区', '0', '0', '530900', '2016-04-29 16:05:43', '2016-04-29 16:05:43');
INSERT INTO `region` VALUES ('530921', '凤庆县', '0', '0', '530900', '2016-04-29 16:05:43', '2016-04-29 16:05:43');
INSERT INTO `region` VALUES ('530922', '云　县', '0', '0', '530900', '2016-04-29 16:05:43', '2016-04-29 16:05:43');
INSERT INTO `region` VALUES ('530923', '永德县', '0', '0', '530900', '2016-04-29 16:05:43', '2016-04-29 16:05:43');
INSERT INTO `region` VALUES ('530924', '镇康县', '0', '0', '530900', '2016-04-29 16:05:43', '2016-04-29 16:05:43');
INSERT INTO `region` VALUES ('530925', '双江拉祜族佤族布朗族傣族自治县', '0', '0', '530900', '2016-04-29 16:05:43', '2016-04-29 16:05:43');
INSERT INTO `region` VALUES ('530926', '耿马傣族佤族自治县', '0', '0', '530900', '2016-04-29 16:05:43', '2016-04-29 16:05:43');
INSERT INTO `region` VALUES ('530927', '沧源佤族自治县', '0', '0', '530900', '2016-04-29 16:05:43', '2016-04-29 16:05:43');
INSERT INTO `region` VALUES ('532301', '楚雄市', '0', '0', '532300', '2016-04-29 16:05:43', '2016-04-29 16:05:43');
INSERT INTO `region` VALUES ('532322', '双柏县', '0', '0', '532300', '2016-04-29 16:05:43', '2016-04-29 16:05:43');
INSERT INTO `region` VALUES ('532323', '牟定县', '0', '0', '532300', '2016-04-29 16:05:43', '2016-04-29 16:05:43');
INSERT INTO `region` VALUES ('532324', '南华县', '0', '0', '532300', '2016-04-29 16:05:43', '2016-04-29 16:05:43');
INSERT INTO `region` VALUES ('532325', '姚安县', '0', '0', '532300', '2016-04-29 16:05:43', '2016-04-29 16:05:43');
INSERT INTO `region` VALUES ('532326', '大姚县', '0', '0', '532300', '2016-04-29 16:05:43', '2016-04-29 16:05:43');
INSERT INTO `region` VALUES ('532327', '永仁县', '0', '0', '532300', '2016-04-29 16:05:43', '2016-04-29 16:05:43');
INSERT INTO `region` VALUES ('532328', '元谋县', '0', '0', '532300', '2016-04-29 16:05:43', '2016-04-29 16:05:43');
INSERT INTO `region` VALUES ('532329', '武定县', '0', '0', '532300', '2016-04-29 16:05:43', '2016-04-29 16:05:43');
INSERT INTO `region` VALUES ('532331', '禄丰县', '0', '0', '532300', '2016-04-29 16:05:43', '2016-04-29 16:05:43');
INSERT INTO `region` VALUES ('532501', '个旧市', '0', '0', '532500', '2016-04-29 16:05:43', '2016-04-29 16:05:43');
INSERT INTO `region` VALUES ('532502', '开远市', '0', '0', '532500', '2016-04-29 16:05:43', '2016-04-29 16:05:43');
INSERT INTO `region` VALUES ('532522', '蒙自县', '0', '0', '532500', '2016-04-29 16:05:43', '2016-04-29 16:05:43');
INSERT INTO `region` VALUES ('532523', '屏边苗族自治县', '0', '0', '532500', '2016-04-29 16:05:43', '2016-04-29 16:05:43');
INSERT INTO `region` VALUES ('532524', '建水县', '0', '0', '532500', '2016-04-29 16:05:43', '2016-04-29 16:05:43');
INSERT INTO `region` VALUES ('532525', '石屏县', '0', '0', '532500', '2016-04-29 16:05:43', '2016-04-29 16:05:43');
INSERT INTO `region` VALUES ('532526', '弥勒县', '0', '0', '532500', '2016-04-29 16:05:43', '2016-04-29 16:05:43');
INSERT INTO `region` VALUES ('532527', '泸西县', '0', '0', '532500', '2016-04-29 16:05:43', '2016-04-29 16:05:43');
INSERT INTO `region` VALUES ('532528', '元阳县', '0', '0', '532500', '2016-04-29 16:05:43', '2016-04-29 16:05:43');
INSERT INTO `region` VALUES ('532529', '红河县', '0', '0', '532500', '2016-04-29 16:05:43', '2016-04-29 16:05:43');
INSERT INTO `region` VALUES ('532530', '金平苗族瑶族傣族自治县', '0', '0', '532500', '2016-04-29 16:05:43', '2016-04-29 16:05:43');
INSERT INTO `region` VALUES ('532531', '绿春县', '0', '0', '532500', '2016-04-29 16:05:43', '2016-04-29 16:05:43');
INSERT INTO `region` VALUES ('532532', '河口瑶族自治县', '0', '0', '532500', '2016-04-29 16:05:43', '2016-04-29 16:05:43');
INSERT INTO `region` VALUES ('532621', '文山县', '0', '0', '532600', '2016-04-29 16:05:43', '2016-04-29 16:05:43');
INSERT INTO `region` VALUES ('532622', '砚山县', '0', '0', '532600', '2016-04-29 16:05:43', '2016-04-29 16:05:43');
INSERT INTO `region` VALUES ('532623', '西畴县', '0', '0', '532600', '2016-04-29 16:05:43', '2016-04-29 16:05:43');
INSERT INTO `region` VALUES ('532624', '麻栗坡县', '0', '0', '532600', '2016-04-29 16:05:43', '2016-04-29 16:05:43');
INSERT INTO `region` VALUES ('532625', '马关县', '0', '0', '532600', '2016-04-29 16:05:43', '2016-04-29 16:05:43');
INSERT INTO `region` VALUES ('532626', '丘北县', '0', '0', '532600', '2016-04-29 16:05:43', '2016-04-29 16:05:43');
INSERT INTO `region` VALUES ('532627', '广南县', '0', '0', '532600', '2016-04-29 16:05:43', '2016-04-29 16:05:43');
INSERT INTO `region` VALUES ('532628', '富宁县', '0', '0', '532600', '2016-04-29 16:05:43', '2016-04-29 16:05:43');
INSERT INTO `region` VALUES ('532801', '景洪市', '0', '0', '532800', '2016-04-29 16:05:43', '2016-04-29 16:05:43');
INSERT INTO `region` VALUES ('532822', '勐海县', '0', '0', '532800', '2016-04-29 16:05:43', '2016-04-29 16:05:43');
INSERT INTO `region` VALUES ('532823', '勐腊县', '0', '0', '532800', '2016-04-29 16:05:43', '2016-04-29 16:05:43');
INSERT INTO `region` VALUES ('532901', '大理市', '0', '0', '532900', '2016-04-29 16:05:43', '2016-04-29 16:05:43');
INSERT INTO `region` VALUES ('532922', '漾濞彝族自治县', '0', '0', '532900', '2016-04-29 16:05:43', '2016-04-29 16:05:43');
INSERT INTO `region` VALUES ('532923', '祥云县', '0', '0', '532900', '2016-04-29 16:05:43', '2016-04-29 16:05:43');
INSERT INTO `region` VALUES ('532924', '宾川县', '0', '0', '532900', '2016-04-29 16:05:43', '2016-04-29 16:05:43');
INSERT INTO `region` VALUES ('532925', '弥渡县', '0', '0', '532900', '2016-04-29 16:05:43', '2016-04-29 16:05:43');
INSERT INTO `region` VALUES ('532926', '南涧彝族自治县', '0', '0', '532900', '2016-04-29 16:05:43', '2016-04-29 16:05:43');
INSERT INTO `region` VALUES ('532927', '巍山彝族回族自治县', '0', '0', '532900', '2016-04-29 16:05:43', '2016-04-29 16:05:43');
INSERT INTO `region` VALUES ('532928', '永平县', '0', '0', '532900', '2016-04-29 16:05:43', '2016-04-29 16:05:43');
INSERT INTO `region` VALUES ('532929', '云龙县', '0', '0', '532900', '2016-04-29 16:05:43', '2016-04-29 16:05:43');
INSERT INTO `region` VALUES ('532930', '洱源县', '0', '0', '532900', '2016-04-29 16:05:43', '2016-04-29 16:05:43');
INSERT INTO `region` VALUES ('532931', '剑川县', '0', '0', '532900', '2016-04-29 16:05:43', '2016-04-29 16:05:43');
INSERT INTO `region` VALUES ('532932', '鹤庆县', '0', '0', '532900', '2016-04-29 16:05:43', '2016-04-29 16:05:43');
INSERT INTO `region` VALUES ('533102', '瑞丽市', '0', '0', '533100', '2016-04-29 16:05:43', '2016-04-29 16:05:43');
INSERT INTO `region` VALUES ('533103', '潞西市', '0', '0', '533100', '2016-04-29 16:05:43', '2016-04-29 16:05:43');
INSERT INTO `region` VALUES ('533122', '梁河县', '0', '0', '533100', '2016-04-29 16:05:43', '2016-04-29 16:05:43');
INSERT INTO `region` VALUES ('533123', '盈江县', '0', '0', '533100', '2016-04-29 16:05:43', '2016-04-29 16:05:43');
INSERT INTO `region` VALUES ('533124', '陇川县', '0', '0', '533100', '2016-04-29 16:05:43', '2016-04-29 16:05:43');
INSERT INTO `region` VALUES ('533321', '泸水县', '0', '0', '533300', '2016-04-29 16:05:43', '2016-04-29 16:05:43');
INSERT INTO `region` VALUES ('533323', '福贡县', '0', '0', '533300', '2016-04-29 16:05:43', '2016-04-29 16:05:43');
INSERT INTO `region` VALUES ('533324', '贡山独龙族怒族自治县', '0', '0', '533300', '2016-04-29 16:05:43', '2016-04-29 16:05:43');
INSERT INTO `region` VALUES ('533325', '兰坪白族普米族自治县', '0', '0', '533300', '2016-04-29 16:05:43', '2016-04-29 16:05:43');
INSERT INTO `region` VALUES ('533421', '香格里拉县', '0', '0', '533400', '2016-04-29 16:05:43', '2016-04-29 16:05:43');
INSERT INTO `region` VALUES ('533422', '德钦县', '0', '0', '533400', '2016-04-29 16:05:43', '2016-04-29 16:05:43');
INSERT INTO `region` VALUES ('533423', '维西傈僳族自治县', '0', '0', '533400', '2016-04-29 16:05:43', '2016-04-29 16:05:43');
INSERT INTO `region` VALUES ('540101', '市辖区', '0', '0', '540100', '2016-04-29 16:05:43', '2016-04-29 16:05:43');
INSERT INTO `region` VALUES ('540102', '城关区', '0', '0', '540100', '2016-04-29 16:05:43', '2016-04-29 16:05:43');
INSERT INTO `region` VALUES ('540121', '林周县', '0', '0', '540100', '2016-04-29 16:05:43', '2016-04-29 16:05:43');
INSERT INTO `region` VALUES ('540122', '当雄县', '0', '0', '540100', '2016-04-29 16:05:43', '2016-04-29 16:05:43');
INSERT INTO `region` VALUES ('540123', '尼木县', '0', '0', '540100', '2016-04-29 16:05:43', '2016-04-29 16:05:43');
INSERT INTO `region` VALUES ('540124', '曲水县', '0', '0', '540100', '2016-04-29 16:05:43', '2016-04-29 16:05:43');
INSERT INTO `region` VALUES ('540125', '堆龙德庆县', '0', '0', '540100', '2016-04-29 16:05:43', '2016-04-29 16:05:43');
INSERT INTO `region` VALUES ('540126', '达孜县', '0', '0', '540100', '2016-04-29 16:05:43', '2016-04-29 16:05:43');
INSERT INTO `region` VALUES ('540127', '墨竹工卡县', '0', '0', '540100', '2016-04-29 16:05:43', '2016-04-29 16:05:43');
INSERT INTO `region` VALUES ('542121', '昌都县', '0', '0', '542100', '2016-04-29 16:05:43', '2016-04-29 16:05:43');
INSERT INTO `region` VALUES ('542122', '江达县', '0', '0', '542100', '2016-04-29 16:05:43', '2016-04-29 16:05:43');
INSERT INTO `region` VALUES ('542123', '贡觉县', '0', '0', '542100', '2016-04-29 16:05:43', '2016-04-29 16:05:43');
INSERT INTO `region` VALUES ('542124', '类乌齐县', '0', '0', '542100', '2016-04-29 16:05:43', '2016-04-29 16:05:43');
INSERT INTO `region` VALUES ('542125', '丁青县', '0', '0', '542100', '2016-04-29 16:05:43', '2016-04-29 16:05:43');
INSERT INTO `region` VALUES ('542126', '察雅县', '0', '0', '542100', '2016-04-29 16:05:43', '2016-04-29 16:05:43');
INSERT INTO `region` VALUES ('542127', '八宿县', '0', '0', '542100', '2016-04-29 16:05:43', '2016-04-29 16:05:43');
INSERT INTO `region` VALUES ('542128', '左贡县', '0', '0', '542100', '2016-04-29 16:05:43', '2016-04-29 16:05:43');
INSERT INTO `region` VALUES ('542129', '芒康县', '0', '0', '542100', '2016-04-29 16:05:43', '2016-04-29 16:05:43');
INSERT INTO `region` VALUES ('542132', '洛隆县', '0', '0', '542100', '2016-04-29 16:05:43', '2016-04-29 16:05:43');
INSERT INTO `region` VALUES ('542133', '边坝县', '0', '0', '542100', '2016-04-29 16:05:43', '2016-04-29 16:05:43');
INSERT INTO `region` VALUES ('542221', '乃东县', '0', '0', '542200', '2016-04-29 16:05:43', '2016-04-29 16:05:43');
INSERT INTO `region` VALUES ('542222', '扎囊县', '0', '0', '542200', '2016-04-29 16:05:43', '2016-04-29 16:05:43');
INSERT INTO `region` VALUES ('542223', '贡嘎县', '0', '0', '542200', '2016-04-29 16:05:43', '2016-04-29 16:05:43');
INSERT INTO `region` VALUES ('542224', '桑日县', '0', '0', '542200', '2016-04-29 16:05:43', '2016-04-29 16:05:43');
INSERT INTO `region` VALUES ('542225', '琼结县', '0', '0', '542200', '2016-04-29 16:05:43', '2016-04-29 16:05:43');
INSERT INTO `region` VALUES ('542226', '曲松县', '0', '0', '542200', '2016-04-29 16:05:43', '2016-04-29 16:05:43');
INSERT INTO `region` VALUES ('542227', '措美县', '0', '0', '542200', '2016-04-29 16:05:43', '2016-04-29 16:05:43');
INSERT INTO `region` VALUES ('542228', '洛扎县', '0', '0', '542200', '2016-04-29 16:05:43', '2016-04-29 16:05:43');
INSERT INTO `region` VALUES ('542229', '加查县', '0', '0', '542200', '2016-04-29 16:05:43', '2016-04-29 16:05:43');
INSERT INTO `region` VALUES ('542231', '隆子县', '0', '0', '542200', '2016-04-29 16:05:43', '2016-04-29 16:05:43');
INSERT INTO `region` VALUES ('542232', '错那县', '0', '0', '542200', '2016-04-29 16:05:43', '2016-04-29 16:05:43');
INSERT INTO `region` VALUES ('542233', '浪卡子县', '0', '0', '542200', '2016-04-29 16:05:43', '2016-04-29 16:05:43');
INSERT INTO `region` VALUES ('542301', '日喀则市', '0', '0', '542300', '2016-04-29 16:05:43', '2016-04-29 16:05:43');
INSERT INTO `region` VALUES ('542322', '南木林县', '0', '0', '542300', '2016-04-29 16:05:43', '2016-04-29 16:05:43');
INSERT INTO `region` VALUES ('542323', '江孜县', '0', '0', '542300', '2016-04-29 16:05:43', '2016-04-29 16:05:43');
INSERT INTO `region` VALUES ('542324', '定日县', '0', '0', '542300', '2016-04-29 16:05:43', '2016-04-29 16:05:43');
INSERT INTO `region` VALUES ('542325', '萨迦县', '0', '0', '542300', '2016-04-29 16:05:43', '2016-04-29 16:05:43');
INSERT INTO `region` VALUES ('542326', '拉孜县', '0', '0', '542300', '2016-04-29 16:05:43', '2016-04-29 16:05:43');
INSERT INTO `region` VALUES ('542327', '昂仁县', '0', '0', '542300', '2016-04-29 16:05:43', '2016-04-29 16:05:43');
INSERT INTO `region` VALUES ('542328', '谢通门县', '0', '0', '542300', '2016-04-29 16:05:43', '2016-04-29 16:05:43');
INSERT INTO `region` VALUES ('542329', '白朗县', '0', '0', '542300', '2016-04-29 16:05:43', '2016-04-29 16:05:43');
INSERT INTO `region` VALUES ('542330', '仁布县', '0', '0', '542300', '2016-04-29 16:05:43', '2016-04-29 16:05:43');
INSERT INTO `region` VALUES ('542331', '康马县', '0', '0', '542300', '2016-04-29 16:05:43', '2016-04-29 16:05:43');
INSERT INTO `region` VALUES ('542332', '定结县', '0', '0', '542300', '2016-04-29 16:05:43', '2016-04-29 16:05:43');
INSERT INTO `region` VALUES ('542333', '仲巴县', '0', '0', '542300', '2016-04-29 16:05:43', '2016-04-29 16:05:43');
INSERT INTO `region` VALUES ('542334', '亚东县', '0', '0', '542300', '2016-04-29 16:05:43', '2016-04-29 16:05:43');
INSERT INTO `region` VALUES ('542335', '吉隆县', '0', '0', '542300', '2016-04-29 16:05:43', '2016-04-29 16:05:43');
INSERT INTO `region` VALUES ('542336', '聂拉木县', '0', '0', '542300', '2016-04-29 16:05:43', '2016-04-29 16:05:43');
INSERT INTO `region` VALUES ('542337', '萨嘎县', '0', '0', '542300', '2016-04-29 16:05:43', '2016-04-29 16:05:43');
INSERT INTO `region` VALUES ('542338', '岗巴县', '0', '0', '542300', '2016-04-29 16:05:43', '2016-04-29 16:05:43');
INSERT INTO `region` VALUES ('542421', '那曲县', '0', '0', '542400', '2016-04-29 16:05:43', '2016-04-29 16:05:43');
INSERT INTO `region` VALUES ('542422', '嘉黎县', '0', '0', '542400', '2016-04-29 16:05:43', '2016-04-29 16:05:43');
INSERT INTO `region` VALUES ('542423', '比如县', '0', '0', '542400', '2016-04-29 16:05:43', '2016-04-29 16:05:43');
INSERT INTO `region` VALUES ('542424', '聂荣县', '0', '0', '542400', '2016-04-29 16:05:43', '2016-04-29 16:05:43');
INSERT INTO `region` VALUES ('542425', '安多县', '0', '0', '542400', '2016-04-29 16:05:43', '2016-04-29 16:05:43');
INSERT INTO `region` VALUES ('542426', '申扎县', '0', '0', '542400', '2016-04-29 16:05:43', '2016-04-29 16:05:43');
INSERT INTO `region` VALUES ('542427', '索　县', '0', '0', '542400', '2016-04-29 16:05:43', '2016-04-29 16:05:43');
INSERT INTO `region` VALUES ('542428', '班戈县', '0', '0', '542400', '2016-04-29 16:05:43', '2016-04-29 16:05:43');
INSERT INTO `region` VALUES ('542429', '巴青县', '0', '0', '542400', '2016-04-29 16:05:43', '2016-04-29 16:05:43');
INSERT INTO `region` VALUES ('542430', '尼玛县', '0', '0', '542400', '2016-04-29 16:05:43', '2016-04-29 16:05:43');
INSERT INTO `region` VALUES ('542521', '普兰县', '0', '0', '542500', '2016-04-29 16:05:43', '2016-04-29 16:05:43');
INSERT INTO `region` VALUES ('542522', '札达县', '0', '0', '542500', '2016-04-29 16:05:43', '2016-04-29 16:05:43');
INSERT INTO `region` VALUES ('542523', '噶尔县', '0', '0', '542500', '2016-04-29 16:05:43', '2016-04-29 16:05:43');
INSERT INTO `region` VALUES ('542524', '日土县', '0', '0', '542500', '2016-04-29 16:05:43', '2016-04-29 16:05:43');
INSERT INTO `region` VALUES ('542525', '革吉县', '0', '0', '542500', '2016-04-29 16:05:43', '2016-04-29 16:05:43');
INSERT INTO `region` VALUES ('542526', '改则县', '0', '0', '542500', '2016-04-29 16:05:43', '2016-04-29 16:05:43');
INSERT INTO `region` VALUES ('542527', '措勤县', '0', '0', '542500', '2016-04-29 16:05:43', '2016-04-29 16:05:43');
INSERT INTO `region` VALUES ('542621', '林芝县', '0', '0', '542600', '2016-04-29 16:05:43', '2016-04-29 16:05:43');
INSERT INTO `region` VALUES ('542622', '工布江达县', '0', '0', '542600', '2016-04-29 16:05:43', '2016-04-29 16:05:43');
INSERT INTO `region` VALUES ('542623', '米林县', '0', '0', '542600', '2016-04-29 16:05:43', '2016-04-29 16:05:43');
INSERT INTO `region` VALUES ('542624', '墨脱县', '0', '0', '542600', '2016-04-29 16:05:43', '2016-04-29 16:05:43');
INSERT INTO `region` VALUES ('542625', '波密县', '0', '0', '542600', '2016-04-29 16:05:43', '2016-04-29 16:05:43');
INSERT INTO `region` VALUES ('542626', '察隅县', '0', '0', '542600', '2016-04-29 16:05:43', '2016-04-29 16:05:43');
INSERT INTO `region` VALUES ('542627', '朗　县', '0', '0', '542600', '2016-04-29 16:05:43', '2016-04-29 16:05:43');
INSERT INTO `region` VALUES ('610101', '市辖区', '0', '0', '610100', '2016-04-29 16:05:43', '2016-04-29 16:05:43');
INSERT INTO `region` VALUES ('610102', '新城区', '0', '0', '610100', '2016-04-29 16:05:43', '2016-04-29 16:05:43');
INSERT INTO `region` VALUES ('610103', '碑林区', '0', '0', '610100', '2016-04-29 16:05:43', '2016-04-29 16:05:43');
INSERT INTO `region` VALUES ('610104', '莲湖区', '0', '0', '610100', '2016-04-29 16:05:43', '2016-04-29 16:05:43');
INSERT INTO `region` VALUES ('610111', '灞桥区', '0', '0', '610100', '2016-04-29 16:05:43', '2016-04-29 16:05:43');
INSERT INTO `region` VALUES ('610112', '未央区', '0', '0', '610100', '2016-04-29 16:05:43', '2016-04-29 16:05:43');
INSERT INTO `region` VALUES ('610113', '雁塔区', '0', '0', '610100', '2016-04-29 16:05:43', '2016-04-29 16:05:43');
INSERT INTO `region` VALUES ('610114', '阎良区', '0', '0', '610100', '2016-04-29 16:05:43', '2016-04-29 16:05:43');
INSERT INTO `region` VALUES ('610115', '临潼区', '0', '0', '610100', '2016-04-29 16:05:43', '2016-04-29 16:05:43');
INSERT INTO `region` VALUES ('610116', '长安区', '0', '0', '610100', '2016-04-29 16:05:43', '2016-04-29 16:05:43');
INSERT INTO `region` VALUES ('610122', '蓝田县', '0', '0', '610100', '2016-04-29 16:05:43', '2016-04-29 16:05:43');
INSERT INTO `region` VALUES ('610124', '周至县', '0', '0', '610100', '2016-04-29 16:05:43', '2016-04-29 16:05:43');
INSERT INTO `region` VALUES ('610125', '户　县', '0', '0', '610100', '2016-04-29 16:05:43', '2016-04-29 16:05:43');
INSERT INTO `region` VALUES ('610126', '高陵县', '0', '0', '610100', '2016-04-29 16:05:43', '2016-04-29 16:05:43');
INSERT INTO `region` VALUES ('610201', '市辖区', '0', '0', '610200', '2016-04-29 16:05:43', '2016-04-29 16:05:43');
INSERT INTO `region` VALUES ('610202', '王益区', '0', '0', '610200', '2016-04-29 16:05:43', '2016-04-29 16:05:43');
INSERT INTO `region` VALUES ('610203', '印台区', '0', '0', '610200', '2016-04-29 16:05:43', '2016-04-29 16:05:43');
INSERT INTO `region` VALUES ('610204', '耀州区', '0', '0', '610200', '2016-04-29 16:05:43', '2016-04-29 16:05:43');
INSERT INTO `region` VALUES ('610222', '宜君县', '0', '0', '610200', '2016-04-29 16:05:43', '2016-04-29 16:05:43');
INSERT INTO `region` VALUES ('610301', '市辖区', '0', '0', '610300', '2016-04-29 16:05:43', '2016-04-29 16:05:43');
INSERT INTO `region` VALUES ('610302', '渭滨区', '0', '0', '610300', '2016-04-29 16:05:43', '2016-04-29 16:05:43');
INSERT INTO `region` VALUES ('610303', '金台区', '0', '0', '610300', '2016-04-29 16:05:43', '2016-04-29 16:05:43');
INSERT INTO `region` VALUES ('610304', '陈仓区', '0', '0', '610300', '2016-04-29 16:05:43', '2016-04-29 16:05:43');
INSERT INTO `region` VALUES ('610322', '凤翔县', '0', '0', '610300', '2016-04-29 16:05:43', '2016-04-29 16:05:43');
INSERT INTO `region` VALUES ('610323', '岐山县', '0', '0', '610300', '2016-04-29 16:05:43', '2016-04-29 16:05:43');
INSERT INTO `region` VALUES ('610324', '扶风县', '0', '0', '610300', '2016-04-29 16:05:43', '2016-04-29 16:05:43');
INSERT INTO `region` VALUES ('610326', '眉　县', '0', '0', '610300', '2016-04-29 16:05:43', '2016-04-29 16:05:43');
INSERT INTO `region` VALUES ('610327', '陇　县', '0', '0', '610300', '2016-04-29 16:05:43', '2016-04-29 16:05:43');
INSERT INTO `region` VALUES ('610328', '千阳县', '0', '0', '610300', '2016-04-29 16:05:43', '2016-04-29 16:05:43');
INSERT INTO `region` VALUES ('610329', '麟游县', '0', '0', '610300', '2016-04-29 16:05:43', '2016-04-29 16:05:43');
INSERT INTO `region` VALUES ('610330', '凤　县', '0', '0', '610300', '2016-04-29 16:05:43', '2016-04-29 16:05:43');
INSERT INTO `region` VALUES ('610331', '太白县', '0', '0', '610300', '2016-04-29 16:05:43', '2016-04-29 16:05:43');
INSERT INTO `region` VALUES ('610401', '市辖区', '0', '0', '610400', '2016-04-29 16:05:43', '2016-04-29 16:05:43');
INSERT INTO `region` VALUES ('610402', '秦都区', '0', '0', '610400', '2016-04-29 16:05:43', '2016-04-29 16:05:43');
INSERT INTO `region` VALUES ('610403', '杨凌区', '0', '0', '610400', '2016-04-29 16:05:43', '2016-04-29 16:05:43');
INSERT INTO `region` VALUES ('610404', '渭城区', '0', '0', '610400', '2016-04-29 16:05:43', '2016-04-29 16:05:43');
INSERT INTO `region` VALUES ('610422', '三原县', '0', '0', '610400', '2016-04-29 16:05:43', '2016-04-29 16:05:43');
INSERT INTO `region` VALUES ('610423', '泾阳县', '0', '0', '610400', '2016-04-29 16:05:43', '2016-04-29 16:05:43');
INSERT INTO `region` VALUES ('610424', '乾　县', '0', '0', '610400', '2016-04-29 16:05:43', '2016-04-29 16:05:43');
INSERT INTO `region` VALUES ('610425', '礼泉县', '0', '0', '610400', '2016-04-29 16:05:43', '2016-04-29 16:05:43');
INSERT INTO `region` VALUES ('610426', '永寿县', '0', '0', '610400', '2016-04-29 16:05:43', '2016-04-29 16:05:43');
INSERT INTO `region` VALUES ('610427', '彬　县', '0', '0', '610400', '2016-04-29 16:05:43', '2016-04-29 16:05:43');
INSERT INTO `region` VALUES ('610428', '长武县', '0', '0', '610400', '2016-04-29 16:05:43', '2016-04-29 16:05:43');
INSERT INTO `region` VALUES ('610429', '旬邑县', '0', '0', '610400', '2016-04-29 16:05:43', '2016-04-29 16:05:43');
INSERT INTO `region` VALUES ('610430', '淳化县', '0', '0', '610400', '2016-04-29 16:05:43', '2016-04-29 16:05:43');
INSERT INTO `region` VALUES ('610431', '武功县', '0', '0', '610400', '2016-04-29 16:05:43', '2016-04-29 16:05:43');
INSERT INTO `region` VALUES ('610481', '兴平市', '0', '0', '610400', '2016-04-29 16:05:43', '2016-04-29 16:05:43');
INSERT INTO `region` VALUES ('610501', '市辖区', '0', '0', '610500', '2016-04-29 16:05:43', '2016-04-29 16:05:43');
INSERT INTO `region` VALUES ('610502', '临渭区', '0', '0', '610500', '2016-04-29 16:05:43', '2016-04-29 16:05:43');
INSERT INTO `region` VALUES ('610521', '华　县', '0', '0', '610500', '2016-04-29 16:05:43', '2016-04-29 16:05:43');
INSERT INTO `region` VALUES ('610522', '潼关县', '0', '0', '610500', '2016-04-29 16:05:43', '2016-04-29 16:05:43');
INSERT INTO `region` VALUES ('610523', '大荔县', '0', '0', '610500', '2016-04-29 16:05:43', '2016-04-29 16:05:43');
INSERT INTO `region` VALUES ('610524', '合阳县', '0', '0', '610500', '2016-04-29 16:05:43', '2016-04-29 16:05:43');
INSERT INTO `region` VALUES ('610525', '澄城县', '0', '0', '610500', '2016-04-29 16:05:43', '2016-04-29 16:05:43');
INSERT INTO `region` VALUES ('610526', '蒲城县', '0', '0', '610500', '2016-04-29 16:05:43', '2016-04-29 16:05:43');
INSERT INTO `region` VALUES ('610527', '白水县', '0', '0', '610500', '2016-04-29 16:05:43', '2016-04-29 16:05:43');
INSERT INTO `region` VALUES ('610528', '富平县', '0', '0', '610500', '2016-04-29 16:05:43', '2016-04-29 16:05:43');
INSERT INTO `region` VALUES ('610581', '韩城市', '0', '0', '610500', '2016-04-29 16:05:43', '2016-04-29 16:05:43');
INSERT INTO `region` VALUES ('610582', '华阴市', '0', '0', '610500', '2016-04-29 16:05:43', '2016-04-29 16:05:43');
INSERT INTO `region` VALUES ('610601', '市辖区', '0', '0', '610600', '2016-04-29 16:05:43', '2016-04-29 16:05:43');
INSERT INTO `region` VALUES ('610602', '宝塔区', '0', '0', '610600', '2016-04-29 16:05:43', '2016-04-29 16:05:43');
INSERT INTO `region` VALUES ('610621', '延长县', '0', '0', '610600', '2016-04-29 16:05:43', '2016-04-29 16:05:43');
INSERT INTO `region` VALUES ('610622', '延川县', '0', '0', '610600', '2016-04-29 16:05:43', '2016-04-29 16:05:43');
INSERT INTO `region` VALUES ('610623', '子长县', '0', '0', '610600', '2016-04-29 16:05:43', '2016-04-29 16:05:43');
INSERT INTO `region` VALUES ('610624', '安塞县', '0', '0', '610600', '2016-04-29 16:05:43', '2016-04-29 16:05:43');
INSERT INTO `region` VALUES ('610625', '志丹县', '0', '0', '610600', '2016-04-29 16:05:43', '2016-04-29 16:05:43');
INSERT INTO `region` VALUES ('610626', '吴旗县', '0', '0', '610600', '2016-04-29 16:05:43', '2016-04-29 16:05:43');
INSERT INTO `region` VALUES ('610627', '甘泉县', '0', '0', '610600', '2016-04-29 16:05:43', '2016-04-29 16:05:43');
INSERT INTO `region` VALUES ('610628', '富　县', '0', '0', '610600', '2016-04-29 16:05:43', '2016-04-29 16:05:43');
INSERT INTO `region` VALUES ('610629', '洛川县', '0', '0', '610600', '2016-04-29 16:05:43', '2016-04-29 16:05:43');
INSERT INTO `region` VALUES ('610630', '宜川县', '0', '0', '610600', '2016-04-29 16:05:43', '2016-04-29 16:05:43');
INSERT INTO `region` VALUES ('610631', '黄龙县', '0', '0', '610600', '2016-04-29 16:05:43', '2016-04-29 16:05:43');
INSERT INTO `region` VALUES ('610632', '黄陵县', '0', '0', '610600', '2016-04-29 16:05:43', '2016-04-29 16:05:43');
INSERT INTO `region` VALUES ('610701', '市辖区', '0', '0', '610700', '2016-04-29 16:05:43', '2016-04-29 16:05:43');
INSERT INTO `region` VALUES ('610702', '汉台区', '0', '0', '610700', '2016-04-29 16:05:43', '2016-04-29 16:05:43');
INSERT INTO `region` VALUES ('610721', '南郑县', '0', '0', '610700', '2016-04-29 16:05:43', '2016-04-29 16:05:43');
INSERT INTO `region` VALUES ('610722', '城固县', '0', '0', '610700', '2016-04-29 16:05:43', '2016-04-29 16:05:43');
INSERT INTO `region` VALUES ('610723', '洋　县', '0', '0', '610700', '2016-04-29 16:05:43', '2016-04-29 16:05:43');
INSERT INTO `region` VALUES ('610724', '西乡县', '0', '0', '610700', '2016-04-29 16:05:43', '2016-04-29 16:05:43');
INSERT INTO `region` VALUES ('610725', '勉　县', '0', '0', '610700', '2016-04-29 16:05:43', '2016-04-29 16:05:43');
INSERT INTO `region` VALUES ('610726', '宁强县', '0', '0', '610700', '2016-04-29 16:05:43', '2016-04-29 16:05:43');
INSERT INTO `region` VALUES ('610727', '略阳县', '0', '0', '610700', '2016-04-29 16:05:43', '2016-04-29 16:05:43');
INSERT INTO `region` VALUES ('610728', '镇巴县', '0', '0', '610700', '2016-04-29 16:05:43', '2016-04-29 16:05:43');
INSERT INTO `region` VALUES ('610729', '留坝县', '0', '0', '610700', '2016-04-29 16:05:43', '2016-04-29 16:05:43');
INSERT INTO `region` VALUES ('610730', '佛坪县', '0', '0', '610700', '2016-04-29 16:05:43', '2016-04-29 16:05:43');
INSERT INTO `region` VALUES ('610801', '市辖区', '0', '0', '610800', '2016-04-29 16:05:43', '2016-04-29 16:05:43');
INSERT INTO `region` VALUES ('610802', '榆阳区', '0', '0', '610800', '2016-04-29 16:05:43', '2016-04-29 16:05:43');
INSERT INTO `region` VALUES ('610821', '神木县', '0', '0', '610800', '2016-04-29 16:05:43', '2016-04-29 16:05:43');
INSERT INTO `region` VALUES ('610822', '府谷县', '0', '0', '610800', '2016-04-29 16:05:43', '2016-04-29 16:05:43');
INSERT INTO `region` VALUES ('610823', '横山县', '0', '0', '610800', '2016-04-29 16:05:43', '2016-04-29 16:05:43');
INSERT INTO `region` VALUES ('610824', '靖边县', '0', '0', '610800', '2016-04-29 16:05:43', '2016-04-29 16:05:43');
INSERT INTO `region` VALUES ('610825', '定边县', '0', '0', '610800', '2016-04-29 16:05:43', '2016-04-29 16:05:43');
INSERT INTO `region` VALUES ('610826', '绥德县', '0', '0', '610800', '2016-04-29 16:05:43', '2016-04-29 16:05:43');
INSERT INTO `region` VALUES ('610827', '米脂县', '0', '0', '610800', '2016-04-29 16:05:43', '2016-04-29 16:05:43');
INSERT INTO `region` VALUES ('610828', '佳　县', '0', '0', '610800', '2016-04-29 16:05:43', '2016-04-29 16:05:43');
INSERT INTO `region` VALUES ('610829', '吴堡县', '0', '0', '610800', '2016-04-29 16:05:43', '2016-04-29 16:05:43');
INSERT INTO `region` VALUES ('610830', '清涧县', '0', '0', '610800', '2016-04-29 16:05:43', '2016-04-29 16:05:43');
INSERT INTO `region` VALUES ('610831', '子洲县', '0', '0', '610800', '2016-04-29 16:05:43', '2016-04-29 16:05:43');
INSERT INTO `region` VALUES ('610901', '市辖区', '0', '0', '610900', '2016-04-29 16:05:43', '2016-04-29 16:05:43');
INSERT INTO `region` VALUES ('610902', '汉滨区', '0', '0', '610900', '2016-04-29 16:05:43', '2016-04-29 16:05:43');
INSERT INTO `region` VALUES ('610921', '汉阴县', '0', '0', '610900', '2016-04-29 16:05:43', '2016-04-29 16:05:43');
INSERT INTO `region` VALUES ('610922', '石泉县', '0', '0', '610900', '2016-04-29 16:05:43', '2016-04-29 16:05:43');
INSERT INTO `region` VALUES ('610923', '宁陕县', '0', '0', '610900', '2016-04-29 16:05:43', '2016-04-29 16:05:43');
INSERT INTO `region` VALUES ('610924', '紫阳县', '0', '0', '610900', '2016-04-29 16:05:43', '2016-04-29 16:05:43');
INSERT INTO `region` VALUES ('610925', '岚皋县', '0', '0', '610900', '2016-04-29 16:05:43', '2016-04-29 16:05:43');
INSERT INTO `region` VALUES ('610926', '平利县', '0', '0', '610900', '2016-04-29 16:05:43', '2016-04-29 16:05:43');
INSERT INTO `region` VALUES ('610927', '镇坪县', '0', '0', '610900', '2016-04-29 16:05:43', '2016-04-29 16:05:43');
INSERT INTO `region` VALUES ('610928', '旬阳县', '0', '0', '610900', '2016-04-29 16:05:43', '2016-04-29 16:05:43');
INSERT INTO `region` VALUES ('610929', '白河县', '0', '0', '610900', '2016-04-29 16:05:43', '2016-04-29 16:05:43');
INSERT INTO `region` VALUES ('611001', '市辖区', '0', '0', '611000', '2016-04-29 16:05:43', '2016-04-29 16:05:43');
INSERT INTO `region` VALUES ('611002', '商州区', '0', '0', '611000', '2016-04-29 16:05:43', '2016-04-29 16:05:43');
INSERT INTO `region` VALUES ('611021', '洛南县', '0', '0', '611000', '2016-04-29 16:05:43', '2016-04-29 16:05:43');
INSERT INTO `region` VALUES ('611022', '丹凤县', '0', '0', '611000', '2016-04-29 16:05:43', '2016-04-29 16:05:43');
INSERT INTO `region` VALUES ('611023', '商南县', '0', '0', '611000', '2016-04-29 16:05:43', '2016-04-29 16:05:43');
INSERT INTO `region` VALUES ('611024', '山阳县', '0', '0', '611000', '2016-04-29 16:05:43', '2016-04-29 16:05:43');
INSERT INTO `region` VALUES ('611025', '镇安县', '0', '0', '611000', '2016-04-29 16:05:43', '2016-04-29 16:05:43');
INSERT INTO `region` VALUES ('611026', '柞水县', '0', '0', '611000', '2016-04-29 16:05:43', '2016-04-29 16:05:43');
INSERT INTO `region` VALUES ('620101', '市辖区', '0', '0', '620100', '2016-04-29 16:05:43', '2016-04-29 16:05:43');
INSERT INTO `region` VALUES ('620102', '城关区', '0', '0', '620100', '2016-04-29 16:05:43', '2016-04-29 16:05:43');
INSERT INTO `region` VALUES ('620103', '七里河区', '0', '0', '620100', '2016-04-29 16:05:43', '2016-04-29 16:05:43');
INSERT INTO `region` VALUES ('620104', '西固区', '0', '0', '620100', '2016-04-29 16:05:43', '2016-04-29 16:05:43');
INSERT INTO `region` VALUES ('620105', '安宁区', '0', '0', '620100', '2016-04-29 16:05:43', '2016-04-29 16:05:43');
INSERT INTO `region` VALUES ('620111', '红古区', '0', '0', '620100', '2016-04-29 16:05:43', '2016-04-29 16:05:43');
INSERT INTO `region` VALUES ('620121', '永登县', '0', '0', '620100', '2016-04-29 16:05:43', '2016-04-29 16:05:43');
INSERT INTO `region` VALUES ('620122', '皋兰县', '0', '0', '620100', '2016-04-29 16:05:43', '2016-04-29 16:05:43');
INSERT INTO `region` VALUES ('620123', '榆中县', '0', '0', '620100', '2016-04-29 16:05:43', '2016-04-29 16:05:43');
INSERT INTO `region` VALUES ('620201', '市辖区', '0', '0', '620200', '2016-04-29 16:05:43', '2016-04-29 16:05:43');
INSERT INTO `region` VALUES ('620301', '市辖区', '0', '0', '620300', '2016-04-29 16:05:43', '2016-04-29 16:05:43');
INSERT INTO `region` VALUES ('620302', '金川区', '0', '0', '620300', '2016-04-29 16:05:43', '2016-04-29 16:05:43');
INSERT INTO `region` VALUES ('620321', '永昌县', '0', '0', '620300', '2016-04-29 16:05:43', '2016-04-29 16:05:43');
INSERT INTO `region` VALUES ('620401', '市辖区', '0', '0', '620400', '2016-04-29 16:05:43', '2016-04-29 16:05:43');
INSERT INTO `region` VALUES ('620402', '白银区', '0', '0', '620400', '2016-04-29 16:05:43', '2016-04-29 16:05:43');
INSERT INTO `region` VALUES ('620403', '平川区', '0', '0', '620400', '2016-04-29 16:05:43', '2016-04-29 16:05:43');
INSERT INTO `region` VALUES ('620421', '靖远县', '0', '0', '620400', '2016-04-29 16:05:43', '2016-04-29 16:05:43');
INSERT INTO `region` VALUES ('620422', '会宁县', '0', '0', '620400', '2016-04-29 16:05:43', '2016-04-29 16:05:43');
INSERT INTO `region` VALUES ('620423', '景泰县', '0', '0', '620400', '2016-04-29 16:05:43', '2016-04-29 16:05:43');
INSERT INTO `region` VALUES ('620501', '市辖区', '0', '0', '620500', '2016-04-29 16:05:43', '2016-04-29 16:05:43');
INSERT INTO `region` VALUES ('620502', '秦城区', '0', '0', '620500', '2016-04-29 16:05:43', '2016-04-29 16:05:43');
INSERT INTO `region` VALUES ('620503', '北道区', '0', '0', '620500', '2016-04-29 16:05:43', '2016-04-29 16:05:43');
INSERT INTO `region` VALUES ('620521', '清水县', '0', '0', '620500', '2016-04-29 16:05:43', '2016-04-29 16:05:43');
INSERT INTO `region` VALUES ('620522', '秦安县', '0', '0', '620500', '2016-04-29 16:05:43', '2016-04-29 16:05:43');
INSERT INTO `region` VALUES ('620523', '甘谷县', '0', '0', '620500', '2016-04-29 16:05:43', '2016-04-29 16:05:43');
INSERT INTO `region` VALUES ('620524', '武山县', '0', '0', '620500', '2016-04-29 16:05:43', '2016-04-29 16:05:43');
INSERT INTO `region` VALUES ('620525', '张家川回族自治县', '0', '0', '620500', '2016-04-29 16:05:43', '2016-04-29 16:05:43');
INSERT INTO `region` VALUES ('620601', '市辖区', '0', '0', '620600', '2016-04-29 16:05:43', '2016-04-29 16:05:43');
INSERT INTO `region` VALUES ('620602', '凉州区', '0', '0', '620600', '2016-04-29 16:05:43', '2016-04-29 16:05:43');
INSERT INTO `region` VALUES ('620621', '民勤县', '0', '0', '620600', '2016-04-29 16:05:43', '2016-04-29 16:05:43');
INSERT INTO `region` VALUES ('620622', '古浪县', '0', '0', '620600', '2016-04-29 16:05:43', '2016-04-29 16:05:43');
INSERT INTO `region` VALUES ('620623', '天祝藏族自治县', '0', '0', '620600', '2016-04-29 16:05:43', '2016-04-29 16:05:43');
INSERT INTO `region` VALUES ('620701', '市辖区', '0', '0', '620700', '2016-04-29 16:05:43', '2016-04-29 16:05:43');
INSERT INTO `region` VALUES ('620702', '甘州区', '0', '0', '620700', '2016-04-29 16:05:43', '2016-04-29 16:05:43');
INSERT INTO `region` VALUES ('620721', '肃南裕固族自治县', '0', '0', '620700', '2016-04-29 16:05:43', '2016-04-29 16:05:43');
INSERT INTO `region` VALUES ('620722', '民乐县', '0', '0', '620700', '2016-04-29 16:05:43', '2016-04-29 16:05:43');
INSERT INTO `region` VALUES ('620723', '临泽县', '0', '0', '620700', '2016-04-29 16:05:43', '2016-04-29 16:05:43');
INSERT INTO `region` VALUES ('620724', '高台县', '0', '0', '620700', '2016-04-29 16:05:43', '2016-04-29 16:05:43');
INSERT INTO `region` VALUES ('620725', '山丹县', '0', '0', '620700', '2016-04-29 16:05:43', '2016-04-29 16:05:43');
INSERT INTO `region` VALUES ('620801', '市辖区', '0', '0', '620800', '2016-04-29 16:05:43', '2016-04-29 16:05:43');
INSERT INTO `region` VALUES ('620802', '崆峒区', '0', '0', '620800', '2016-04-29 16:05:43', '2016-04-29 16:05:43');
INSERT INTO `region` VALUES ('620821', '泾川县', '0', '0', '620800', '2016-04-29 16:05:43', '2016-04-29 16:05:43');
INSERT INTO `region` VALUES ('620822', '灵台县', '0', '0', '620800', '2016-04-29 16:05:43', '2016-04-29 16:05:43');
INSERT INTO `region` VALUES ('620823', '崇信县', '0', '0', '620800', '2016-04-29 16:05:43', '2016-04-29 16:05:43');
INSERT INTO `region` VALUES ('620824', '华亭县', '0', '0', '620800', '2016-04-29 16:05:43', '2016-04-29 16:05:43');
INSERT INTO `region` VALUES ('620825', '庄浪县', '0', '0', '620800', '2016-04-29 16:05:43', '2016-04-29 16:05:43');
INSERT INTO `region` VALUES ('620826', '静宁县', '0', '0', '620800', '2016-04-29 16:05:43', '2016-04-29 16:05:43');
INSERT INTO `region` VALUES ('620901', '市辖区', '0', '0', '620900', '2016-04-29 16:05:43', '2016-04-29 16:05:43');
INSERT INTO `region` VALUES ('620902', '肃州区', '0', '0', '620900', '2016-04-29 16:05:43', '2016-04-29 16:05:43');
INSERT INTO `region` VALUES ('620921', '金塔县', '0', '0', '620900', '2016-04-29 16:05:43', '2016-04-29 16:05:43');
INSERT INTO `region` VALUES ('620922', '安西县', '0', '0', '620900', '2016-04-29 16:05:43', '2016-04-29 16:05:43');
INSERT INTO `region` VALUES ('620923', '肃北蒙古族自治县', '0', '0', '620900', '2016-04-29 16:05:43', '2016-04-29 16:05:43');
INSERT INTO `region` VALUES ('620924', '阿克塞哈萨克族自治县', '0', '0', '620900', '2016-04-29 16:05:43', '2016-04-29 16:05:43');
INSERT INTO `region` VALUES ('620981', '玉门市', '0', '0', '620900', '2016-04-29 16:05:43', '2016-04-29 16:05:43');
INSERT INTO `region` VALUES ('620982', '敦煌市', '0', '0', '620900', '2016-04-29 16:05:43', '2016-04-29 16:05:43');
INSERT INTO `region` VALUES ('621001', '市辖区', '0', '0', '621000', '2016-04-29 16:05:43', '2016-04-29 16:05:43');
INSERT INTO `region` VALUES ('621002', '西峰区', '0', '0', '621000', '2016-04-29 16:05:43', '2016-04-29 16:05:43');
INSERT INTO `region` VALUES ('621021', '庆城县', '0', '0', '621000', '2016-04-29 16:05:43', '2016-04-29 16:05:43');
INSERT INTO `region` VALUES ('621022', '环　县', '0', '0', '621000', '2016-04-29 16:05:43', '2016-04-29 16:05:43');
INSERT INTO `region` VALUES ('621023', '华池县', '0', '0', '621000', '2016-04-29 16:05:43', '2016-04-29 16:05:43');
INSERT INTO `region` VALUES ('621024', '合水县', '0', '0', '621000', '2016-04-29 16:05:43', '2016-04-29 16:05:43');
INSERT INTO `region` VALUES ('621025', '正宁县', '0', '0', '621000', '2016-04-29 16:05:43', '2016-04-29 16:05:43');
INSERT INTO `region` VALUES ('621026', '宁　县', '0', '0', '621000', '2016-04-29 16:05:43', '2016-04-29 16:05:43');
INSERT INTO `region` VALUES ('621027', '镇原县', '0', '0', '621000', '2016-04-29 16:05:43', '2016-04-29 16:05:43');
INSERT INTO `region` VALUES ('621101', '市辖区', '0', '0', '621100', '2016-04-29 16:05:43', '2016-04-29 16:05:43');
INSERT INTO `region` VALUES ('621102', '安定区', '0', '0', '621100', '2016-04-29 16:05:43', '2016-04-29 16:05:43');
INSERT INTO `region` VALUES ('621121', '通渭县', '0', '0', '621100', '2016-04-29 16:05:43', '2016-04-29 16:05:43');
INSERT INTO `region` VALUES ('621122', '陇西县', '0', '0', '621100', '2016-04-29 16:05:43', '2016-04-29 16:05:43');
INSERT INTO `region` VALUES ('621123', '渭源县', '0', '0', '621100', '2016-04-29 16:05:43', '2016-04-29 16:05:43');
INSERT INTO `region` VALUES ('621124', '临洮县', '0', '0', '621100', '2016-04-29 16:05:43', '2016-04-29 16:05:43');
INSERT INTO `region` VALUES ('621125', '漳　县', '0', '0', '621100', '2016-04-29 16:05:43', '2016-04-29 16:05:43');
INSERT INTO `region` VALUES ('621126', '岷　县', '0', '0', '621100', '2016-04-29 16:05:43', '2016-04-29 16:05:43');
INSERT INTO `region` VALUES ('621201', '市辖区', '0', '0', '621200', '2016-04-29 16:05:43', '2016-04-29 16:05:43');
INSERT INTO `region` VALUES ('621202', '武都区', '0', '0', '621200', '2016-04-29 16:05:43', '2016-04-29 16:05:43');
INSERT INTO `region` VALUES ('621221', '成　县', '0', '0', '621200', '2016-04-29 16:05:43', '2016-04-29 16:05:43');
INSERT INTO `region` VALUES ('621222', '文　县', '0', '0', '621200', '2016-04-29 16:05:43', '2016-04-29 16:05:43');
INSERT INTO `region` VALUES ('621223', '宕昌县', '0', '0', '621200', '2016-04-29 16:05:43', '2016-04-29 16:05:43');
INSERT INTO `region` VALUES ('621224', '康　县', '0', '0', '621200', '2016-04-29 16:05:43', '2016-04-29 16:05:43');
INSERT INTO `region` VALUES ('621225', '西和县', '0', '0', '621200', '2016-04-29 16:05:43', '2016-04-29 16:05:43');
INSERT INTO `region` VALUES ('621226', '礼　县', '0', '0', '621200', '2016-04-29 16:05:43', '2016-04-29 16:05:43');
INSERT INTO `region` VALUES ('621227', '徽　县', '0', '0', '621200', '2016-04-29 16:05:43', '2016-04-29 16:05:43');
INSERT INTO `region` VALUES ('621228', '两当县', '0', '0', '621200', '2016-04-29 16:05:43', '2016-04-29 16:05:43');
INSERT INTO `region` VALUES ('622901', '临夏市', '0', '0', '622900', '2016-04-29 16:05:43', '2016-04-29 16:05:43');
INSERT INTO `region` VALUES ('622921', '临夏县', '0', '0', '622900', '2016-04-29 16:05:43', '2016-04-29 16:05:43');
INSERT INTO `region` VALUES ('622922', '康乐县', '0', '0', '622900', '2016-04-29 16:05:43', '2016-04-29 16:05:43');
INSERT INTO `region` VALUES ('622923', '永靖县', '0', '0', '622900', '2016-04-29 16:05:43', '2016-04-29 16:05:43');
INSERT INTO `region` VALUES ('622924', '广河县', '0', '0', '622900', '2016-04-29 16:05:43', '2016-04-29 16:05:43');
INSERT INTO `region` VALUES ('622925', '和政县', '0', '0', '622900', '2016-04-29 16:05:43', '2016-04-29 16:05:43');
INSERT INTO `region` VALUES ('622926', '东乡族自治县', '0', '0', '622900', '2016-04-29 16:05:43', '2016-04-29 16:05:43');
INSERT INTO `region` VALUES ('622927', '积石山保安族东乡族撒拉族自治县', '0', '0', '622900', '2016-04-29 16:05:43', '2016-04-29 16:05:43');
INSERT INTO `region` VALUES ('623001', '合作市', '0', '0', '623000', '2016-04-29 16:05:43', '2016-04-29 16:05:43');
INSERT INTO `region` VALUES ('623021', '临潭县', '0', '0', '623000', '2016-04-29 16:05:43', '2016-04-29 16:05:43');
INSERT INTO `region` VALUES ('623022', '卓尼县', '0', '0', '623000', '2016-04-29 16:05:43', '2016-04-29 16:05:43');
INSERT INTO `region` VALUES ('623023', '舟曲县', '0', '0', '623000', '2016-04-29 16:05:43', '2016-04-29 16:05:43');
INSERT INTO `region` VALUES ('623024', '迭部县', '0', '0', '623000', '2016-04-29 16:05:43', '2016-04-29 16:05:43');
INSERT INTO `region` VALUES ('623025', '玛曲县', '0', '0', '623000', '2016-04-29 16:05:43', '2016-04-29 16:05:43');
INSERT INTO `region` VALUES ('623026', '碌曲县', '0', '0', '623000', '2016-04-29 16:05:43', '2016-04-29 16:05:43');
INSERT INTO `region` VALUES ('623027', '夏河县', '0', '0', '623000', '2016-04-29 16:05:43', '2016-04-29 16:05:43');
INSERT INTO `region` VALUES ('630101', '市辖区', '0', '0', '630100', '2016-04-29 16:05:43', '2016-04-29 16:05:43');
INSERT INTO `region` VALUES ('630102', '城东区', '0', '0', '630100', '2016-04-29 16:05:43', '2016-04-29 16:05:43');
INSERT INTO `region` VALUES ('630103', '城中区', '0', '0', '630100', '2016-04-29 16:05:43', '2016-04-29 16:05:43');
INSERT INTO `region` VALUES ('630104', '城西区', '0', '0', '630100', '2016-04-29 16:05:43', '2016-04-29 16:05:43');
INSERT INTO `region` VALUES ('630105', '城北区', '0', '0', '630100', '2016-04-29 16:05:43', '2016-04-29 16:05:43');
INSERT INTO `region` VALUES ('630121', '大通回族土族自治县', '0', '0', '630100', '2016-04-29 16:05:43', '2016-04-29 16:05:43');
INSERT INTO `region` VALUES ('630122', '湟中县', '0', '0', '630100', '2016-04-29 16:05:43', '2016-04-29 16:05:43');
INSERT INTO `region` VALUES ('630123', '湟源县', '0', '0', '630100', '2016-04-29 16:05:43', '2016-04-29 16:05:43');
INSERT INTO `region` VALUES ('632121', '平安县', '0', '0', '632100', '2016-04-29 16:05:43', '2016-04-29 16:05:43');
INSERT INTO `region` VALUES ('632122', '民和回族土族自治县', '0', '0', '632100', '2016-04-29 16:05:43', '2016-04-29 16:05:43');
INSERT INTO `region` VALUES ('632123', '乐都县', '0', '0', '632100', '2016-04-29 16:05:43', '2016-04-29 16:05:43');
INSERT INTO `region` VALUES ('632126', '互助土族自治县', '0', '0', '632100', '2016-04-29 16:05:43', '2016-04-29 16:05:43');
INSERT INTO `region` VALUES ('632127', '化隆回族自治县', '0', '0', '632100', '2016-04-29 16:05:43', '2016-04-29 16:05:43');
INSERT INTO `region` VALUES ('632128', '循化撒拉族自治县', '0', '0', '632100', '2016-04-29 16:05:43', '2016-04-29 16:05:43');
INSERT INTO `region` VALUES ('632221', '门源回族自治县', '0', '0', '632200', '2016-04-29 16:05:43', '2016-04-29 16:05:43');
INSERT INTO `region` VALUES ('632222', '祁连县', '0', '0', '632200', '2016-04-29 16:05:43', '2016-04-29 16:05:43');
INSERT INTO `region` VALUES ('632223', '海晏县', '0', '0', '632200', '2016-04-29 16:05:43', '2016-04-29 16:05:43');
INSERT INTO `region` VALUES ('632224', '刚察县', '0', '0', '632200', '2016-04-29 16:05:43', '2016-04-29 16:05:43');
INSERT INTO `region` VALUES ('632321', '同仁县', '0', '0', '632300', '2016-04-29 16:05:43', '2016-04-29 16:05:43');
INSERT INTO `region` VALUES ('632322', '尖扎县', '0', '0', '632300', '2016-04-29 16:05:43', '2016-04-29 16:05:43');
INSERT INTO `region` VALUES ('632323', '泽库县', '0', '0', '632300', '2016-04-29 16:05:43', '2016-04-29 16:05:43');
INSERT INTO `region` VALUES ('632324', '河南蒙古族自治县', '0', '0', '632300', '2016-04-29 16:05:43', '2016-04-29 16:05:43');
INSERT INTO `region` VALUES ('632521', '共和县', '0', '0', '632500', '2016-04-29 16:05:43', '2016-04-29 16:05:43');
INSERT INTO `region` VALUES ('632522', '同德县', '0', '0', '632500', '2016-04-29 16:05:43', '2016-04-29 16:05:43');
INSERT INTO `region` VALUES ('632523', '贵德县', '0', '0', '632500', '2016-04-29 16:05:43', '2016-04-29 16:05:43');
INSERT INTO `region` VALUES ('632524', '兴海县', '0', '0', '632500', '2016-04-29 16:05:43', '2016-04-29 16:05:43');
INSERT INTO `region` VALUES ('632525', '贵南县', '0', '0', '632500', '2016-04-29 16:05:43', '2016-04-29 16:05:43');
INSERT INTO `region` VALUES ('632621', '玛沁县', '0', '0', '632600', '2016-04-29 16:05:43', '2016-04-29 16:05:43');
INSERT INTO `region` VALUES ('632622', '班玛县', '0', '0', '632600', '2016-04-29 16:05:43', '2016-04-29 16:05:43');
INSERT INTO `region` VALUES ('632623', '甘德县', '0', '0', '632600', '2016-04-29 16:05:43', '2016-04-29 16:05:43');
INSERT INTO `region` VALUES ('632624', '达日县', '0', '0', '632600', '2016-04-29 16:05:43', '2016-04-29 16:05:43');
INSERT INTO `region` VALUES ('632625', '久治县', '0', '0', '632600', '2016-04-29 16:05:43', '2016-04-29 16:05:43');
INSERT INTO `region` VALUES ('632626', '玛多县', '0', '0', '632600', '2016-04-29 16:05:43', '2016-04-29 16:05:43');
INSERT INTO `region` VALUES ('632721', '玉树县', '0', '0', '632700', '2016-04-29 16:05:43', '2016-04-29 16:05:43');
INSERT INTO `region` VALUES ('632722', '杂多县', '0', '0', '632700', '2016-04-29 16:05:43', '2016-04-29 16:05:43');
INSERT INTO `region` VALUES ('632723', '称多县', '0', '0', '632700', '2016-04-29 16:05:43', '2016-04-29 16:05:43');
INSERT INTO `region` VALUES ('632724', '治多县', '0', '0', '632700', '2016-04-29 16:05:43', '2016-04-29 16:05:43');
INSERT INTO `region` VALUES ('632725', '囊谦县', '0', '0', '632700', '2016-04-29 16:05:43', '2016-04-29 16:05:43');
INSERT INTO `region` VALUES ('632726', '曲麻莱县', '0', '0', '632700', '2016-04-29 16:05:43', '2016-04-29 16:05:43');
INSERT INTO `region` VALUES ('632801', '格尔木市', '0', '0', '632800', '2016-04-29 16:05:43', '2016-04-29 16:05:43');
INSERT INTO `region` VALUES ('632802', '德令哈市', '0', '0', '632800', '2016-04-29 16:05:43', '2016-04-29 16:05:43');
INSERT INTO `region` VALUES ('632821', '乌兰县', '0', '0', '632800', '2016-04-29 16:05:43', '2016-04-29 16:05:43');
INSERT INTO `region` VALUES ('632822', '都兰县', '0', '0', '632800', '2016-04-29 16:05:43', '2016-04-29 16:05:43');
INSERT INTO `region` VALUES ('632823', '天峻县', '0', '0', '632800', '2016-04-29 16:05:43', '2016-04-29 16:05:43');
INSERT INTO `region` VALUES ('640101', '市辖区', '0', '0', '640100', '2016-04-29 16:05:43', '2016-04-29 16:05:43');
INSERT INTO `region` VALUES ('640104', '兴庆区', '0', '0', '640100', '2016-04-29 16:05:43', '2016-04-29 16:05:43');
INSERT INTO `region` VALUES ('640105', '西夏区', '0', '0', '640100', '2016-04-29 16:05:43', '2016-04-29 16:05:43');
INSERT INTO `region` VALUES ('640106', '金凤区', '0', '0', '640100', '2016-04-29 16:05:43', '2016-04-29 16:05:43');
INSERT INTO `region` VALUES ('640121', '永宁县', '0', '0', '640100', '2016-04-29 16:05:43', '2016-04-29 16:05:43');
INSERT INTO `region` VALUES ('640122', '贺兰县', '0', '0', '640100', '2016-04-29 16:05:43', '2016-04-29 16:05:43');
INSERT INTO `region` VALUES ('640181', '灵武市', '0', '0', '640100', '2016-04-29 16:05:43', '2016-04-29 16:05:43');
INSERT INTO `region` VALUES ('640201', '市辖区', '0', '0', '640200', '2016-04-29 16:05:43', '2016-04-29 16:05:43');
INSERT INTO `region` VALUES ('640202', '大武口区', '0', '0', '640200', '2016-04-29 16:05:43', '2016-04-29 16:05:43');
INSERT INTO `region` VALUES ('640205', '惠农区', '0', '0', '640200', '2016-04-29 16:05:43', '2016-04-29 16:05:43');
INSERT INTO `region` VALUES ('640221', '平罗县', '0', '0', '640200', '2016-04-29 16:05:43', '2016-04-29 16:05:43');
INSERT INTO `region` VALUES ('640301', '市辖区', '0', '0', '640300', '2016-04-29 16:05:43', '2016-04-29 16:05:43');
INSERT INTO `region` VALUES ('640302', '利通区', '0', '0', '640300', '2016-04-29 16:05:43', '2016-04-29 16:05:43');
INSERT INTO `region` VALUES ('640323', '盐池县', '0', '0', '640300', '2016-04-29 16:05:43', '2016-04-29 16:05:43');
INSERT INTO `region` VALUES ('640324', '同心县', '0', '0', '640300', '2016-04-29 16:05:43', '2016-04-29 16:05:43');
INSERT INTO `region` VALUES ('640381', '青铜峡市', '0', '0', '640300', '2016-04-29 16:05:43', '2016-04-29 16:05:43');
INSERT INTO `region` VALUES ('640401', '市辖区', '0', '0', '640400', '2016-04-29 16:05:43', '2016-04-29 16:05:43');
INSERT INTO `region` VALUES ('640402', '原州区', '0', '0', '640400', '2016-04-29 16:05:43', '2016-04-29 16:05:43');
INSERT INTO `region` VALUES ('640422', '西吉县', '0', '0', '640400', '2016-04-29 16:05:43', '2016-04-29 16:05:43');
INSERT INTO `region` VALUES ('640423', '隆德县', '0', '0', '640400', '2016-04-29 16:05:43', '2016-04-29 16:05:43');
INSERT INTO `region` VALUES ('640424', '泾源县', '0', '0', '640400', '2016-04-29 16:05:43', '2016-04-29 16:05:43');
INSERT INTO `region` VALUES ('640425', '彭阳县', '0', '0', '640400', '2016-04-29 16:05:43', '2016-04-29 16:05:43');
INSERT INTO `region` VALUES ('640501', '市辖区', '0', '0', '640500', '2016-04-29 16:05:43', '2016-04-29 16:05:43');
INSERT INTO `region` VALUES ('640502', '沙坡头区', '0', '0', '640500', '2016-04-29 16:05:43', '2016-04-29 16:05:43');
INSERT INTO `region` VALUES ('640521', '中宁县', '0', '0', '640500', '2016-04-29 16:05:43', '2016-04-29 16:05:43');
INSERT INTO `region` VALUES ('640522', '海原县', '0', '0', '640500', '2016-04-29 16:05:43', '2016-04-29 16:05:43');
INSERT INTO `region` VALUES ('650101', '市辖区', '0', '0', '650100', '2016-04-29 16:05:43', '2016-04-29 16:05:43');
INSERT INTO `region` VALUES ('650102', '天山区', '0', '0', '650100', '2016-04-29 16:05:43', '2016-04-29 16:05:43');
INSERT INTO `region` VALUES ('650103', '沙依巴克区', '0', '0', '650100', '2016-04-29 16:05:43', '2016-04-29 16:05:43');
INSERT INTO `region` VALUES ('650104', '新市区', '0', '0', '650100', '2016-04-29 16:05:43', '2016-04-29 16:05:43');
INSERT INTO `region` VALUES ('650105', '水磨沟区', '0', '0', '650100', '2016-04-29 16:05:43', '2016-04-29 16:05:43');
INSERT INTO `region` VALUES ('650106', '头屯河区', '0', '0', '650100', '2016-04-29 16:05:43', '2016-04-29 16:05:43');
INSERT INTO `region` VALUES ('650107', '达坂城区', '0', '0', '650100', '2016-04-29 16:05:43', '2016-04-29 16:05:43');
INSERT INTO `region` VALUES ('650108', '东山区', '0', '0', '650100', '2016-04-29 16:05:43', '2016-04-29 16:05:43');
INSERT INTO `region` VALUES ('650121', '乌鲁木齐县', '0', '0', '650100', '2016-04-29 16:05:43', '2016-04-29 16:05:43');
INSERT INTO `region` VALUES ('650201', '市辖区', '0', '0', '650200', '2016-04-29 16:05:43', '2016-04-29 16:05:43');
INSERT INTO `region` VALUES ('650202', '独山子区', '0', '0', '650200', '2016-04-29 16:05:43', '2016-04-29 16:05:43');
INSERT INTO `region` VALUES ('650203', '克拉玛依区', '0', '0', '650200', '2016-04-29 16:05:43', '2016-04-29 16:05:43');
INSERT INTO `region` VALUES ('650204', '白碱滩区', '0', '0', '650200', '2016-04-29 16:05:43', '2016-04-29 16:05:43');
INSERT INTO `region` VALUES ('650205', '乌尔禾区', '0', '0', '650200', '2016-04-29 16:05:43', '2016-04-29 16:05:43');
INSERT INTO `region` VALUES ('652101', '吐鲁番市', '0', '0', '652100', '2016-04-29 16:05:43', '2016-04-29 16:05:43');
INSERT INTO `region` VALUES ('652122', '鄯善县', '0', '0', '652100', '2016-04-29 16:05:43', '2016-04-29 16:05:43');
INSERT INTO `region` VALUES ('652123', '托克逊县', '0', '0', '652100', '2016-04-29 16:05:43', '2016-04-29 16:05:43');
INSERT INTO `region` VALUES ('652201', '哈密市', '0', '0', '652200', '2016-04-29 16:05:43', '2016-04-29 16:05:43');
INSERT INTO `region` VALUES ('652222', '巴里坤哈萨克自治县', '0', '0', '652200', '2016-04-29 16:05:43', '2016-04-29 16:05:43');
INSERT INTO `region` VALUES ('652223', '伊吾县', '0', '0', '652200', '2016-04-29 16:05:43', '2016-04-29 16:05:43');
INSERT INTO `region` VALUES ('652301', '昌吉市', '0', '0', '652300', '2016-04-29 16:05:43', '2016-04-29 16:05:43');
INSERT INTO `region` VALUES ('652302', '阜康市', '0', '0', '652300', '2016-04-29 16:05:43', '2016-04-29 16:05:43');
INSERT INTO `region` VALUES ('652303', '米泉市', '0', '0', '652300', '2016-04-29 16:05:43', '2016-04-29 16:05:43');
INSERT INTO `region` VALUES ('652323', '呼图壁县', '0', '0', '652300', '2016-04-29 16:05:43', '2016-04-29 16:05:43');
INSERT INTO `region` VALUES ('652324', '玛纳斯县', '0', '0', '652300', '2016-04-29 16:05:43', '2016-04-29 16:05:43');
INSERT INTO `region` VALUES ('652325', '奇台县', '0', '0', '652300', '2016-04-29 16:05:43', '2016-04-29 16:05:43');
INSERT INTO `region` VALUES ('652327', '吉木萨尔县', '0', '0', '652300', '2016-04-29 16:05:43', '2016-04-29 16:05:43');
INSERT INTO `region` VALUES ('652328', '木垒哈萨克自治县', '0', '0', '652300', '2016-04-29 16:05:43', '2016-04-29 16:05:43');
INSERT INTO `region` VALUES ('652701', '博乐市', '0', '0', '652700', '2016-04-29 16:05:43', '2016-04-29 16:05:43');
INSERT INTO `region` VALUES ('652722', '精河县', '0', '0', '652700', '2016-04-29 16:05:43', '2016-04-29 16:05:43');
INSERT INTO `region` VALUES ('652723', '温泉县', '0', '0', '652700', '2016-04-29 16:05:43', '2016-04-29 16:05:43');
INSERT INTO `region` VALUES ('652801', '库尔勒市', '0', '0', '652800', '2016-04-29 16:05:43', '2016-04-29 16:05:43');
INSERT INTO `region` VALUES ('652822', '轮台县', '0', '0', '652800', '2016-04-29 16:05:43', '2016-04-29 16:05:43');
INSERT INTO `region` VALUES ('652823', '尉犁县', '0', '0', '652800', '2016-04-29 16:05:43', '2016-04-29 16:05:43');
INSERT INTO `region` VALUES ('652824', '若羌县', '0', '0', '652800', '2016-04-29 16:05:43', '2016-04-29 16:05:43');
INSERT INTO `region` VALUES ('652825', '且末县', '0', '0', '652800', '2016-04-29 16:05:43', '2016-04-29 16:05:43');
INSERT INTO `region` VALUES ('652826', '焉耆回族自治县', '0', '0', '652800', '2016-04-29 16:05:43', '2016-04-29 16:05:43');
INSERT INTO `region` VALUES ('652827', '和静县', '0', '0', '652800', '2016-04-29 16:05:43', '2016-04-29 16:05:43');
INSERT INTO `region` VALUES ('652828', '和硕县', '0', '0', '652800', '2016-04-29 16:05:43', '2016-04-29 16:05:43');
INSERT INTO `region` VALUES ('652829', '博湖县', '0', '0', '652800', '2016-04-29 16:05:43', '2016-04-29 16:05:43');
INSERT INTO `region` VALUES ('652901', '阿克苏市', '0', '0', '652900', '2016-04-29 16:05:43', '2016-04-29 16:05:43');
INSERT INTO `region` VALUES ('652922', '温宿县', '0', '0', '652900', '2016-04-29 16:05:43', '2016-04-29 16:05:43');
INSERT INTO `region` VALUES ('652923', '库车县', '0', '0', '652900', '2016-04-29 16:05:43', '2016-04-29 16:05:43');
INSERT INTO `region` VALUES ('652924', '沙雅县', '0', '0', '652900', '2016-04-29 16:05:43', '2016-04-29 16:05:43');
INSERT INTO `region` VALUES ('652925', '新和县', '0', '0', '652900', '2016-04-29 16:05:43', '2016-04-29 16:05:43');
INSERT INTO `region` VALUES ('652926', '拜城县', '0', '0', '652900', '2016-04-29 16:05:43', '2016-04-29 16:05:43');
INSERT INTO `region` VALUES ('652927', '乌什县', '0', '0', '652900', '2016-04-29 16:05:43', '2016-04-29 16:05:43');
INSERT INTO `region` VALUES ('652928', '阿瓦提县', '0', '0', '652900', '2016-04-29 16:05:43', '2016-04-29 16:05:43');
INSERT INTO `region` VALUES ('652929', '柯坪县', '0', '0', '652900', '2016-04-29 16:05:43', '2016-04-29 16:05:43');
INSERT INTO `region` VALUES ('653001', '阿图什市', '0', '0', '653000', '2016-04-29 16:05:43', '2016-04-29 16:05:43');
INSERT INTO `region` VALUES ('653022', '阿克陶县', '0', '0', '653000', '2016-04-29 16:05:43', '2016-04-29 16:05:43');
INSERT INTO `region` VALUES ('653023', '阿合奇县', '0', '0', '653000', '2016-04-29 16:05:43', '2016-04-29 16:05:43');
INSERT INTO `region` VALUES ('653024', '乌恰县', '0', '0', '653000', '2016-04-29 16:05:43', '2016-04-29 16:05:43');
INSERT INTO `region` VALUES ('653101', '喀什市', '0', '0', '653100', '2016-04-29 16:05:43', '2016-04-29 16:05:43');
INSERT INTO `region` VALUES ('653121', '疏附县', '0', '0', '653100', '2016-04-29 16:05:43', '2016-04-29 16:05:43');
INSERT INTO `region` VALUES ('653122', '疏勒县', '0', '0', '653100', '2016-04-29 16:05:43', '2016-04-29 16:05:43');
INSERT INTO `region` VALUES ('653123', '英吉沙县', '0', '0', '653100', '2016-04-29 16:05:43', '2016-04-29 16:05:43');
INSERT INTO `region` VALUES ('653124', '泽普县', '0', '0', '653100', '2016-04-29 16:05:43', '2016-04-29 16:05:43');
INSERT INTO `region` VALUES ('653125', '莎车县', '0', '0', '653100', '2016-04-29 16:05:43', '2016-04-29 16:05:43');
INSERT INTO `region` VALUES ('653126', '叶城县', '0', '0', '653100', '2016-04-29 16:05:43', '2016-04-29 16:05:43');
INSERT INTO `region` VALUES ('653127', '麦盖提县', '0', '0', '653100', '2016-04-29 16:05:43', '2016-04-29 16:05:43');
INSERT INTO `region` VALUES ('653128', '岳普湖县', '0', '0', '653100', '2016-04-29 16:05:43', '2016-04-29 16:05:43');
INSERT INTO `region` VALUES ('653129', '伽师县', '0', '0', '653100', '2016-04-29 16:05:43', '2016-04-29 16:05:43');
INSERT INTO `region` VALUES ('653130', '巴楚县', '0', '0', '653100', '2016-04-29 16:05:43', '2016-04-29 16:05:43');
INSERT INTO `region` VALUES ('653131', '塔什库尔干塔吉克自治县', '0', '0', '653100', '2016-04-29 16:05:43', '2016-04-29 16:05:43');
INSERT INTO `region` VALUES ('653201', '和田市', '0', '0', '653200', '2016-04-29 16:05:43', '2016-04-29 16:05:43');
INSERT INTO `region` VALUES ('653221', '和田县', '0', '0', '653200', '2016-04-29 16:05:43', '2016-04-29 16:05:43');
INSERT INTO `region` VALUES ('653222', '墨玉县', '0', '0', '653200', '2016-04-29 16:05:43', '2016-04-29 16:05:43');
INSERT INTO `region` VALUES ('653223', '皮山县', '0', '0', '653200', '2016-04-29 16:05:43', '2016-04-29 16:05:43');
INSERT INTO `region` VALUES ('653224', '洛浦县', '0', '0', '653200', '2016-04-29 16:05:43', '2016-04-29 16:05:43');
INSERT INTO `region` VALUES ('653225', '策勒县', '0', '0', '653200', '2016-04-29 16:05:43', '2016-04-29 16:05:43');
INSERT INTO `region` VALUES ('653226', '于田县', '0', '0', '653200', '2016-04-29 16:05:43', '2016-04-29 16:05:43');
INSERT INTO `region` VALUES ('653227', '民丰县', '0', '0', '653200', '2016-04-29 16:05:43', '2016-04-29 16:05:43');
INSERT INTO `region` VALUES ('654002', '伊宁市', '0', '0', '654000', '2016-04-29 16:05:43', '2016-04-29 16:05:43');
INSERT INTO `region` VALUES ('654003', '奎屯市', '0', '0', '654000', '2016-04-29 16:05:43', '2016-04-29 16:05:43');
INSERT INTO `region` VALUES ('654021', '伊宁县', '0', '0', '654000', '2016-04-29 16:05:43', '2016-04-29 16:05:43');
INSERT INTO `region` VALUES ('654022', '察布查尔锡伯自治县', '0', '0', '654000', '2016-04-29 16:05:43', '2016-04-29 16:05:43');
INSERT INTO `region` VALUES ('654023', '霍城县', '0', '0', '654000', '2016-04-29 16:05:43', '2016-04-29 16:05:43');
INSERT INTO `region` VALUES ('654024', '巩留县', '0', '0', '654000', '2016-04-29 16:05:43', '2016-04-29 16:05:43');
INSERT INTO `region` VALUES ('654025', '新源县', '0', '0', '654000', '2016-04-29 16:05:43', '2016-04-29 16:05:43');
INSERT INTO `region` VALUES ('654026', '昭苏县', '0', '0', '654000', '2016-04-29 16:05:43', '2016-04-29 16:05:43');
INSERT INTO `region` VALUES ('654027', '特克斯县', '0', '0', '654000', '2016-04-29 16:05:43', '2016-04-29 16:05:43');
INSERT INTO `region` VALUES ('654028', '尼勒克县', '0', '0', '654000', '2016-04-29 16:05:43', '2016-04-29 16:05:43');
INSERT INTO `region` VALUES ('654201', '塔城市', '0', '0', '654200', '2016-04-29 16:05:43', '2016-04-29 16:05:43');
INSERT INTO `region` VALUES ('654202', '乌苏市', '0', '0', '654200', '2016-04-29 16:05:43', '2016-04-29 16:05:43');
INSERT INTO `region` VALUES ('654221', '额敏县', '0', '0', '654200', '2016-04-29 16:05:43', '2016-04-29 16:05:43');
INSERT INTO `region` VALUES ('654223', '沙湾县', '0', '0', '654200', '2016-04-29 16:05:43', '2016-04-29 16:05:43');
INSERT INTO `region` VALUES ('654224', '托里县', '0', '0', '654200', '2016-04-29 16:05:43', '2016-04-29 16:05:43');
INSERT INTO `region` VALUES ('654225', '裕民县', '0', '0', '654200', '2016-04-29 16:05:43', '2016-04-29 16:05:43');
INSERT INTO `region` VALUES ('654226', '和布克赛尔蒙古自治县', '0', '0', '654200', '2016-04-29 16:05:43', '2016-04-29 16:05:43');
INSERT INTO `region` VALUES ('654301', '阿勒泰市', '0', '0', '654300', '2016-04-29 16:05:43', '2016-04-29 16:05:43');
INSERT INTO `region` VALUES ('654321', '布尔津县', '0', '0', '654300', '2016-04-29 16:05:43', '2016-04-29 16:05:43');
INSERT INTO `region` VALUES ('654322', '富蕴县', '0', '0', '654300', '2016-04-29 16:05:43', '2016-04-29 16:05:43');
INSERT INTO `region` VALUES ('654323', '福海县', '0', '0', '654300', '2016-04-29 16:05:43', '2016-04-29 16:05:43');
INSERT INTO `region` VALUES ('654324', '哈巴河县', '0', '0', '654300', '2016-04-29 16:05:43', '2016-04-29 16:05:43');
INSERT INTO `region` VALUES ('654325', '青河县', '0', '0', '654300', '2016-04-29 16:05:43', '2016-04-29 16:05:43');
INSERT INTO `region` VALUES ('654326', '吉木乃县', '0', '0', '654300', '2016-04-29 16:05:43', '2016-04-29 16:05:43');
INSERT INTO `region` VALUES ('659001', '石河子市', '0', '0', '659000', '2016-04-29 16:05:43', '2016-04-29 16:05:43');
INSERT INTO `region` VALUES ('659002', '阿拉尔市', '0', '0', '659000', '2016-04-29 16:05:43', '2016-04-29 16:05:43');
INSERT INTO `region` VALUES ('659003', '图木舒克市', '0', '0', '659000', '2016-04-29 16:05:43', '2016-04-29 16:05:43');
INSERT INTO `region` VALUES ('659004', '五家渠市', '0', '0', '659000', '2016-04-29 16:05:43', '2016-04-29 16:05:43');

-- ----------------------------
-- Table structure for role
-- ----------------------------
DROP TABLE IF EXISTS `role`;
CREATE TABLE `role` (
  `id` char(36) CHARACTER SET utf8 COLLATE utf8_bin NOT NULL DEFAULT '',
  `name` varchar(255) NOT NULL,
  `desc` varchar(255) DEFAULT NULL,
  `create_time` datetime NOT NULL,
  `update_time` datetime NOT NULL,
  `delete_time` datetime DEFAULT NULL,
  PRIMARY KEY (`id`),
  UNIQUE KEY `name` (`name`),
  UNIQUE KEY `role_name_unique` (`name`)
) ENGINE=InnoDB DEFAULT CHARSET=utf8 ROW_FORMAT=COMPACT COMMENT='角色表';

-- ----------------------------
-- Records of role
-- ----------------------------
INSERT INTO `role` VALUES ('4cbe44b0-ce67-11e6-b909-0bed2c8dae22', '测试', '赵晗测试', '2016-12-30 16:09:34', '2016-12-30 16:09:34', '2016-12-30 16:10:40');
INSERT INTO `role` VALUES ('ADMINISTRATOR', '超级管理员', '超级管理员', '2016-12-12 13:50:32', '2016-12-12 13:50:32', null);
INSERT INTO `role` VALUES ('PLATFORM_ADMINISTRATOR', '平台管理员', '运营平台管理员', '2016-12-12 13:50:32', '2016-12-12 13:50:32', null);
INSERT INTO `role` VALUES ('PLATFORM_DISPATCHER', '平台调度', '运营平台调度', '2016-12-12 13:50:32', '2016-12-12 13:50:32', null);
INSERT INTO `role` VALUES ('TRANSPORT_ADMINISTRATOR', '承运方管理员', '承运方物流公司管理员', '2016-12-12 13:50:32', '2016-12-12 13:50:32', null);
INSERT INTO `role` VALUES ('TRANSPORT_DISPATCHER', '承运方调度', '承运方物流公司调度人员', '2016-12-12 13:50:32', '2016-12-12 13:50:32', null);
INSERT INTO `role` VALUES ('TRANSPORT_DRIVER', '司机', '承运方司机', '2016-12-12 13:50:32', '2016-12-12 13:50:32', null);
INSERT INTO `role` VALUES ('TRANSPORT_FINANCE', '承运方财务', '承运方物流公司财务人员', '2016-12-26 11:05:50', '2016-12-26 11:05:50', null);
INSERT INTO `role` VALUES ('TRANSPORT_VEHICLE_OWNER', '车主', '承运方车主', '2016-12-12 13:50:32', '2016-12-12 13:50:32', null);

-- ----------------------------
-- Table structure for role_assign
-- ----------------------------
DROP TABLE IF EXISTS `role_assign`;
CREATE TABLE `role_assign` (
  `role_id` char(36) CHARACTER SET utf8 COLLATE utf8_bin NOT NULL DEFAULT '',
  `assign_role_id` char(36) CHARACTER SET utf8 COLLATE utf8_bin NOT NULL DEFAULT '',
  PRIMARY KEY (`role_id`,`assign_role_id`),
  KEY `assign_role_id` (`assign_role_id`),
  CONSTRAINT `role_assign_ibfk_1` FOREIGN KEY (`role_id`) REFERENCES `role` (`id`) ON DELETE NO ACTION ON UPDATE CASCADE,
  CONSTRAINT `role_assign_ibfk_2` FOREIGN KEY (`assign_role_id`) REFERENCES `role` (`id`) ON DELETE NO ACTION ON UPDATE CASCADE
) ENGINE=InnoDB DEFAULT CHARSET=utf8 ROW_FORMAT=COMPACT;

-- ----------------------------
-- Records of role_assign
-- ----------------------------
INSERT INTO `role_assign` VALUES ('ADMINISTRATOR', 'ADMINISTRATOR');
INSERT INTO `role_assign` VALUES ('ADMINISTRATOR', 'PLATFORM_ADMINISTRATOR');
INSERT INTO `role_assign` VALUES ('PLATFORM_ADMINISTRATOR', 'PLATFORM_ADMINISTRATOR');
INSERT INTO `role_assign` VALUES ('PLATFORM_ADMINISTRATOR', 'PLATFORM_DISPATCHER');
INSERT INTO `role_assign` VALUES ('ADMINISTRATOR', 'TRANSPORT_ADMINISTRATOR');
INSERT INTO `role_assign` VALUES ('TRANSPORT_ADMINISTRATOR', 'TRANSPORT_ADMINISTRATOR');
INSERT INTO `role_assign` VALUES ('TRANSPORT_ADMINISTRATOR', 'TRANSPORT_DISPATCHER');
INSERT INTO `role_assign` VALUES ('ADMINISTRATOR', 'TRANSPORT_DRIVER');
INSERT INTO `role_assign` VALUES ('TRANSPORT_ADMINISTRATOR', 'TRANSPORT_FINANCE');
INSERT INTO `role_assign` VALUES ('ADMINISTRATOR', 'TRANSPORT_VEHICLE_OWNER');

-- ----------------------------
-- Table structure for role_module
-- ----------------------------
DROP TABLE IF EXISTS `role_module`;
CREATE TABLE `role_module` (
  `id` char(36) CHARACTER SET utf8 COLLATE utf8_bin NOT NULL DEFAULT '',
  `module_id` char(36) CHARACTER SET utf8 COLLATE utf8_bin DEFAULT NULL,
  `role_id` char(36) CHARACTER SET utf8 COLLATE utf8_bin DEFAULT NULL,
  PRIMARY KEY (`id`),
  UNIQUE KEY `role_module_roleId_moduleId_unique` (`module_id`,`role_id`),
  KEY `role_id` (`role_id`),
  CONSTRAINT `role_module_ibfk_1` FOREIGN KEY (`module_id`) REFERENCES `module` (`id`) ON DELETE CASCADE ON UPDATE CASCADE,
  CONSTRAINT `role_module_ibfk_2` FOREIGN KEY (`role_id`) REFERENCES `role` (`id`) ON DELETE CASCADE ON UPDATE CASCADE
) ENGINE=InnoDB DEFAULT CHARSET=utf8 ROW_FORMAT=COMPACT;

-- ----------------------------
-- Records of role_module
-- ----------------------------
INSERT INTO `role_module` VALUES ('4cbff260-ce67-11e6-b909-0bed2c8dae22', '1', '4cbe44b0-ce67-11e6-b909-0bed2c8dae22');
INSERT INTO `role_module` VALUES ('256eb2a0-cb51-11e6-866e-0daf31bc5540', '1', 'ADMINISTRATOR');
INSERT INTO `role_module` VALUES ('9eea24b0-c67f-11e6-92fe-010a818bd7f6', '1', 'TRANSPORT_ADMINISTRATOR');
INSERT INTO `role_module` VALUES ('256ed9b0-cb51-11e6-866e-0daf31bc5540', '13b223d0-cb51-11e6-866e-0daf31bc5540', 'ADMINISTRATOR');
INSERT INTO `role_module` VALUES ('256ed9b1-cb51-11e6-866e-0daf31bc5540', '2', 'ADMINISTRATOR');
INSERT INTO `role_module` VALUES ('4cbff261-ce67-11e6-b909-0bed2c8dae22', '2edd4db0-c02f-11e6-b819-7da747d6df0f', '4cbe44b0-ce67-11e6-b909-0bed2c8dae22');
INSERT INTO `role_module` VALUES ('256ed9b2-cb51-11e6-866e-0daf31bc5540', '2edd4db0-c02f-11e6-b819-7da747d6df0f', 'ADMINISTRATOR');
INSERT INTO `role_module` VALUES ('9eea24b1-c67f-11e6-92fe-010a818bd7f6', '2edd4db0-c02f-11e6-b819-7da747d6df0f', 'TRANSPORT_ADMINISTRATOR');
INSERT INTO `role_module` VALUES ('cb51c9e0-c67f-11e6-92fe-010a818bd7f6', '2edd4db0-c02f-11e6-b819-7da747d6df0f', 'TRANSPORT_DISPATCHER');
INSERT INTO `role_module` VALUES ('ab1236b0-cc01-11e6-bf70-3df5f582a89d', '2edd4db0-c02f-11e6-b819-7da747d6df0f', 'TRANSPORT_DRIVER');
INSERT INTO `role_module` VALUES ('549f49e0-c02f-11e6-b819-7da747d6df0f', '2edd4db0-c02f-11e6-b819-7da747d6df0f', 'TRANSPORT_VEHICLE_OWNER');
INSERT INTO `role_module` VALUES ('256ed9b3-cb51-11e6-866e-0daf31bc5540', '3', 'ADMINISTRATOR');
INSERT INTO `role_module` VALUES ('4cbff262-ce67-11e6-b909-0bed2c8dae22', '328fb090-c680-11e6-bde2-310823582f99', '4cbe44b0-ce67-11e6-b909-0bed2c8dae22');
INSERT INTO `role_module` VALUES ('256ed9b4-cb51-11e6-866e-0daf31bc5540', '328fb090-c680-11e6-bde2-310823582f99', 'ADMINISTRATOR');
INSERT INTO `role_module` VALUES ('bba00960-cb18-11e6-8737-a94b61a27c81', '328fb090-c680-11e6-bde2-310823582f99', 'TRANSPORT_FINANCE');
INSERT INTO `role_module` VALUES ('256ed9b5-cb51-11e6-866e-0daf31bc5540', '4', 'ADMINISTRATOR');
INSERT INTO `role_module` VALUES ('4cbff263-ce67-11e6-b909-0bed2c8dae22', '4d4ac990-c0fb-11e6-920f-11125a4240d9', '4cbe44b0-ce67-11e6-b909-0bed2c8dae22');
INSERT INTO `role_module` VALUES ('256ed9b6-cb51-11e6-866e-0daf31bc5540', '4d4ac990-c0fb-11e6-920f-11125a4240d9', 'ADMINISTRATOR');
INSERT INTO `role_module` VALUES ('cb51f0f0-c67f-11e6-92fe-010a818bd7f6', '4d4ac990-c0fb-11e6-920f-11125a4240d9', 'TRANSPORT_DISPATCHER');
INSERT INTO `role_module` VALUES ('256ed9b7-cb51-11e6-866e-0daf31bc5540', '5', 'ADMINISTRATOR');
INSERT INTO `role_module` VALUES ('256ed9b8-cb51-11e6-866e-0daf31bc5540', '6', 'ADMINISTRATOR');
INSERT INTO `role_module` VALUES ('256ed9b9-cb51-11e6-866e-0daf31bc5540', '68920380-c038-11e6-8661-79cc8f85230d', 'ADMINISTRATOR');
INSERT INTO `role_module` VALUES ('9eea24b2-c67f-11e6-92fe-010a818bd7f6', '68920380-c038-11e6-8661-79cc8f85230d', 'TRANSPORT_ADMINISTRATOR');
INSERT INTO `role_module` VALUES ('cb51f0f1-c67f-11e6-92fe-010a818bd7f6', '68920380-c038-11e6-8661-79cc8f85230d', 'TRANSPORT_DISPATCHER');
INSERT INTO `role_module` VALUES ('256ed9ba-cb51-11e6-866e-0daf31bc5540', '7', 'ADMINISTRATOR');
INSERT INTO `role_module` VALUES ('4cbff264-ce67-11e6-b909-0bed2c8dae22', 'cf5f2d50-c104-11e6-b9a0-cbfc5c2a91b0', '4cbe44b0-ce67-11e6-b909-0bed2c8dae22');
INSERT INTO `role_module` VALUES ('256ed9bb-cb51-11e6-866e-0daf31bc5540', 'cf5f2d50-c104-11e6-b9a0-cbfc5c2a91b0', 'ADMINISTRATOR');
INSERT INTO `role_module` VALUES ('cb51f0f2-c67f-11e6-92fe-010a818bd7f6', 'cf5f2d50-c104-11e6-b9a0-cbfc5c2a91b0', 'TRANSPORT_DISPATCHER');
INSERT INTO `role_module` VALUES ('4cbff265-ce67-11e6-b909-0bed2c8dae22', 'd30cb570-c8da-11e6-847f-e56cec4d6932', '4cbe44b0-ce67-11e6-b909-0bed2c8dae22');
INSERT INTO `role_module` VALUES ('256ed9bc-cb51-11e6-866e-0daf31bc5540', 'd30cb570-c8da-11e6-847f-e56cec4d6932', 'ADMINISTRATOR');
INSERT INTO `role_module` VALUES ('bba00961-cb18-11e6-8737-a94b61a27c81', 'd30cb570-c8da-11e6-847f-e56cec4d6932', 'TRANSPORT_FINANCE');
INSERT INTO `role_module` VALUES ('256f00c0-cb51-11e6-866e-0daf31bc5540', 'e8c6aff0-c02f-11e6-b819-7da747d6df0f', 'ADMINISTRATOR');
INSERT INTO `role_module` VALUES ('9eea24b3-c67f-11e6-92fe-010a818bd7f6', 'e8c6aff0-c02f-11e6-b819-7da747d6df0f', 'TRANSPORT_ADMINISTRATOR');

-- ----------------------------
-- Table structure for seat_group
-- ----------------------------
DROP TABLE IF EXISTS `seat_group`;
CREATE TABLE `seat_group` (
  `id` char(36) CHARACTER SET utf8 COLLATE utf8_bin NOT NULL DEFAULT '',
  `name` varchar(255) NOT NULL,
  `desc` varchar(255) DEFAULT NULL,
  `seq` int(11) NOT NULL DEFAULT '0',
  `organization_id` char(36) CHARACTER SET utf8 COLLATE utf8_bin NOT NULL,
  `create_time` datetime NOT NULL,
  `update_time` datetime NOT NULL,
  `delete_time` datetime DEFAULT NULL,
  PRIMARY KEY (`id`),
  KEY `organization_id` (`organization_id`),
  CONSTRAINT `seat_group_ibfk_1` FOREIGN KEY (`organization_id`) REFERENCES `organization` (`id`) ON DELETE NO ACTION ON UPDATE CASCADE
) ENGINE=InnoDB DEFAULT CHARSET=utf8 ROW_FORMAT=COMPACT COMMENT='坐席组表';

-- ----------------------------
-- Records of seat_group
-- ----------------------------
INSERT INTO `seat_group` VALUES ('06573780-cd6c-11e6-a374-6da3754fe6cf', '天津坐席组1', '坐席1', '1', '43b94970-cd6b-11e6-a374-6da3754fe6cf', '2016-12-29 10:10:52', '2016-12-29 10:10:52', null);
INSERT INTO `seat_group` VALUES ('07fc3f80-cd6d-11e6-a374-6da3754fe6cf', '天津坐席组2', '天津', '1', '43b94970-cd6b-11e6-a374-6da3754fe6cf', '2016-12-29 10:18:05', '2016-12-30 14:34:45', null);
INSERT INTO `seat_group` VALUES ('1', '西方调度', '天天物流北方调度', '1', '1', '2016-12-12 16:21:11', '2017-01-03 18:25:37', null);
INSERT INTO `seat_group` VALUES ('3a8a4290-c8ee-11e6-a715-19c88109dc4e', '北方调度', '天天物流西方调度', '2', '1', '2016-12-23 17:00:19', '2016-12-28 16:13:54', null);
INSERT INTO `seat_group` VALUES ('59d28e20-c8f6-11e6-a4a2-672550b8605a', 'zz', 'zuoxi', '5', '1', '2016-12-23 17:58:27', '2016-12-23 17:58:27', '2016-12-23 17:58:31');
INSERT INTO `seat_group` VALUES ('5f756140-ccd4-11e6-aa45-59ef6cfe454d', '冷藏坐席组', '1', '1', '52b7ecd0-ccd3-11e6-aa45-59ef6cfe454d', '2016-12-28 16:05:18', '2016-12-28 16:05:18', null);
INSERT INTO `seat_group` VALUES ('65fc6000-c8f5-11e6-a4a2-672550b8605a', '中方调度', '00', '5', '1', '2016-12-23 17:51:38', '2016-12-23 17:51:38', '2016-12-23 17:51:45');
INSERT INTO `seat_group` VALUES ('72172fe0-c806-11e6-8708-bf31b68150a8', '东方调度', '天天物流东方调度', '3', '1', '2016-12-22 13:21:09', '2017-01-03 18:25:50', null);
INSERT INTO `seat_group` VALUES ('bbba4bb0-c8f5-11e6-a4a2-672550b8605a', '中方调度', '00', '5', '1', '2016-12-23 17:54:02', '2016-12-23 17:54:02', '2016-12-23 17:54:28');
INSERT INTO `seat_group` VALUES ('d4a2ca80-c8f5-11e6-a4a2-672550b8605a', '中方调度', '000', '5', '1', '2016-12-23 17:54:44', '2016-12-23 17:54:44', '2016-12-23 17:54:52');
INSERT INTO `seat_group` VALUES ('de0bf410-c054-11e6-9d02-01a600aadebb', '南方调度', '天天物流南方调度', '3', '1', '2016-12-12 18:22:21', '2016-12-23 17:01:31', '2016-12-29 14:50:08');

-- ----------------------------
-- Table structure for task
-- ----------------------------
DROP TABLE IF EXISTS `task`;
CREATE TABLE `task` (
  `id` char(36) CHARACTER SET utf8 COLLATE utf8_bin NOT NULL DEFAULT '',
  `code` varchar(30) NOT NULL,
  `source_type` varchar(30) NOT NULL,
  `owner_organization_id` char(36) CHARACTER SET utf8 COLLATE utf8_bin DEFAULT NULL,
  `owner_user_id` char(36) CHARACTER SET utf8 COLLATE utf8_bin DEFAULT NULL,
  `customer_id` char(36) CHARACTER SET utf8 COLLATE utf8_bin DEFAULT NULL,
  `linkman` varchar(255) DEFAULT NULL,
  `phone` varchar(255) DEFAULT NULL,
  `name` varchar(255) DEFAULT NULL,
  `loaded` float DEFAULT NULL,
  `worth` float DEFAULT NULL,
  `pricing` decimal(11,2) DEFAULT '0.00',
  `package` varchar(30) DEFAULT NULL,
  `temp_ctrl_type` varchar(30) DEFAULT NULL,
  `loading_city_id` int(11) NOT NULL,
  `unloading_city_id` int(11) NOT NULL,
  `lowest_temp` float DEFAULT NULL,
  `highest_temp` float DEFAULT NULL,
  `status` varchar(30) DEFAULT NULL,
  `organization_id` char(36) CHARACTER SET utf8 COLLATE utf8_bin DEFAULT NULL,
  `seat_group_id` char(36) CHARACTER SET utf8 COLLATE utf8_bin DEFAULT NULL,
  `creator_id` char(36) CHARACTER SET utf8 COLLATE utf8_bin DEFAULT NULL,
  `remark` varchar(255) DEFAULT NULL,
  `create_time` datetime NOT NULL,
  `update_time` datetime NOT NULL,
  `delete_time` datetime DEFAULT NULL,
  `amount` float DEFAULT NULL,
  `amount_unit` varchar(30) DEFAULT NULL,
  `worth_unit` varchar(30) DEFAULT NULL,
  PRIMARY KEY (`id`),
  KEY `owner_organization_id` (`owner_organization_id`),
  KEY `owner_user_id` (`owner_user_id`),
  KEY `customer_id` (`customer_id`),
  KEY `organization_id` (`organization_id`),
  KEY `seat_group_id` (`seat_group_id`),
  KEY `creator_id` (`creator_id`),
  CONSTRAINT `task_ibfk_1` FOREIGN KEY (`owner_organization_id`) REFERENCES `organization` (`id`) ON DELETE NO ACTION ON UPDATE CASCADE,
  CONSTRAINT `task_ibfk_2` FOREIGN KEY (`owner_user_id`) REFERENCES `user` (`id`) ON DELETE NO ACTION ON UPDATE CASCADE,
  CONSTRAINT `task_ibfk_3` FOREIGN KEY (`customer_id`) REFERENCES `customer` (`id`) ON DELETE NO ACTION ON UPDATE CASCADE,
  CONSTRAINT `task_ibfk_4` FOREIGN KEY (`organization_id`) REFERENCES `organization` (`id`) ON DELETE NO ACTION ON UPDATE CASCADE,
  CONSTRAINT `task_ibfk_5` FOREIGN KEY (`seat_group_id`) REFERENCES `seat_group` (`id`) ON DELETE NO ACTION ON UPDATE CASCADE,
  CONSTRAINT `task_ibfk_6` FOREIGN KEY (`creator_id`) REFERENCES `user` (`id`) ON DELETE NO ACTION ON UPDATE CASCADE
) ENGINE=InnoDB DEFAULT CHARSET=utf8 ROW_FORMAT=COMPACT;

-- ----------------------------
-- Records of task
-- ----------------------------
INSERT INTO `task` VALUES ('0ec7f6e0-d17a-11e6-ac5b-9dc6f1f7188f', '170103000083', 'TRANSPORT_DISPATCHER', null, null, '6db53510-cd87-11e6-b699-f7176c686828', '赵鹏程', '13141427077', '冷藏蒜肠', '10', '90000', '6000.00', 'BAG', 'REFRIGERATION', '110100', '440400', '-18', '6', 'NO_OFFER', '1', null, '16eb09f0-c0d8-11e6-8ebd-1b0f078634cf', null, '2017-01-03 14:01:24', '2017-01-03 14:02:41', null, '10', '1', 'Y');
INSERT INTO `task` VALUES ('1', 'TA20161212001', 'TRANSPORT_DISPATCHER', null, null, '3d1bb100-c82c-11e6-8708-bf31b68150a8', '张经理', '13141427077', '苹果', null, '10000', '800.00', 'BOX', 'REFRIGERATION', '110100', '120100', '-11', '8', 'NO_OFFER', '1', '72172fe0-c806-11e6-8708-bf31b68150a8', '16eb09f0-c0d8-11e6-8ebd-1b0f078634cf', null, '2016-12-12 16:21:46', '2016-12-28 11:02:52', '2016-12-28 14:52:55', '5', '2', 'WY');
INSERT INTO `task` VALUES ('10113370-ce7f-11e6-af85-3d3066d5f848', '161230000073', 'TRANSPORT_DISPATCHER', null, null, 'f75813f0-ce7c-11e6-af85-3d3066d5f848', '赵晗', '13141427077', '测试装货量', '10', '90000', '5000.00', 'UNKNOWN', 'REFRIGERATION', '110100', '360200', '-18', '6', 'NO_OFFER', '1', '72172fe0-c806-11e6-8708-bf31b68150a8', '16eb09f0-c0d8-11e6-8ebd-1b0f078634cf', null, '2016-12-30 18:59:40', '2017-01-03 16:12:44', null, '10', '1', 'Y');
INSERT INTO `task` VALUES ('1186b3b0-ce43-11e6-9b15-ad271eab55b7', '161230000057', 'TRANSPORT_DISPATCHER', null, null, '3d1bb100-c82c-11e6-8708-bf31b68150a8', '张经理', '13141427077', '冷冻鸽子肉', '0', '90000', '5000.00', 'BULK', 'FREEZE', '110100', '120100', '-18', '6', 'NO_OFFER', '1', '72172fe0-c806-11e6-8708-bf31b68150a8', '16eb09f0-c0d8-11e6-8ebd-1b0f078634cf', null, '2016-12-30 11:50:13', '2017-01-03 15:41:19', null, '10', '1', 'Y');
INSERT INTO `task` VALUES ('160c8360-d2f8-11e6-86d0-493ed5c22730', '170105000094', 'TRANSPORT_DISPATCHER', null, null, 'ad895990-ce64-11e6-b909-0bed2c8dae22', '赵经理', '13141427033', '冷藏火龙果', '0', '880000', '8000.00', 'BOX', 'REFRIGERATION', '110100', '320200', '-18', '6', 'NO_OFFER', '1', '72172fe0-c806-11e6-8708-bf31b68150a8', '16eb09f0-c0d8-11e6-8ebd-1b0f078634cf', null, '2017-01-05 11:36:04', '2017-01-05 11:36:04', null, '10', '1', 'Y');
INSERT INTO `task` VALUES ('17e4a8a0-ccbf-11e6-9207-df239d0a7cc2', '161228000018', 'TRANSPORT_DISPATCHER', null, null, 'd087cae0-cca1-11e6-b6af-cdaca8571654', '葛经理', '13141427077', '鲜坚果', '0', '80000', '5000.00', 'BOX', 'REFRIGERATION', '120100', '220300', '-18', '6', 'NO_OFFER', '1', '72172fe0-c806-11e6-8708-bf31b68150a8', '16eb09f0-c0d8-11e6-8ebd-1b0f078634cf', null, '2016-12-28 13:32:59', '2017-01-03 15:55:56', null, '20', '1', 'Y');
INSERT INTO `task` VALUES ('2', '161220000001', 'TRANSPORT_DISPATCHER', null, null, 'f63f1980-c03c-11e6-8f66-9356595e9dbe', '张斌', '13612341234', '鸡腿', '0', '20000', '800.00', 'BOX', 'REFRIGERATION', '140500', '130200', '-16', '-4', 'NO_OFFER', '1', '72172fe0-c806-11e6-8708-bf31b68150a8', '16eb09f0-c0d8-11e6-8ebd-1b0f078634cf', null, '2016-12-22 13:10:15', '2016-12-27 18:24:51', null, '10', '1', 'Y');
INSERT INTO `task` VALUES ('25b2a9b0-d155-11e6-9a36-41dcfaae90db', '170103000079', 'TRANSPORT_DISPATCHER', null, null, 'e313c240-ce4f-11e6-b909-0bed2c8dae22', '陈经理', '13141427077', '冷冻鸡翅根', '8', '80000', '6000.00', 'BOX', 'REFRIGERATION', '110100', '350200', '-18', '6', 'NO_OFFER', '1', '72172fe0-c806-11e6-8708-bf31b68150a8', '16eb09f0-c0d8-11e6-8ebd-1b0f078634cf', null, '2017-01-03 09:37:11', '2017-01-03 09:38:16', null, '10', '1', 'Y');
INSERT INTO `task` VALUES ('3547f3c0-c8e6-11e6-bcb1-b39b3b3e5056', '161223000085', 'TRANSPORT_DISPATCHER', null, null, '3d1bb100-c82c-11e6-8708-bf31b68150a8', '冷链', '13601200268', '和路雪', '0', '80000', '10000.00', 'BOX', 'REFRIGERATION', '110100', '120100', '-18', '-14', 'NO_OFFER', '1', '1', '16eb09f0-c0d8-11e6-8ebd-1b0f078634cf', null, '2016-12-23 16:02:54', '2016-12-23 16:02:54', null, '10', '1', null);
INSERT INTO `task` VALUES ('375ab670-d313-11e6-aa22-15579b3c8250', '170105000095', 'TRANSPORT_DISPATCHER', null, null, '7a9d1950-cce2-11e6-87e5-658fa6569c11', '杨洋', '13141427099', '冷藏水果', '8', '80000', '5000.00', 'BOX', 'REFRIGERATION', '110100', '330700', '-18', '6', 'NO_OFFER', '1', '72172fe0-c806-11e6-8708-bf31b68150a8', '16eb09f0-c0d8-11e6-8ebd-1b0f078634cf', null, '2017-01-05 14:50:16', '2017-01-05 15:12:34', null, '10', '1', 'Y');
INSERT INTO `task` VALUES ('414dce60-ce81-11e6-ae0a-d19e25965f26', '161230000077', 'TRANSPORT_DISPATCHER', null, null, 'e313c240-ce4f-11e6-b909-0bed2c8dae22', '陈经理', '13141427077', '冷冻羊腿', '15', '400000', '4000.00', 'BULK', 'REFRIGERATION', '110100', '340200', '-18', '6', 'NO_OFFER', '1', '72172fe0-c806-11e6-8708-bf31b68150a8', '16eb09f0-c0d8-11e6-8ebd-1b0f078634cf', null, '2016-12-30 19:15:22', '2017-01-03 15:29:54', null, '20', '1', 'Y');
INSERT INTO `task` VALUES ('4bef0bd0-ce7d-11e6-af85-3d3066d5f848', '161230000071', 'TRANSPORT_DISPATCHER', null, null, '7a9d1950-cce2-11e6-87e5-658fa6569c11', '杨洋', '13141427099', '测试运单', '10', '80000', '5000.00', 'BOX', 'REFRIGERATION', '110100', '220300', '-18', '6', 'NO_OFFER', '1', '72172fe0-c806-11e6-8708-bf31b68150a8', '16eb09f0-c0d8-11e6-8ebd-1b0f078634cf', null, '2016-12-30 18:47:02', '2016-12-30 18:48:03', null, '10', '1', 'Y');
INSERT INTO `task` VALUES ('4f359400-ce6c-11e6-8af7-4701651947f3', '161230000066', 'TRANSPORT_DISPATCHER', null, null, '7a9d1950-cce2-11e6-87e5-658fa6569c11', '杨洋', '13141427099', '冷冻冰棒', '9', '20', '5000.00', 'BOX', 'REFRIGERATION', '110100', '120100', '-18', '6', 'NO_OFFER', '1', '72172fe0-c806-11e6-8708-bf31b68150a8', '16eb09f0-c0d8-11e6-8ebd-1b0f078634cf', null, '2016-12-30 16:45:26', '2017-01-05 09:47:17', null, '10', '1', 'WY');
INSERT INTO `task` VALUES ('50411700-cdb0-11e6-8fa6-c96f02f33ca0', '161229000051', 'TRANSPORT_DISPATCHER', null, null, 'd087cae0-cca1-11e6-b6af-cdaca8571654', '董经理', '13141427077', '鲜章鱼', '10', '50000', '5000.00', 'BAG', 'REFRIGERATION', '110100', '130200', '-18', '6', 'NO_OFFER', '1', '72172fe0-c806-11e6-8708-bf31b68150a8', '16eb09f0-c0d8-11e6-8ebd-1b0f078634cf', null, '2016-12-29 18:19:42', '2016-12-29 18:21:41', null, '10', '1', 'Y');
INSERT INTO `task` VALUES ('523aa670-cd97-11e6-b88d-ffae508c0205', '161229000042', 'TRANSPORT_DISPATCHER', null, null, '6db53510-cd87-11e6-b699-f7176c686828', '张鹏程', '13141427077', '鹏程火腿肠', '5', '80000', '5000.00', 'BOX', 'REFRIGERATION', '110100', '310100', '-18', '6', 'NO_OFFER', '1', '72172fe0-c806-11e6-8708-bf31b68150a8', '16eb09f0-c0d8-11e6-8ebd-1b0f078634cf', null, '2016-12-29 15:20:48', '2016-12-29 15:25:30', null, '10', '1', 'Y');
INSERT INTO `task` VALUES ('53b20fd0-ccc9-11e6-9207-df239d0a7cc2', '161228000024', 'TRANSPORT_DISPATCHER', null, null, 'd087cae0-cca1-11e6-b6af-cdaca8571654', '董经理', '13141427077', '测试手机', '0', '40000', '5000.00', 'BAG', 'REFRIGERATION', '110100', '220200', '-18', '6', 'NO_OFFER', '1', '72172fe0-c806-11e6-8708-bf31b68150a8', '16eb09f0-c0d8-11e6-8ebd-1b0f078634cf', null, '2016-12-28 14:46:14', '2016-12-28 14:46:14', null, '10', '1', 'Y');
INSERT INTO `task` VALUES ('542832b0-cda4-11e6-96fc-4196ce5c5fc1', '161229000045', 'TRANSPORT_DISPATCHER', null, null, '6db53510-cd87-11e6-b699-f7176c686828', '赵鹏程', '13141427077', '大鸭梨', '10', '90000', '700.00', 'BOX', 'REFRIGERATION', '110100', '420100', '-18', '6', 'NO_OFFER', '1', '72172fe0-c806-11e6-8708-bf31b68150a8', '16eb09f0-c0d8-11e6-8ebd-1b0f078634cf', null, '2016-12-29 16:53:55', '2016-12-29 17:36:05', null, '10', '1', 'Y');
INSERT INTO `task` VALUES ('5bcd9480-c82a-11e6-8708-bf31b68150a8', '161222000083', 'TRANSPORT_DISPATCHER', null, null, '08eb48f0-c813-11e6-8708-bf31b68150a8', '张经理', '13141427077', '鸡腿', '0', '10', '10000.00', 'BOX', 'REFRIGERATION', '110100', '310100', '-18', '-16', 'NO_OFFER', '1', null, '1', null, '2016-12-22 17:38:13', '2016-12-22 17:38:13', null, '10', '1', 'Y');
INSERT INTO `task` VALUES ('5f6d35e0-cc0e-11e6-a43e-13bfb4cd35e6', '161227000003', 'TRANSPORT_DISPATCHER', null, null, '3d1bb100-c82c-11e6-8708-bf31b68150a8', '杨经理', '15531068985', '冻肉', '0', '1000', '500.00', 'BOX', 'REFRIGERATION', '110100', '140100', '0', '6', 'NO_OFFER', '1', '72172fe0-c806-11e6-8708-bf31b68150a8', '16eb09f0-c0d8-11e6-8ebd-1b0f078634cf', null, '2016-12-27 16:27:58', '2016-12-27 16:27:58', null, '10', '1', 'Y');
INSERT INTO `task` VALUES ('63e86fd0-c813-11e6-8708-bf31b68150a8', '161222000080', 'TRANSPORT_DISPATCHER', null, null, '08eb48f0-c813-11e6-8708-bf31b68150a8', '黄经理', '13876369896', '冷冻鸡肉、肉制品', '0', '10', '12000.00', 'BOX', 'FREEZE', '130100', '310100', '-10', '-5', 'NO_OFFER', '1', null, '1', null, '2016-12-22 14:53:48', '2016-12-22 14:53:48', null, '15', '1', 'Y');
INSERT INTO `task` VALUES ('68443df0-c815-11e6-8708-bf31b68150a8', '161222000082', 'TRANSPORT_DISPATCHER', null, null, '08eb48f0-c813-11e6-8708-bf31b68150a8', '赵晗', '13141427077', '冻肉', '0', '50000', '5000.00', 'BOX', 'REFRIGERATION', '110100', '321000', '-18', '-15', 'NO_OFFER', '1', null, '1', null, '2016-12-22 15:08:15', '2016-12-22 15:08:15', null, '10', '1', 'Y');
INSERT INTO `task` VALUES ('6882c2a0-d18e-11e6-90bc-15977fc57c62', '170103000085', 'TRANSPORT_DISPATCHER', null, null, '7a9d1950-cce2-11e6-87e5-658fa6569c11', '杨洋', '13141427099', '八喜雪糕', '5', '10', '5000.00', 'BAG', 'REFRIGERATION', '140300', '130200', '-18', '-5', 'NO_OFFER', '1', null, '16eb09f0-c0d8-11e6-8ebd-1b0f078634cf', '冷藏八喜雪糕', '2017-01-03 16:27:05', '2017-01-05 11:10:30', null, '10', '2', 'WY');
INSERT INTO `task` VALUES ('69160460-cc1c-11e6-9efe-ebf32f39e44a', '161227000007', 'TRANSPORT_DISPATCHER', null, null, '3d1bb100-c82c-11e6-8708-bf31b68150a8', '张经理', '13141427077', '鸡腿', '0', '10', '1000.00', 'BOX', 'REFRIGERATION', '110100', '120100', '-16', '-4', 'NO_OFFER', '1', '72172fe0-c806-11e6-8708-bf31b68150a8', '16eb09f0-c0d8-11e6-8ebd-1b0f078634cf', null, '2016-12-27 18:08:27', '2016-12-27 18:08:27', null, '10', '1', 'Y');
INSERT INTO `task` VALUES ('6c4b0090-c26c-11e6-8c6f-cdf3fcbcefee', '161215000014', 'TRANSPORT_DISPATCHER', null, null, 'cea8c7b0-c0da-11e6-9dfc-9d58ab333af1', '666', '66', '鸡腿', null, '20000', '2000.00', 'BULK', 'REFRIGERATION', '140300', '220100', '-3', '-1', 'NO_OFFER', '1', '1', '16eb09f0-c0d8-11e6-8ebd-1b0f078634cf', null, '2016-12-15 10:16:05', '2016-12-15 10:16:05', '2016-12-15 10:18:58', null, null, 'Y');
INSERT INTO `task` VALUES ('7010ad40-c660-11e6-a835-4b15c4d564b6', '161220000026', 'TRANSPORT_DISPATCHER', null, null, 'bb26b380-c65e-11e6-a535-83d0a951795a', '战汉', '110110110', '鸡腿', null, '2000', '200.00', 'BAG', 'REFRIGERATION', '140300', '140200', '-17', '-6', 'NO_OFFER', '1', '72172fe0-c806-11e6-8708-bf31b68150a8', '16eb09f0-c0d8-11e6-8ebd-1b0f078634cf', null, '2016-12-20 11:00:18', '2016-12-28 14:49:25', '2016-12-28 14:49:44', '5', null, 'Y');
INSERT INTO `task` VALUES ('7851e3f0-ce5a-11e6-b909-0bed2c8dae22', '161230000062', 'TRANSPORT_DISPATCHER', null, null, '6db53510-cd87-11e6-b699-f7176c686828', '宋鹏程', '13141427077', '冷藏蒜泥肠', '10', '100000', '3000.00', 'BAG', 'REFRIGERATION', '110100', '330200', '-18', '6', 'NO_OFFER', '1', '72172fe0-c806-11e6-8708-bf31b68150a8', '16eb09f0-c0d8-11e6-8ebd-1b0f078634cf', null, '2016-12-30 14:37:44', '2017-01-03 15:27:25', null, '10', '3', 'Y');
INSERT INTO `task` VALUES ('7c4510b0-cca5-11e6-b6af-cdaca8571654', '161228000009', 'TRANSPORT_DISPATCHER', null, null, 'd087cae0-cca1-11e6-b6af-cdaca8571654', '董经理', '13141427077', '医药', '0', '40', '40000.00', 'BOX', 'REFRIGERATION', '110100', '230400', '-18', '6', 'NO_OFFER', '1', '72172fe0-c806-11e6-8708-bf31b68150a8', '16eb09f0-c0d8-11e6-8ebd-1b0f078634cf', null, '2016-12-28 10:29:40', '2016-12-28 10:29:40', null, '10', '2', 'Y');
INSERT INTO `task` VALUES ('883da740-cd92-11e6-b699-f7176c686828', '161229000041', 'TRANSPORT_DISPATCHER', null, null, 'd087cae0-cca1-11e6-b6af-cdaca8571654', '董经理', '13141427077', '冷藏鸡肉', '0', '80000', '5000.00', 'BOX', 'REFRIGERATION', '110100', '330200', '-18', '6', 'NO_OFFER', '1', '72172fe0-c806-11e6-8708-bf31b68150a8', '16eb09f0-c0d8-11e6-8ebd-1b0f078634cf', null, '2016-12-29 14:46:31', '2016-12-29 14:46:31', null, '10', '1', 'Y');
INSERT INTO `task` VALUES ('88b3db30-c80c-11e6-8708-bf31b68150a8', '161222000079', 'TRANSPORT_DISPATCHER', null, null, '6a9a7910-c80c-11e6-8708-bf31b68150a8', '13141427077', '13141427077', '鸡腿', '0', '10000', '1000.00', 'BOX', 'REFRIGERATION', '110100', '230200', '-18', '-16', 'NO_OFFER', '1', null, '1', null, '2016-12-22 14:04:44', '2016-12-22 14:04:44', null, '10', '1', 'Y');
INSERT INTO `task` VALUES ('8bdf0ee0-ce6c-11e6-8af7-4701651947f3', '161230000067', 'TRANSPORT_DISPATCHER', null, null, 'e313c240-ce4f-11e6-b909-0bed2c8dae22', '陈经理', '13141427077', '辽宁冷藏牛肉', '0', '50', '10000.00', 'BULK', 'REFRIGERATION', '110100', '320700', '-18', '6', 'NO_OFFER', '1', '72172fe0-c806-11e6-8708-bf31b68150a8', '16eb09f0-c0d8-11e6-8ebd-1b0f078634cf', null, '2016-12-30 16:47:07', '2017-01-03 15:28:01', null, '10', '1', 'WY');
INSERT INTO `task` VALUES ('8d17f680-cc1b-11e6-9ad5-319bab7eff90', '161227000006', 'TRANSPORT_DISPATCHER', null, null, '3d1bb100-c82c-11e6-8708-bf31b68150a8', '杨经理', '13141427077', '猪头肉', '0', '50000', '500.00', 'BOX', 'REFRIGERATION', '120100', '330300', '-18', '6', 'NO_OFFER', '1', '72172fe0-c806-11e6-8708-bf31b68150a8', '16eb09f0-c0d8-11e6-8ebd-1b0f078634cf', null, '2016-12-27 18:04:50', '2016-12-27 18:04:50', null, '10', '1', 'Y');
INSERT INTO `task` VALUES ('8d853c10-ce30-11e6-88b4-39337a9faed9', '161230000053', 'TRANSPORT_DISPATCHER', null, null, '6db53510-cd87-11e6-b699-f7176c686828', '赵鹏程', '13141427077', '熟食猪脆骨', '5', '50000', '500.00', 'BOX', 'REFRIGERATION', '110100', '310100', '-18', '6', 'NO_OFFER', '1', '72172fe0-c806-11e6-8708-bf31b68150a8', '16eb09f0-c0d8-11e6-8ebd-1b0f078634cf', null, '2016-12-30 09:37:40', '2016-12-30 09:39:16', null, '10', '1', 'Y');
INSERT INTO `task` VALUES ('8f630070-c814-11e6-8708-bf31b68150a8', '161222000081', 'TRANSPORT_DISPATCHER', null, null, '08eb48f0-c813-11e6-8708-bf31b68150a8', '黄经理', '13876369896', '赵晗', '0', '50000', '50000.00', 'BOX', 'REFRIGERATION', '130200', '230800', '-18', '-14', 'NO_OFFER', '1', null, '1', null, '2016-12-22 15:02:11', '2016-12-22 15:02:11', null, '10', '1', 'Y');
INSERT INTO `task` VALUES ('984f9130-ccbf-11e6-9207-df239d0a7cc2', '161228000019', 'TRANSPORT_DISPATCHER', null, null, 'd087cae0-cca1-11e6-b6af-cdaca8571654', '张经理', '13141427077', '冷藏鸡胸肉', '0', '80000', '5000.00', 'BOX', 'REFRIGERATION', '110100', '210200', '-18', '6', 'NO_OFFER', '1', '72172fe0-c806-11e6-8708-bf31b68150a8', '16eb09f0-c0d8-11e6-8ebd-1b0f078634cf', null, '2016-12-28 13:36:34', '2016-12-28 13:36:34', null, '10', '1', 'Y');
INSERT INTO `task` VALUES ('9bd656a0-cd72-11e6-a374-6da3754fe6cf', '161229000030', 'TRANSPORT_DISPATCHER', null, null, '3d1bb100-c82c-11e6-8708-bf31b68150a8', '张经理', '13141427077', '速冻饺子', '0', '60000', '5000.00', 'BOX', 'REFRIGERATION', '110100', '210100', '-18', '6', 'NO_OFFER', '43b94970-cd6b-11e6-a374-6da3754fe6cf', '06573780-cd6c-11e6-a374-6da3754fe6cf', 'dc0db760-cd6b-11e6-a374-6da3754fe6cf', '加急', '2016-12-29 10:58:00', '2016-12-29 11:00:08', null, '10', '1', 'Y');
INSERT INTO `task` VALUES ('9cfed230-ce50-11e6-b909-0bed2c8dae22', '161230000060', 'TRANSPORT_DISPATCHER', null, null, '6db53510-cd87-11e6-b699-f7176c686828', '李鹏程', '13141427077', '鹏程里脊', '2', '400000', '4000.00', 'BOX', 'REFRIGERATION', '110100', '220100', '-18', '6', 'NO_OFFER', '52b7ecd0-ccd3-11e6-aa45-59ef6cfe454d', '5f756140-ccd4-11e6-aa45-59ef6cfe454d', 'be8100f0-ccd3-11e6-aa45-59ef6cfe454d', null, '2016-12-30 13:27:10', '2016-12-30 13:32:40', null, '10', '1', 'Y');
INSERT INTO `task` VALUES ('a4047eb0-d2f4-11e6-8175-97921a6ca962', '170105000093', 'TRANSPORT_DISPATCHER', null, null, '521dc5c0-d15f-11e6-9836-e9503d800356', '徐经理', '13601200268', '火腿肠', '0', '5000', '200.00', 'BAG', 'REFRIGERATION', '120100', '210400', '0', '6', 'NO_OFFER', '1', null, '1', null, '2017-01-05 11:11:24', '2017-01-05 11:11:24', null, '5', '1', 'Y');
INSERT INTO `task` VALUES ('a4a854d0-cc1a-11e6-bdc6-2d6d5f63eb2a', '161227000005', 'TRANSPORT_DISPATCHER', null, null, '3d1bb100-c82c-11e6-8708-bf31b68150a8', '陈经理', '13141427077', '冻虾', '0', '80000', '5000.00', 'BOX', 'REFRIGERATION', '110100', '210200', '-18', '7', 'NO_OFFER', '1', '72172fe0-c806-11e6-8708-bf31b68150a8', '16eb09f0-c0d8-11e6-8ebd-1b0f078634cf', null, '2016-12-27 17:55:48', '2016-12-27 17:55:48', null, '10', '1', 'Y');
INSERT INTO `task` VALUES ('a9730050-cd9b-11e6-b88d-ffae508c0205', '161229000044', 'TRANSPORT_DISPATCHER', null, null, 'd087cae0-cca1-11e6-b6af-cdaca8571654', '董经理', '13141427077', '鲜活鱼', '0', '80000', '5000.00', 'BOX', 'REFRIGERATION', '110100', '130200', '-18', '6', 'NO_OFFER', '1', '72172fe0-c806-11e6-8708-bf31b68150a8', '16eb09f0-c0d8-11e6-8ebd-1b0f078634cf', null, '2016-12-29 15:51:52', '2016-12-29 15:51:52', null, '10', '2', 'Y');
INSERT INTO `task` VALUES ('adf41ab0-cce2-11e6-87e5-658fa6569c11', '161228000027', 'TRANSPORT_DISPATCHER', null, null, '7a9d1950-cce2-11e6-87e5-658fa6569c11', '杨洋', '13141427099', '冷藏肘子', '2', '10', '5000.00', 'BOX', 'REFRIGERATION', '110100', '220700', '-18', '6', 'NO_OFFER', '52b7ecd0-ccd3-11e6-aa45-59ef6cfe454d', '5f756140-ccd4-11e6-aa45-59ef6cfe454d', 'be8100f0-ccd3-11e6-aa45-59ef6cfe454d', null, '2016-12-28 17:47:43', '2016-12-29 14:13:00', null, '10', '1', 'WY');
INSERT INTO `task` VALUES ('b89081f0-c753-11e6-8537-5faddf52e8c0', '161221000074', 'TRANSPORT_DISPATCHER', null, null, '543c72b0-c0da-11e6-9136-6f6ee9bf9aa0', '杨先生', '155630986321', '雪糕', '0', '2000', '200.00', 'BOX', 'REFRIGERATION', '140200', '330300', '-5', '-1', 'NO_OFFER', '1', '1', '16eb09f0-c0d8-11e6-8ebd-1b0f078634cf', null, '2016-12-21 16:01:47', '2016-12-21 16:01:47', '2016-12-21 16:15:24', '10', '1', 'Y');
INSERT INTO `task` VALUES ('b9c62b60-cdac-11e6-a778-63d73d329fc9', '161229000048', 'TRANSPORT_DISPATCHER', null, null, '6db53510-cd87-11e6-b699-f7176c686828', '赵鹏程', '13141427077', '鹏程食品', '10', '40000', '5000.00', 'BOX', 'REFRIGERATION', '110100', '341300', '-18', '6', 'NO_OFFER', '1', '72172fe0-c806-11e6-8708-bf31b68150a8', '16eb09f0-c0d8-11e6-8ebd-1b0f078634cf', null, '2016-12-29 17:54:01', '2016-12-29 17:59:48', null, '10', '3', 'Y');
INSERT INTO `task` VALUES ('baa45630-cd87-11e6-b699-f7176c686828', '161229000035', 'TRANSPORT_DISPATCHER', null, null, '6db53510-cd87-11e6-b699-f7176c686828', '赵鹏程', '13141427077', '猪头肉', '0', '80000', '6000.00', 'BOX', 'REFRIGERATION', '110100', '220800', '-18', '7', 'NO_OFFER', '1', '72172fe0-c806-11e6-8708-bf31b68150a8', '16eb09f0-c0d8-11e6-8ebd-1b0f078634cf', null, '2016-12-29 13:29:11', '2016-12-29 13:29:38', null, '10', '1', 'Y');
INSERT INTO `task` VALUES ('be264750-d174-11e6-ac5b-9dc6f1f7188f', '170103000081', 'TRANSPORT_DISPATCHER', null, null, '521dc5c0-d15f-11e6-9836-e9503d800356', '徐经理', '13601200268', '冷冻羊肉片', '10', '80000', '5000.00', 'BULK', 'REFRIGERATION', '110100', '310100', '-18', '6', 'NO_OFFER', '1', '72172fe0-c806-11e6-8708-bf31b68150a8', '16eb09f0-c0d8-11e6-8ebd-1b0f078634cf', null, '2017-01-03 13:23:21', '2017-01-03 15:27:51', null, '10', '1', 'Y');
INSERT INTO `task` VALUES ('be76a1c0-ce75-11e6-aa8a-4fce5cf821b5', '161230000069', 'TRANSPORT_DISPATCHER', null, null, '7a9d1950-cce2-11e6-87e5-658fa6569c11', '杨洋', '13141427099', '测试新司机', '10', '80000', '5000.00', 'BOX', 'REFRIGERATION', '110100', '220300', '-18', '6', 'NO_OFFER', '1', '72172fe0-c806-11e6-8708-bf31b68150a8', '16eb09f0-c0d8-11e6-8ebd-1b0f078634cf', null, '2016-12-30 17:52:58', '2016-12-30 17:54:25', null, '10', '1', 'Y');
INSERT INTO `task` VALUES ('be9061d0-c8c3-11e6-aaeb-33427550603e', '161223000084', 'TRANSPORT_DISPATCHER', null, null, '3d1bb100-c82c-11e6-8708-bf31b68150a8', '赵涵测试', '13141427077', '麦当劳', '0', '50000', '5000.00', 'BOX', 'REFRIGERATION', '110100', '130200', '-18', '-16', 'NO_OFFER', '1', '1', '16eb09f0-c0d8-11e6-8ebd-1b0f078634cf', null, '2016-12-23 11:56:12', '2016-12-23 11:56:12', null, '10', '1', 'Y');
INSERT INTO `task` VALUES ('bf01af30-ccbe-11e6-9207-df239d0a7cc2', '161228000017', 'TRANSPORT_DISPATCHER', null, null, 'd087cae0-cca1-11e6-b6af-cdaca8571654', '陈经理', '13141427077', '水果', '0', '50000', '5000.00', 'UNKNOWN', 'REFRIGERATION', '110100', '210100', '-18', '6', 'NO_OFFER', '1', '72172fe0-c806-11e6-8708-bf31b68150a8', '16eb09f0-c0d8-11e6-8ebd-1b0f078634cf', null, '2016-12-28 13:30:30', '2016-12-28 14:49:11', null, '20', '1', 'Y');
INSERT INTO `task` VALUES ('c9b5b570-cd77-11e6-a374-6da3754fe6cf', '161229000032', 'TRANSPORT_DISPATCHER', null, null, '3d1bb100-c82c-11e6-8708-bf31b68150a8', '张主管', '13141427077', '速冻牛肉', '0', '80000', '5000.00', 'BOX', 'REFRIGERATION', '520300', '530500', '-18', '6', 'NO_OFFER', '43b94970-cd6b-11e6-a374-6da3754fe6cf', '06573780-cd6c-11e6-a374-6da3754fe6cf', 'dc0db760-cd6b-11e6-a374-6da3754fe6cf', null, '2016-12-29 11:35:05', '2016-12-29 11:35:05', null, '10', '1', 'Y');
INSERT INTO `task` VALUES ('cad48db0-ce4d-11e6-9b15-ad271eab55b7', '161230000058', 'TRANSPORT_DISPATCHER', null, null, 'd087cae0-cca1-11e6-b6af-cdaca8571654', '陈经理', '13141427077', '冷藏鸡腿', '10', '70000', '4000.00', 'BOX', 'REFRIGERATION', '110100', '310100', '-18', '6', 'NO_OFFER', '1', '72172fe0-c806-11e6-8708-bf31b68150a8', '16eb09f0-c0d8-11e6-8ebd-1b0f078634cf', null, '2016-12-30 13:06:59', '2016-12-30 13:08:28', null, '10', '1', 'Y');
INSERT INTO `task` VALUES ('d0798e60-ce33-11e6-9b15-ad271eab55b7', '161230000055', 'TRANSPORT_DISPATCHER', null, null, '3d1bb100-c82c-11e6-8708-bf31b68150a8', '张经理', '13141427077', '马赛超', '10', '50000', '5000.00', 'BOX', 'REFRIGERATION', '110100', '330100', '-18', '3', 'NO_OFFER', '1', '72172fe0-c806-11e6-8708-bf31b68150a8', '16eb09f0-c0d8-11e6-8ebd-1b0f078634cf', null, '2016-12-30 10:01:01', '2016-12-30 10:02:06', null, '10', '1', 'Y');
INSERT INTO `task` VALUES ('d0cd41e0-d18f-11e6-bedd-57c5fc4410b7', '170103000086', 'TRANSPORT_DISPATCHER', null, null, '521dc5c0-d15f-11e6-9836-e9503d800356', '徐经理', '13601200268', '可爱多雪糕', '10', '80000', '6000.00', 'BULK', 'REFRIGERATION', '110100', '511100', '-18', '-4', 'NO_OFFER', '1', '72172fe0-c806-11e6-8708-bf31b68150a8', '16eb09f0-c0d8-11e6-8ebd-1b0f078634cf', null, '2017-01-03 16:37:09', '2017-01-03 16:38:26', null, '10', '1', 'Y');
INSERT INTO `task` VALUES ('d21abe90-ccaf-11e6-b65d-4f10098aed2b', '161228000011', 'TRANSPORT_DISPATCHER', null, null, 'd087cae0-cca1-11e6-b6af-cdaca8571654', '董经理', '13141427077', '冷冻羊肉', '0', '20', '13000.00', 'BOX', 'REFRIGERATION', '130600', '230200', '-16', '6', 'NO_OFFER', '1', '72172fe0-c806-11e6-8708-bf31b68150a8', '16eb09f0-c0d8-11e6-8ebd-1b0f078634cf', null, '2016-12-28 11:43:39', '2016-12-28 11:43:39', null, '10', '1', 'Y');
INSERT INTO `task` VALUES ('d3973c20-c28d-11e6-8201-ff852bf440bb', '161215000016', 'TRANSPORT_DISPATCHER', null, null, 'cea8c7b0-c0da-11e6-9dfc-9d58ab333af1', '刘先生', '15531068983', '鸡腿', null, '2000', '200.00', 'BULK', 'REFRIGERATION', '320300', '140400', '-4', '-1', 'NO_OFFER', '1', '1', '16eb09f0-c0d8-11e6-8ebd-1b0f078634cf', null, '2016-12-15 14:15:07', '2016-12-15 14:16:02', '2016-12-28 14:49:57', null, null, 'Y');
INSERT INTO `task` VALUES ('d8aed110-ce80-11e6-ae0a-d19e25965f26', '161230000075', 'TRANSPORT_DISPATCHER', null, null, '3d1bb100-c82c-11e6-8708-bf31b68150a8', '张经理', '13141427077', '冻饺子', '5', '90000', '1000.00', 'BOX', 'REFRIGERATION', '110100', '360100', '-18', '6', 'NO_OFFER', '1', '72172fe0-c806-11e6-8708-bf31b68150a8', '16eb09f0-c0d8-11e6-8ebd-1b0f078634cf', null, '2016-12-30 19:12:26', '2016-12-30 19:13:42', null, '10', '1', 'Y');
INSERT INTO `task` VALUES ('d9046600-c8ec-11e6-a715-19c88109dc4e', '161223000001', 'TRANSPORT_DISPATCHER', null, null, '3d1bb100-c82c-11e6-8708-bf31b68150a8', '云商', '13141427071', '熊棒', '0', '80000', '10000.00', 'BOX', 'REFRIGERATION', '110100', '210200', '-18', '-9', 'NO_OFFER', '1', '72172fe0-c806-11e6-8708-bf31b68150a8', '16eb09f0-c0d8-11e6-8ebd-1b0f078634cf', null, '2016-12-23 16:50:26', '2016-12-23 16:50:26', null, '10', '1', 'Y');
INSERT INTO `task` VALUES ('db0f4060-c75b-11e6-a0fe-9d08bf706172', '161221000076', 'TRANSPORT_DISPATCHER', null, null, 'cea8c7b0-c0da-11e6-9dfc-9d58ab333af1', '刘先生', '15531068965', '雪糕', '0', '2000', '200.00', 'BAG', 'REFRIGERATION', '140400', '320200', '-1', '1', 'NO_OFFER', '1', '1', '16eb09f0-c0d8-11e6-8ebd-1b0f078634cf', null, '2016-12-21 17:00:01', '2016-12-21 17:00:01', null, '10', '1', 'Y');
INSERT INTO `task` VALUES ('e482bef0-cc07-11e6-bf70-3df5f582a89d', '161227000002', 'TRANSPORT_DISPATCHER', null, null, '3d1bb100-c82c-11e6-8708-bf31b68150a8', '赵海', '13141427077', '咖啡', '0', '10000', '5000.00', 'BOX', 'REFRIGERATION', '110100', '120100', '-18', '6', 'NO_OFFER', '1', '72172fe0-c806-11e6-8708-bf31b68150a8', '16eb09f0-c0d8-11e6-8ebd-1b0f078634cf', null, '2016-12-27 15:41:35', '2016-12-27 15:41:35', null, '10', '1', 'Y');
INSERT INTO `task` VALUES ('e6904db0-ccc1-11e6-8612-e38c0cdcf5d2', '161228000021', 'TRANSPORT_DISPATCHER', null, null, '1d4c4ad0-cca8-11e6-b6af-cdaca8571654', '张主管', '13141427077', '冰棍', '0', '2000', '200.00', 'BOX', 'FREEZE', '130300', '310100', '-15', '-4', 'NO_OFFER', '1', '72172fe0-c806-11e6-8708-bf31b68150a8', '16eb09f0-c0d8-11e6-8ebd-1b0f078634cf', null, '2016-12-28 13:53:05', '2016-12-28 13:53:05', null, '25', '1', 'Y');
INSERT INTO `task` VALUES ('ea209410-c755-11e6-8409-61c10a57d439', '161221000075', 'TRANSPORT_DISPATCHER', null, null, 'cea8c7b0-c0da-11e6-9dfc-9d58ab333af1', '刘先生', '15536985321', '雪糕', '0', '2000', '200.00', 'BAG', 'REFRIGERATION', '140300', '130300', '-2', '0', 'NO_OFFER', '1', '1', '16eb09f0-c0d8-11e6-8ebd-1b0f078634cf', null, '2016-12-21 16:17:29', '2016-12-21 16:17:29', '2016-12-21 16:57:51', '10', '1', 'Y');
INSERT INTO `task` VALUES ('f3574830-c273-11e6-8813-0fa3c734afa4', '161215000015', 'TRANSPORT_DISPATCHER', null, null, 'cea8c7b0-c0da-11e6-9dfc-9d58ab333af1', '666', '66', '鸡腿', null, '2000', '200.00', 'UNKNOWN', 'REFRIGERATION', '140400', '130200', '-12', '-6', 'NO_OFFER', '1', '1', '16eb09f0-c0d8-11e6-8ebd-1b0f078634cf', null, '2016-12-15 11:09:54', '2016-12-15 13:58:46', '2016-12-15 14:05:08', null, null, 'Y');
INSERT INTO `task` VALUES ('f696f350-d19c-11e6-bf3c-3de2cb4f83c6', '170103000089', 'TRANSPORT_DISPATCHER', null, null, '7a9d1950-cce2-11e6-87e5-658fa6569c11', '杨洋', '13141427099', '冷藏梦龙雪糕', '10', '80000', '5000.00', 'BOX', 'REFRIGERATION', '110100', '220300', '-18', '-2', 'NO_OFFER', '1', '72172fe0-c806-11e6-8708-bf31b68150a8', '16eb09f0-c0d8-11e6-8ebd-1b0f078634cf', null, '2017-01-03 18:11:16', '2017-01-03 18:12:47', null, '10', '1', 'Y');
INSERT INTO `task` VALUES ('f69ca860-cca9-11e6-b6af-cdaca8571654', '161228000010', 'TRANSPORT_DISPATCHER', null, null, 'd087cae0-cca1-11e6-b6af-cdaca8571654', '董经理', '13141427077', '冷藏运输品', '0', '40', '500.00', 'BULK', 'REFRIGERATION', '110100', '140200', '-18', '6', 'NO_OFFER', '1', '72172fe0-c806-11e6-8708-bf31b68150a8', '16eb09f0-c0d8-11e6-8ebd-1b0f078634cf', null, '2016-12-28 11:01:44', '2016-12-28 11:01:44', null, '10', '2', 'Y');
INSERT INTO `task` VALUES ('f6dcd960-cc1f-11e6-8f29-7f807daac004', '161227000008', 'TRANSPORT_DISPATCHER', null, null, '3d1bb100-c82c-11e6-8708-bf31b68150a8', '张经理', '13141427077', 'aabbcc', '0', '100', '100.00', 'BOX', 'REFRIGERATION', '110100', '140200', '0', '6', 'NO_OFFER', '1', '72172fe0-c806-11e6-8708-bf31b68150a8', '16eb09f0-c0d8-11e6-8ebd-1b0f078634cf', null, '2016-12-27 18:33:53', '2016-12-27 18:34:31', null, '10', '2', 'Y');
INSERT INTO `task` VALUES ('fae438f0-ccb0-11e6-b65d-4f10098aed2b', '161228000013', 'TRANSPORT_DISPATCHER', null, null, 'd087cae0-cca1-11e6-b6af-cdaca8571654', '梁经理', '13141427077', '冷冻鲜肉', '0', '50000', '5000.00', 'BOX', 'FREEZE', '110100', '210100', '-18', '6', 'NO_OFFER', '1', '72172fe0-c806-11e6-8708-bf31b68150a8', '16eb09f0-c0d8-11e6-8ebd-1b0f078634cf', null, '2016-12-28 11:51:57', '2016-12-28 11:51:57', null, '10', '1', 'Y');
INSERT INTO `task` VALUES ('fec66fa0-ccc5-11e6-9207-df239d0a7cc2', '161228000022', 'TRANSPORT_DISPATCHER', null, null, 'd087cae0-cca1-11e6-b6af-cdaca8571654', '杨经理', '13141427077', '冻螃蟹', '0', '600000', '5000.00', 'BOX', 'REFRIGERATION', '120100', '130200', '-15', '-4', 'NO_OFFER', '1', '72172fe0-c806-11e6-8708-bf31b68150a8', '16eb09f0-c0d8-11e6-8ebd-1b0f078634cf', null, '2016-12-28 14:22:23', '2016-12-28 14:50:08', null, '20', '1', 'Y');

-- ----------------------------
-- Table structure for task_billing
-- ----------------------------
DROP TABLE IF EXISTS `task_billing`;
CREATE TABLE `task_billing` (
  `id` char(36) CHARACTER SET utf8 COLLATE utf8_bin NOT NULL DEFAULT '',
  `task_id` char(36) CHARACTER SET utf8 COLLATE utf8_bin NOT NULL,
  `amount` decimal(11,2) NOT NULL,
  `status` int(11) DEFAULT NULL,
  `creator_id` char(36) CHARACTER SET utf8 COLLATE utf8_bin DEFAULT NULL,
  `create_time` datetime NOT NULL,
  `update_time` datetime NOT NULL,
  `delete_time` datetime DEFAULT NULL,
  PRIMARY KEY (`id`),
  KEY `task_id` (`task_id`),
  KEY `creator_id` (`creator_id`),
  CONSTRAINT `task_billing_ibfk_1` FOREIGN KEY (`task_id`) REFERENCES `task` (`id`) ON DELETE NO ACTION ON UPDATE CASCADE,
  CONSTRAINT `task_billing_ibfk_2` FOREIGN KEY (`creator_id`) REFERENCES `user` (`id`) ON DELETE NO ACTION ON UPDATE CASCADE
) ENGINE=InnoDB DEFAULT CHARSET=utf8 ROW_FORMAT=COMPACT;

-- ----------------------------
-- Records of task_billing
-- ----------------------------

-- ----------------------------
-- Table structure for task_dispatch
-- ----------------------------
DROP TABLE IF EXISTS `task_dispatch`;
CREATE TABLE `task_dispatch` (
  `id` char(36) CHARACTER SET utf8 COLLATE utf8_bin NOT NULL DEFAULT '',
  `task_id` char(36) CHARACTER SET utf8 COLLATE utf8_bin NOT NULL,
  `offer` decimal(11,2) DEFAULT NULL,
  `type` varchar(30) NOT NULL,
  `creator_id` char(36) CHARACTER SET utf8 COLLATE utf8_bin DEFAULT NULL,
  `create_time` datetime NOT NULL,
  `update_time` datetime NOT NULL,
  `delete_time` datetime DEFAULT NULL,
  PRIMARY KEY (`id`),
  KEY `task_id` (`task_id`),
  KEY `creator_id` (`creator_id`),
  CONSTRAINT `task_dispatch_ibfk_1` FOREIGN KEY (`task_id`) REFERENCES `task` (`id`) ON DELETE NO ACTION ON UPDATE CASCADE,
  CONSTRAINT `task_dispatch_ibfk_2` FOREIGN KEY (`creator_id`) REFERENCES `user` (`id`) ON DELETE NO ACTION ON UPDATE CASCADE
) ENGINE=InnoDB DEFAULT CHARSET=utf8 ROW_FORMAT=COMPACT;

-- ----------------------------
-- Records of task_dispatch
-- ----------------------------
INSERT INTO `task_dispatch` VALUES ('00434ca0-d19d-11e6-bf3c-3de2cb4f83c6', 'f696f350-d19c-11e6-bf3c-3de2cb4f83c6', '1000.00', 'PRICING', '16eb09f0-c0d8-11e6-8ebd-1b0f078634cf', '2017-01-03 18:11:32', '2017-01-03 18:11:32', null);
INSERT INTO `task_dispatch` VALUES ('0199c5c0-cd88-11e6-b699-f7176c686828', 'baa45630-cd87-11e6-b699-f7176c686828', '2500.00', 'PRICING', '16eb09f0-c0d8-11e6-8ebd-1b0f078634cf', '2016-12-29 13:31:10', '2016-12-29 13:31:10', null);
INSERT INTO `task_dispatch` VALUES ('02b6d510-c8d3-11e6-bcb1-b39b3b3e5056', '1', '1000.00', 'PRICING', '16eb09f0-c0d8-11e6-8ebd-1b0f078634cf', '2016-12-23 13:45:29', '2016-12-23 13:45:29', null);
INSERT INTO `task_dispatch` VALUES ('077db540-c97e-11e6-8169-bb714fa9b1fe', '1', '300.00', 'PRICING', '16eb09f0-c0d8-11e6-8ebd-1b0f078634cf', '2016-12-24 10:09:41', '2016-12-24 10:09:41', null);
INSERT INTO `task_dispatch` VALUES ('07956490-c8d1-11e6-91bc-11ac0d0cb489', '1', '10.00', 'PRICING', '16eb09f0-c0d8-11e6-8ebd-1b0f078634cf', '2016-12-23 13:31:18', '2016-12-23 13:31:18', null);
INSERT INTO `task_dispatch` VALUES ('0fcae4f0-d19b-11e6-a438-4bcaa32e46de', '4f359400-ce6c-11e6-8af7-4701651947f3', null, 'BIDDING', '16eb09f0-c0d8-11e6-8ebd-1b0f078634cf', '2017-01-03 17:57:39', '2017-01-03 17:57:39', null);
INSERT INTO `task_dispatch` VALUES ('12596f70-c8d1-11e6-91bc-11ac0d0cb489', '1', '10.00', 'PRICING', '16eb09f0-c0d8-11e6-8ebd-1b0f078634cf', '2016-12-23 13:31:36', '2016-12-23 13:31:36', null);
INSERT INTO `task_dispatch` VALUES ('12c11850-ccaa-11e6-b6af-cdaca8571654', 'f69ca860-cca9-11e6-b6af-cdaca8571654', null, 'BIDDING', '16eb09f0-c0d8-11e6-8ebd-1b0f078634cf', '2016-12-28 11:02:31', '2016-12-28 11:02:31', null);
INSERT INTO `task_dispatch` VALUES ('12d573c0-cce3-11e6-87e5-658fa6569c11', 'adf41ab0-cce2-11e6-87e5-658fa6569c11', null, 'BIDDING', 'be8100f0-ccd3-11e6-aa45-59ef6cfe454d', '2016-12-28 17:50:32', '2016-12-28 17:50:32', null);
INSERT INTO `task_dispatch` VALUES ('1b5ea9d0-cce3-11e6-87e5-658fa6569c11', 'adf41ab0-cce2-11e6-87e5-658fa6569c11', null, 'BIDDING', 'be8100f0-ccd3-11e6-aa45-59ef6cfe454d', '2016-12-28 17:50:47', '2016-12-28 17:50:47', null);
INSERT INTO `task_dispatch` VALUES ('1c985760-d17a-11e6-ac5b-9dc6f1f7188f', '0ec7f6e0-d17a-11e6-ac5b-9dc6f1f7188f', null, 'BIDDING', '16eb09f0-c0d8-11e6-8ebd-1b0f078634cf', '2017-01-03 14:01:47', '2017-01-03 14:01:47', null);
INSERT INTO `task_dispatch` VALUES ('1e0d7fa0-c8d1-11e6-91bc-11ac0d0cb489', '1', '1000.00', 'PRICING', '16eb09f0-c0d8-11e6-8ebd-1b0f078634cf', '2016-12-23 13:31:55', '2016-12-23 13:31:55', null);
INSERT INTO `task_dispatch` VALUES ('1e1c7270-ccb0-11e6-b65d-4f10098aed2b', 'd21abe90-ccaf-11e6-b65d-4f10098aed2b', null, 'BIDDING', '16eb09f0-c0d8-11e6-8ebd-1b0f078634cf', '2016-12-28 11:45:47', '2016-12-28 11:45:47', null);
INSERT INTO `task_dispatch` VALUES ('23086730-cda5-11e6-a6c1-fb4d9203e65d', '542832b0-cda4-11e6-96fc-4196ce5c5fc1', null, 'BIDDING', '16eb09f0-c0d8-11e6-8ebd-1b0f078634cf', '2016-12-29 16:59:42', '2016-12-29 16:59:42', null);
INSERT INTO `task_dispatch` VALUES ('23f43150-c8c4-11e6-aaeb-33427550603e', '1', '5000.00', 'PRICING', '16eb09f0-c0d8-11e6-8ebd-1b0f078634cf', '2016-12-23 11:59:02', '2016-12-23 11:59:02', null);
INSERT INTO `task_dispatch` VALUES ('28849e60-d316-11e6-9533-fddfa4a34371', '375ab670-d313-11e6-aa22-15579b3c8250', '1000.00', 'PRICING', '16eb09f0-c0d8-11e6-8ebd-1b0f078634cf', '2017-01-05 15:11:20', '2017-01-05 15:11:20', null);
INSERT INTO `task_dispatch` VALUES ('28ccfcf0-ce7f-11e6-af85-3d3066d5f848', '10113370-ce7f-11e6-af85-3d3066d5f848', null, 'BIDDING', '16eb09f0-c0d8-11e6-8ebd-1b0f078634cf', '2016-12-30 19:00:22', '2016-12-30 19:00:22', null);
INSERT INTO `task_dispatch` VALUES ('28e1a530-c8d3-11e6-bcb1-b39b3b3e5056', '1', '1000.00', 'PRICING', '16eb09f0-c0d8-11e6-8ebd-1b0f078634cf', '2016-12-23 13:46:33', '2016-12-23 13:46:33', null);
INSERT INTO `task_dispatch` VALUES ('28f046c0-ce5b-11e6-b909-0bed2c8dae22', '7851e3f0-ce5a-11e6-b909-0bed2c8dae22', null, 'BIDDING', '16eb09f0-c0d8-11e6-8ebd-1b0f078634cf', '2016-12-30 14:42:40', '2016-12-30 14:42:40', null);
INSERT INTO `task_dispatch` VALUES ('30293240-ce5f-11e6-b909-0bed2c8dae22', '7851e3f0-ce5a-11e6-b909-0bed2c8dae22', null, 'BIDDING', '16eb09f0-c0d8-11e6-8ebd-1b0f078634cf', '2016-12-30 15:11:30', '2016-12-30 15:11:30', null);
INSERT INTO `task_dispatch` VALUES ('34c4d0d0-cca6-11e6-b6af-cdaca8571654', '7c4510b0-cca5-11e6-b6af-cdaca8571654', null, 'BIDDING', '16eb09f0-c0d8-11e6-8ebd-1b0f078634cf', '2016-12-28 10:34:50', '2016-12-28 10:34:50', null);
INSERT INTO `task_dispatch` VALUES ('36a3f940-d155-11e6-9a36-41dcfaae90db', '25b2a9b0-d155-11e6-9a36-41dcfaae90db', '5000.00', 'PRICING', '16eb09f0-c0d8-11e6-8ebd-1b0f078634cf', '2017-01-03 09:37:40', '2017-01-03 09:37:40', null);
INSERT INTO `task_dispatch` VALUES ('39b161e0-ccd7-11e6-8ed2-a9989016036b', '17e4a8a0-ccbf-11e6-9207-df239d0a7cc2', null, 'BIDDING', '16eb09f0-c0d8-11e6-8ebd-1b0f078634cf', '2016-12-28 16:25:43', '2016-12-28 16:25:43', null);
INSERT INTO `task_dispatch` VALUES ('3ba8ff30-c8d1-11e6-91bc-11ac0d0cb489', '1', '1000.00', 'PRICING', '16eb09f0-c0d8-11e6-8ebd-1b0f078634cf', '2016-12-23 13:32:45', '2016-12-23 13:32:45', null);
INSERT INTO `task_dispatch` VALUES ('3bc8c370-ccc7-11e6-9207-df239d0a7cc2', 'fec66fa0-ccc5-11e6-9207-df239d0a7cc2', null, 'BIDDING', '16eb09f0-c0d8-11e6-8ebd-1b0f078634cf', '2016-12-28 14:31:15', '2016-12-28 14:31:15', null);
INSERT INTO `task_dispatch` VALUES ('3daf84c0-cd8b-11e6-836b-490bbd6b228d', 'adf41ab0-cce2-11e6-87e5-658fa6569c11', null, 'BIDDING', 'be8100f0-ccd3-11e6-aa45-59ef6cfe454d', '2016-12-29 13:54:20', '2016-12-29 13:54:20', null);
INSERT INTO `task_dispatch` VALUES ('45359c60-ccbf-11e6-9207-df239d0a7cc2', '17e4a8a0-ccbf-11e6-9207-df239d0a7cc2', null, 'BIDDING', '16eb09f0-c0d8-11e6-8ebd-1b0f078634cf', '2016-12-28 13:34:15', '2016-12-28 13:34:15', null);
INSERT INTO `task_dispatch` VALUES ('47719d10-cd98-11e6-bc2d-a55044349c4b', '523aa670-cd97-11e6-b88d-ffae508c0205', null, 'BIDDING', '16eb09f0-c0d8-11e6-8ebd-1b0f078634cf', '2016-12-29 15:27:39', '2016-12-29 15:27:39', null);
INSERT INTO `task_dispatch` VALUES ('482aa720-cd88-11e6-b699-f7176c686828', 'baa45630-cd87-11e6-b699-f7176c686828', '2500.00', 'PRICING', '16eb09f0-c0d8-11e6-8ebd-1b0f078634cf', '2016-12-29 13:33:09', '2016-12-29 13:33:09', null);
INSERT INTO `task_dispatch` VALUES ('535c74d0-ce81-11e6-ae0a-d19e25965f26', '414dce60-ce81-11e6-ae0a-d19e25965f26', '1000.00', 'PRICING', '16eb09f0-c0d8-11e6-8ebd-1b0f078634cf', '2016-12-30 19:15:52', '2016-12-30 19:15:52', null);
INSERT INTO `task_dispatch` VALUES ('584f4a60-cce4-11e6-9eb1-cb14892fa877', 'adf41ab0-cce2-11e6-87e5-658fa6569c11', null, 'BIDDING', 'be8100f0-ccd3-11e6-aa45-59ef6cfe454d', '2016-12-28 17:59:38', '2016-12-28 17:59:38', null);
INSERT INTO `task_dispatch` VALUES ('59febac0-cd76-11e6-a374-6da3754fe6cf', '9bd656a0-cd72-11e6-a374-6da3754fe6cf', '5000.00', 'PRICING', 'dc0db760-cd6b-11e6-a374-6da3754fe6cf', '2016-12-29 11:24:48', '2016-12-29 11:24:48', null);
INSERT INTO `task_dispatch` VALUES ('5b1afe60-c8cf-11e6-97fa-439c4f2e4bd9', '1', '10000.00', 'PRICING', '16eb09f0-c0d8-11e6-8ebd-1b0f078634cf', '2016-12-23 13:19:19', '2016-12-23 13:19:19', null);
INSERT INTO `task_dispatch` VALUES ('5c5e66e0-ce8d-11e6-aec0-f9cc9933243c', '414dce60-ce81-11e6-ae0a-d19e25965f26', '1000.00', 'PRICING', '16eb09f0-c0d8-11e6-8ebd-1b0f078634cf', '2016-12-30 20:42:01', '2016-12-30 20:42:01', null);
INSERT INTO `task_dispatch` VALUES ('5ef3ab00-ce7d-11e6-af85-3d3066d5f848', '4bef0bd0-ce7d-11e6-af85-3d3066d5f848', null, 'BIDDING', '16eb09f0-c0d8-11e6-8ebd-1b0f078634cf', '2016-12-30 18:47:34', '2016-12-30 18:47:34', null);
INSERT INTO `task_dispatch` VALUES ('6086b660-d157-11e6-9a36-41dcfaae90db', '25b2a9b0-d155-11e6-9a36-41dcfaae90db', '4000.00', 'PRICING', '16eb09f0-c0d8-11e6-8ebd-1b0f078634cf', '2017-01-03 09:53:09', '2017-01-03 09:53:09', null);
INSERT INTO `task_dispatch` VALUES ('63acd510-c8d1-11e6-91bc-11ac0d0cb489', '1', '1000.00', 'PRICING', '16eb09f0-c0d8-11e6-8ebd-1b0f078634cf', '2016-12-23 13:33:52', '2016-12-23 13:33:52', null);
INSERT INTO `task_dispatch` VALUES ('658e0c70-cd98-11e6-bc2d-a55044349c4b', '523aa670-cd97-11e6-b88d-ffae508c0205', '1000.00', 'BIDDING', '16eb09f0-c0d8-11e6-8ebd-1b0f078634cf', '2016-12-29 15:28:30', '2016-12-29 15:28:30', null);
INSERT INTO `task_dispatch` VALUES ('683bdd80-cccb-11e6-9207-df239d0a7cc2', 'f69ca860-cca9-11e6-b6af-cdaca8571654', '1231.00', 'PRICING', '16eb09f0-c0d8-11e6-8ebd-1b0f078634cf', '2016-12-28 15:01:08', '2016-12-28 15:01:08', null);
INSERT INTO `task_dispatch` VALUES ('6b3a30c0-ccc8-11e6-9d4e-675634196e13', 'fec66fa0-ccc5-11e6-9207-df239d0a7cc2', null, 'BIDDING', '16eb09f0-c0d8-11e6-8ebd-1b0f078634cf', '2016-12-28 14:39:44', '2016-12-28 14:39:44', null);
INSERT INTO `task_dispatch` VALUES ('6bfa9750-cd88-11e6-a782-8d8c341cc01d', 'adf41ab0-cce2-11e6-87e5-658fa6569c11', null, 'BIDDING', 'be8100f0-ccd3-11e6-aa45-59ef6cfe454d', '2016-12-29 13:34:09', '2016-12-29 13:34:09', null);
INSERT INTO `task_dispatch` VALUES ('6f05b6a0-cd97-11e6-b88d-ffae508c0205', '523aa670-cd97-11e6-b88d-ffae508c0205', '1000.00', 'BIDDING', '16eb09f0-c0d8-11e6-8ebd-1b0f078634cf', '2016-12-29 15:21:36', '2016-12-29 15:21:36', null);
INSERT INTO `task_dispatch` VALUES ('6f6a5590-cd7b-11e6-a4e0-cf12c0a8c8b0', 'adf41ab0-cce2-11e6-87e5-658fa6569c11', null, 'BIDDING', 'be8100f0-ccd3-11e6-aa45-59ef6cfe454d', '2016-12-29 12:01:11', '2016-12-29 12:01:11', null);
INSERT INTO `task_dispatch` VALUES ('7079a610-cda4-11e6-96fc-4196ce5c5fc1', '542832b0-cda4-11e6-96fc-4196ce5c5fc1', null, 'PRICING', '16eb09f0-c0d8-11e6-8ebd-1b0f078634cf', '2016-12-29 16:54:42', '2016-12-29 16:54:42', null);
INSERT INTO `task_dispatch` VALUES ('7094edc0-ccc9-11e6-9207-df239d0a7cc2', '53b20fd0-ccc9-11e6-9207-df239d0a7cc2', null, 'BIDDING', '16eb09f0-c0d8-11e6-8ebd-1b0f078634cf', '2016-12-28 14:47:03', '2016-12-28 14:47:03', null);
INSERT INTO `task_dispatch` VALUES ('71ca1470-ce60-11e6-b909-0bed2c8dae22', '7851e3f0-ce5a-11e6-b909-0bed2c8dae22', '1000.00', 'PRICING', '16eb09f0-c0d8-11e6-8ebd-1b0f078634cf', '2016-12-30 15:20:30', '2016-12-30 15:20:30', null);
INSERT INTO `task_dispatch` VALUES ('71d6ca00-d313-11e6-9a6d-af3d8066a1af', '375ab670-d313-11e6-aa22-15579b3c8250', null, 'BIDDING', '16eb09f0-c0d8-11e6-8ebd-1b0f078634cf', '2017-01-05 14:51:54', '2017-01-05 14:51:54', null);
INSERT INTO `task_dispatch` VALUES ('77616120-cda4-11e6-96fc-4196ce5c5fc1', '542832b0-cda4-11e6-96fc-4196ce5c5fc1', null, 'BIDDING', '16eb09f0-c0d8-11e6-8ebd-1b0f078634cf', '2016-12-29 16:54:54', '2016-12-29 16:54:54', null);
INSERT INTO `task_dispatch` VALUES ('7a9d5720-d166-11e6-9836-e9503d800356', '9bd656a0-cd72-11e6-a374-6da3754fe6cf', null, 'BIDDING', 'dc0db760-cd6b-11e6-a374-6da3754fe6cf', '2017-01-03 11:41:15', '2017-01-03 11:41:15', null);
INSERT INTO `task_dispatch` VALUES ('7b0041a0-cc16-11e6-bbb3-770729231e04', '1', null, 'BIDDING', '16eb09f0-c0d8-11e6-8ebd-1b0f078634cf', '2016-12-27 17:26:00', '2016-12-27 17:26:00', null);
INSERT INTO `task_dispatch` VALUES ('7b75e280-cda5-11e6-aa05-5335b4685ffa', '542832b0-cda4-11e6-96fc-4196ce5c5fc1', null, 'BIDDING', '16eb09f0-c0d8-11e6-8ebd-1b0f078634cf', '2016-12-29 17:02:10', '2016-12-29 17:02:10', null);
INSERT INTO `task_dispatch` VALUES ('7bc42890-cdb0-11e6-8fa6-c96f02f33ca0', '50411700-cdb0-11e6-8fa6-c96f02f33ca0', '10000.00', 'PRICING', '16eb09f0-c0d8-11e6-8ebd-1b0f078634cf', '2016-12-29 18:20:55', '2016-12-29 18:20:55', null);
INSERT INTO `task_dispatch` VALUES ('7cb86080-cd98-11e6-bc2d-a55044349c4b', '523aa670-cd97-11e6-b88d-ffae508c0205', null, 'BIDDING', '16eb09f0-c0d8-11e6-8ebd-1b0f078634cf', '2016-12-29 15:29:09', '2016-12-29 15:29:09', null);
INSERT INTO `task_dispatch` VALUES ('7f3d6c30-d313-11e6-9a6d-af3d8066a1af', '375ab670-d313-11e6-aa22-15579b3c8250', '1000.00', 'PRICING', '16eb09f0-c0d8-11e6-8ebd-1b0f078634cf', '2017-01-05 14:52:17', '2017-01-05 14:52:17', null);
INSERT INTO `task_dispatch` VALUES ('87194550-cdaf-11e6-9bb9-77fe2db16a6f', '523aa670-cd97-11e6-b88d-ffae508c0205', '100.00', 'BIDDING', '16eb09f0-c0d8-11e6-8ebd-1b0f078634cf', '2016-12-29 18:14:05', '2016-12-29 18:14:05', null);
INSERT INTO `task_dispatch` VALUES ('879f75d0-d250-11e6-942d-217102a6a696', '4f359400-ce6c-11e6-8af7-4701651947f3', null, 'BIDDING', '16eb09f0-c0d8-11e6-8ebd-1b0f078634cf', '2017-01-04 15:36:39', '2017-01-04 15:36:39', null);
INSERT INTO `task_dispatch` VALUES ('89b443c0-d19a-11e6-a438-4bcaa32e46de', '6882c2a0-d18e-11e6-90bc-15977fc57c62', '100.00', 'PRICING', '16eb09f0-c0d8-11e6-8ebd-1b0f078634cf', '2017-01-03 17:53:54', '2017-01-03 17:53:54', null);
INSERT INTO `task_dispatch` VALUES ('89ff46c0-ccc9-11e6-9207-df239d0a7cc2', '53b20fd0-ccc9-11e6-9207-df239d0a7cc2', null, 'BIDDING', '16eb09f0-c0d8-11e6-8ebd-1b0f078634cf', '2016-12-28 14:47:45', '2016-12-28 14:47:45', null);
INSERT INTO `task_dispatch` VALUES ('8b2b9080-cd73-11e6-a374-6da3754fe6cf', '9bd656a0-cd72-11e6-a374-6da3754fe6cf', null, 'PRICING', 'dc0db760-cd6b-11e6-a374-6da3754fe6cf', '2016-12-29 11:04:42', '2016-12-29 11:04:42', null);
INSERT INTO `task_dispatch` VALUES ('8e0ce630-cc0d-11e6-9691-67c02122da86', 'e482bef0-cc07-11e6-bf70-3df5f582a89d', null, 'BIDDING', '16eb09f0-c0d8-11e6-8ebd-1b0f078634cf', '2016-12-27 16:22:07', '2016-12-27 16:22:07', null);
INSERT INTO `task_dispatch` VALUES ('95338220-c7f3-11e6-96c9-213bad8c5d5e', 'db0f4060-c75b-11e6-a0fe-9d08bf706172', '500.00', 'PRICING', '16eb09f0-c0d8-11e6-8ebd-1b0f078634cf', '2016-12-22 11:06:08', '2016-12-22 11:06:08', null);
INSERT INTO `task_dispatch` VALUES ('956b85e0-d166-11e6-9836-e9503d800356', '9bd656a0-cd72-11e6-a374-6da3754fe6cf', null, 'BIDDING', 'dc0db760-cd6b-11e6-a374-6da3754fe6cf', '2017-01-03 11:42:00', '2017-01-03 11:42:00', null);
INSERT INTO `task_dispatch` VALUES ('9a225ad0-cc0e-11e6-a43e-13bfb4cd35e6', '5f6d35e0-cc0e-11e6-a43e-13bfb4cd35e6', null, 'BIDDING', '16eb09f0-c0d8-11e6-8ebd-1b0f078634cf', '2016-12-27 16:29:36', '2016-12-27 16:29:36', null);
INSERT INTO `task_dispatch` VALUES ('9b9575c0-ccb1-11e6-b65d-4f10098aed2b', 'fae438f0-ccb0-11e6-b65d-4f10098aed2b', null, 'BIDDING', '16eb09f0-c0d8-11e6-8ebd-1b0f078634cf', '2016-12-28 11:56:27', '2016-12-28 11:56:27', null);
INSERT INTO `task_dispatch` VALUES ('a74abd90-cda5-11e6-aa05-5335b4685ffa', '53b20fd0-ccc9-11e6-9207-df239d0a7cc2', null, 'PRICING', '16eb09f0-c0d8-11e6-8ebd-1b0f078634cf', '2016-12-29 17:03:24', '2016-12-29 17:03:24', null);
INSERT INTO `task_dispatch` VALUES ('a8356bb0-cda5-11e6-96fc-4196ce5c5fc1', '542832b0-cda4-11e6-96fc-4196ce5c5fc1', null, 'BIDDING', '16eb09f0-c0d8-11e6-8ebd-1b0f078634cf', '2016-12-29 17:03:25', '2016-12-29 17:03:25', null);
INSERT INTO `task_dispatch` VALUES ('a9fd84a0-ce6d-11e6-8af7-4701651947f3', '4f359400-ce6c-11e6-8af7-4701651947f3', null, 'BIDDING', '16eb09f0-c0d8-11e6-8ebd-1b0f078634cf', '2016-12-30 16:55:08', '2016-12-30 16:55:08', null);
INSERT INTO `task_dispatch` VALUES ('acac4650-ccbf-11e6-9207-df239d0a7cc2', '984f9130-ccbf-11e6-9207-df239d0a7cc2', null, 'BIDDING', '16eb09f0-c0d8-11e6-8ebd-1b0f078634cf', '2016-12-28 13:37:08', '2016-12-28 13:37:08', null);
INSERT INTO `task_dispatch` VALUES ('acd2b2f0-c9b2-11e6-b28c-f7e6108242ab', '3547f3c0-c8e6-11e6-bcb1-b39b3b3e5056', null, 'BIDDING', '16eb09f0-c0d8-11e6-8ebd-1b0f078634cf', '2016-12-24 16:26:34', '2016-12-24 16:59:32', null);
INSERT INTO `task_dispatch` VALUES ('af283000-c8d3-11e6-bcb1-b39b3b3e5056', '1', '1000.00', 'PRICING', '16eb09f0-c0d8-11e6-8ebd-1b0f078634cf', '2016-12-23 13:50:18', '2016-12-23 13:50:18', null);
INSERT INTO `task_dispatch` VALUES ('b0533380-ce5a-11e6-b909-0bed2c8dae22', '7851e3f0-ce5a-11e6-b909-0bed2c8dae22', null, 'BIDDING', '16eb09f0-c0d8-11e6-8ebd-1b0f078634cf', '2016-12-30 14:39:18', '2016-12-30 14:39:18', null);
INSERT INTO `task_dispatch` VALUES ('b5c5d750-d166-11e6-9836-e9503d800356', '4f359400-ce6c-11e6-8af7-4701651947f3', null, 'BIDDING', '16eb09f0-c0d8-11e6-8ebd-1b0f078634cf', '2017-01-03 11:42:54', '2017-01-03 11:42:54', null);
INSERT INTO `task_dispatch` VALUES ('b5c91e00-cc08-11e6-8184-e5701660dca3', 'e482bef0-cc07-11e6-bf70-3df5f582a89d', null, 'BIDDING', '16eb09f0-c0d8-11e6-8ebd-1b0f078634cf', '2016-12-27 15:47:26', '2016-12-27 15:47:26', null);
INSERT INTO `task_dispatch` VALUES ('b7dc9ee0-ce30-11e6-88b4-39337a9faed9', '8d853c10-ce30-11e6-88b4-39337a9faed9', '1000.00', 'PRICING', '16eb09f0-c0d8-11e6-8ebd-1b0f078634cf', '2016-12-30 09:38:51', '2016-12-30 09:38:51', null);
INSERT INTO `task_dispatch` VALUES ('b89ab170-c8cf-11e6-97fa-439c4f2e4bd9', '1', '5000.00', 'PRICING', '16eb09f0-c0d8-11e6-8ebd-1b0f078634cf', '2016-12-23 13:21:56', '2016-12-23 13:21:56', null);
INSERT INTO `task_dispatch` VALUES ('bc9c4e70-cdaf-11e6-9bb9-77fe2db16a6f', '523aa670-cd97-11e6-b88d-ffae508c0205', '500.00', 'BIDDING', '16eb09f0-c0d8-11e6-8ebd-1b0f078634cf', '2016-12-29 18:15:34', '2016-12-29 18:15:34', null);
INSERT INTO `task_dispatch` VALUES ('bf83a700-cd9b-11e6-b88d-ffae508c0205', 'a9730050-cd9b-11e6-b88d-ffae508c0205', null, 'BIDDING', '16eb09f0-c0d8-11e6-8ebd-1b0f078634cf', '2016-12-29 15:52:29', '2016-12-29 15:52:29', null);
INSERT INTO `task_dispatch` VALUES ('c7a9a4c0-cca6-11e6-b6af-cdaca8571654', '5f6d35e0-cc0e-11e6-a43e-13bfb4cd35e6', null, 'BIDDING', '16eb09f0-c0d8-11e6-8ebd-1b0f078634cf', '2016-12-28 10:38:56', '2016-12-28 10:38:56', null);
INSERT INTO `task_dispatch` VALUES ('c803b220-cd97-11e6-bc2d-a55044349c4b', '523aa670-cd97-11e6-b88d-ffae508c0205', null, 'BIDDING', '16eb09f0-c0d8-11e6-8ebd-1b0f078634cf', '2016-12-29 15:24:06', '2016-12-29 15:24:06', null);
INSERT INTO `task_dispatch` VALUES ('ca30bd40-d166-11e6-9836-e9503d800356', '4f359400-ce6c-11e6-8af7-4701651947f3', null, 'BIDDING', '16eb09f0-c0d8-11e6-8ebd-1b0f078634cf', '2017-01-03 11:43:29', '2017-01-03 11:43:29', null);
INSERT INTO `task_dispatch` VALUES ('ca56b370-d174-11e6-ac5b-9dc6f1f7188f', 'be264750-d174-11e6-ac5b-9dc6f1f7188f', null, 'BIDDING', '16eb09f0-c0d8-11e6-8ebd-1b0f078634cf', '2017-01-03 13:23:42', '2017-01-03 13:23:42', null);
INSERT INTO `task_dispatch` VALUES ('ca99ee90-c8cf-11e6-97fa-439c4f2e4bd9', '1', '1000.00', 'PRICING', '16eb09f0-c0d8-11e6-8ebd-1b0f078634cf', '2016-12-23 13:22:26', '2016-12-23 13:22:26', null);
INSERT INTO `task_dispatch` VALUES ('caad2830-ce50-11e6-b909-0bed2c8dae22', '9cfed230-ce50-11e6-b909-0bed2c8dae22', null, 'BIDDING', 'be8100f0-ccd3-11e6-aa45-59ef6cfe454d', '2016-12-30 13:28:27', '2016-12-30 13:28:27', null);
INSERT INTO `task_dispatch` VALUES ('cf838620-cda5-11e6-aa05-5335b4685ffa', '542832b0-cda4-11e6-96fc-4196ce5c5fc1', null, 'BIDDING', '16eb09f0-c0d8-11e6-8ebd-1b0f078634cf', '2016-12-29 17:04:31', '2016-12-29 17:04:31', null);
INSERT INTO `task_dispatch` VALUES ('d0481500-cdad-11e6-a778-63d73d329fc9', '523aa670-cd97-11e6-b88d-ffae508c0205', null, 'PRICING', '16eb09f0-c0d8-11e6-8ebd-1b0f078634cf', '2016-12-29 18:01:48', '2016-12-29 18:01:48', null);
INSERT INTO `task_dispatch` VALUES ('e09e9d70-cb37-11e6-891f-87f92ef354b6', '3547f3c0-c8e6-11e6-bcb1-b39b3b3e5056', '0.00', 'PRICING', '1', '2016-12-26 14:52:33', '2016-12-26 14:52:33', null);
INSERT INTO `task_dispatch` VALUES ('e255db60-ce4d-11e6-9b15-ad271eab55b7', 'cad48db0-ce4d-11e6-9b15-ad271eab55b7', '1000.00', 'PRICING', '16eb09f0-c0d8-11e6-8ebd-1b0f078634cf', '2016-12-30 13:07:38', '2016-12-30 13:07:38', null);
INSERT INTO `task_dispatch` VALUES ('e85b3660-d166-11e6-9836-e9503d800356', '4f359400-ce6c-11e6-8af7-4701651947f3', null, 'BIDDING', '16eb09f0-c0d8-11e6-8ebd-1b0f078634cf', '2017-01-03 11:44:19', '2017-01-03 11:44:19', null);
INSERT INTO `task_dispatch` VALUES ('e8688030-d18f-11e6-bedd-57c5fc4410b7', 'd0cd41e0-d18f-11e6-bedd-57c5fc4410b7', '3000.00', 'PRICING', '16eb09f0-c0d8-11e6-8ebd-1b0f078634cf', '2017-01-03 16:37:49', '2017-01-03 16:37:49', null);
INSERT INTO `task_dispatch` VALUES ('e9a74d90-ce75-11e6-aa8a-4fce5cf821b5', 'be76a1c0-ce75-11e6-aa8a-4fce5cf821b5', '1000.00', 'PRICING', '16eb09f0-c0d8-11e6-8ebd-1b0f078634cf', '2016-12-30 17:54:10', '2016-12-30 17:54:10', null);
INSERT INTO `task_dispatch` VALUES ('eae26ee0-cd73-11e6-a374-6da3754fe6cf', '9bd656a0-cd72-11e6-a374-6da3754fe6cf', null, 'BIDDING', 'dc0db760-cd6b-11e6-a374-6da3754fe6cf', '2016-12-29 11:07:22', '2016-12-29 11:07:22', null);
INSERT INTO `task_dispatch` VALUES ('eaf0afd0-cdac-11e6-a778-63d73d329fc9', 'b9c62b60-cdac-11e6-a778-63d73d329fc9', null, 'BIDDING', '16eb09f0-c0d8-11e6-8ebd-1b0f078634cf', '2016-12-29 17:55:24', '2016-12-29 17:55:24', null);
INSERT INTO `task_dispatch` VALUES ('eb886fa0-ce33-11e6-9b15-ad271eab55b7', 'd0798e60-ce33-11e6-9b15-ad271eab55b7', '3000.00', 'PRICING', '16eb09f0-c0d8-11e6-8ebd-1b0f078634cf', '2016-12-30 10:01:47', '2016-12-30 10:01:47', null);
INSERT INTO `task_dispatch` VALUES ('ed04bc60-cda4-11e6-96fc-4196ce5c5fc1', '542832b0-cda4-11e6-96fc-4196ce5c5fc1', null, 'BIDDING', '16eb09f0-c0d8-11e6-8ebd-1b0f078634cf', '2016-12-29 16:58:11', '2016-12-29 16:58:11', null);
INSERT INTO `task_dispatch` VALUES ('f0f16a70-c8c3-11e6-aaeb-33427550603e', 'be9061d0-c8c3-11e6-aaeb-33427550603e', '5000.00', 'PRICING', '16eb09f0-c0d8-11e6-8ebd-1b0f078634cf', '2016-12-23 11:57:36', '2016-12-23 11:57:36', null);
INSERT INTO `task_dispatch` VALUES ('f1258760-d156-11e6-9a36-41dcfaae90db', '25b2a9b0-d155-11e6-9a36-41dcfaae90db', null, 'BIDDING', '16eb09f0-c0d8-11e6-8ebd-1b0f078634cf', '2017-01-03 09:50:02', '2017-01-03 09:50:02', null);
INSERT INTO `task_dispatch` VALUES ('f24aa5d0-ccc9-11e6-9207-df239d0a7cc2', '53b20fd0-ccc9-11e6-9207-df239d0a7cc2', null, 'BIDDING', '16eb09f0-c0d8-11e6-8ebd-1b0f078634cf', '2016-12-28 14:50:40', '2016-12-28 14:50:40', null);
INSERT INTO `task_dispatch` VALUES ('f4442c00-c8d0-11e6-91bc-11ac0d0cb489', '1', '10.00', 'PRICING', '16eb09f0-c0d8-11e6-8ebd-1b0f078634cf', '2016-12-23 13:30:45', '2016-12-23 13:30:45', null);
INSERT INTO `task_dispatch` VALUES ('f9735600-ce80-11e6-ae0a-d19e25965f26', 'd8aed110-ce80-11e6-ae0a-d19e25965f26', null, 'BIDDING', '16eb09f0-c0d8-11e6-8ebd-1b0f078634cf', '2016-12-30 19:13:21', '2016-12-30 19:13:21', null);
INSERT INTO `task_dispatch` VALUES ('fbbf08b0-cd99-11e6-b154-f5cbda8a31c5', '7c4510b0-cca5-11e6-b6af-cdaca8571654', null, 'BIDDING', '16eb09f0-c0d8-11e6-8ebd-1b0f078634cf', '2016-12-29 15:39:51', '2016-12-29 15:39:51', null);

-- ----------------------------
-- Table structure for task_dispatch_loading_info
-- ----------------------------
DROP TABLE IF EXISTS `task_dispatch_loading_info`;
CREATE TABLE `task_dispatch_loading_info` (
  `id` char(36) CHARACTER SET utf8 COLLATE utf8_bin NOT NULL DEFAULT '',
  `task_dispatch_id` char(36) CHARACTER SET utf8 COLLATE utf8_bin NOT NULL,
  `task_loading_info_id` char(36) CHARACTER SET utf8 COLLATE utf8_bin NOT NULL,
  `amount` float NOT NULL,
  `amount_unit` int(11) NOT NULL,
  PRIMARY KEY (`id`),
  KEY `task_dispatch_id` (`task_dispatch_id`),
  KEY `task_loading_info_id` (`task_loading_info_id`),
  CONSTRAINT `task_dispatch_loading_info_ibfk_1` FOREIGN KEY (`task_dispatch_id`) REFERENCES `task_dispatch` (`id`) ON DELETE NO ACTION ON UPDATE CASCADE,
  CONSTRAINT `task_dispatch_loading_info_ibfk_2` FOREIGN KEY (`task_loading_info_id`) REFERENCES `task_loading_info` (`id`) ON DELETE NO ACTION ON UPDATE CASCADE
) ENGINE=InnoDB DEFAULT CHARSET=utf8 ROW_FORMAT=COMPACT COMMENT='货单派车装货表';

-- ----------------------------
-- Records of task_dispatch_loading_info
-- ----------------------------
INSERT INTO `task_dispatch_loading_info` VALUES ('00440ff0-d19d-11e6-bf3c-3de2cb4f83c6', '00434ca0-d19d-11e6-bf3c-3de2cb4f83c6', 'f697b6a0-d19c-11e6-bf3c-3de2cb4f83c6', '10', '1');
INSERT INTO `task_dispatch_loading_info` VALUES ('019a8910-cd88-11e6-b699-f7176c686828', '0199c5c0-cd88-11e6-b699-f7176c686828', 'baa54090-cd87-11e6-b699-f7176c686828', '5', '1');
INSERT INTO `task_dispatch_loading_info` VALUES ('02b834a0-c8d3-11e6-bcb1-b39b3b3e5056', '02b6d510-c8d3-11e6-bcb1-b39b3b3e5056', '1', '10', '1');
INSERT INTO `task_dispatch_loading_info` VALUES ('077fb110-c97e-11e6-8169-bb714fa9b1fe', '077db540-c97e-11e6-8169-bb714fa9b1fe', 'bccbe1c0-c900-11e6-97ec-75aa677eff12', '5', '1');
INSERT INTO `task_dispatch_loading_info` VALUES ('079600d0-c8d1-11e6-91bc-11ac0d0cb489', '07956490-c8d1-11e6-91bc-11ac0d0cb489', '1', '10', '1');
INSERT INTO `task_dispatch_loading_info` VALUES ('0fcbcf50-d19b-11e6-a438-4bcaa32e46de', '0fcae4f0-d19b-11e6-a438-4bcaa32e46de', '4f3741b0-ce6c-11e6-8af7-4701651947f3', '2', '1');
INSERT INTO `task_dispatch_loading_info` VALUES ('125a0bb0-c8d1-11e6-91bc-11ac0d0cb489', '12596f70-c8d1-11e6-91bc-11ac0d0cb489', '1', '0', '1');
INSERT INTO `task_dispatch_loading_info` VALUES ('12c18d80-ccaa-11e6-b6af-cdaca8571654', '12c11850-ccaa-11e6-b6af-cdaca8571654', 'f69d6bb0-cca9-11e6-b6af-cdaca8571654', '5', '2');
INSERT INTO `task_dispatch_loading_info` VALUES ('12d63710-cce3-11e6-87e5-658fa6569c11', '12d573c0-cce3-11e6-87e5-658fa6569c11', 'adf50510-cce2-11e6-87e5-658fa6569c11', '5', '1');
INSERT INTO `task_dispatch_loading_info` VALUES ('1b5f4610-cce3-11e6-87e5-658fa6569c11', '1b5ea9d0-cce3-11e6-87e5-658fa6569c11', 'adf50510-cce2-11e6-87e5-658fa6569c11', '5', '1');
INSERT INTO `task_dispatch_loading_info` VALUES ('1c98cc90-d17a-11e6-ac5b-9dc6f1f7188f', '1c985760-d17a-11e6-ac5b-9dc6f1f7188f', '0ec89320-d17a-11e6-ac5b-9dc6f1f7188f', '10', '1');
INSERT INTO `task_dispatch_loading_info` VALUES ('1e0df4d0-c8d1-11e6-91bc-11ac0d0cb489', '1e0d7fa0-c8d1-11e6-91bc-11ac0d0cb489', '1', '0', '1');
INSERT INTO `task_dispatch_loading_info` VALUES ('1e1c7271-ccb0-11e6-b65d-4f10098aed2b', '1e1c7270-ccb0-11e6-b65d-4f10098aed2b', 'd21abe91-ccaf-11e6-b65d-4f10098aed2b', '10', '1');
INSERT INTO `task_dispatch_loading_info` VALUES ('23092a80-cda5-11e6-a6c1-fb4d9203e65d', '23086730-cda5-11e6-a6c1-fb4d9203e65d', '542a2e80-cda4-11e6-96fc-4196ce5c5fc1', '5', '1');
INSERT INTO `task_dispatch_loading_info` VALUES ('23f4a680-c8c4-11e6-aaeb-33427550603e', '23f43150-c8c4-11e6-aaeb-33427550603e', '1', '0', '1');
INSERT INTO `task_dispatch_loading_info` VALUES ('2885afd0-d316-11e6-9533-fddfa4a34371', '28849e60-d316-11e6-9533-fddfa4a34371', '375c8b30-d313-11e6-aa22-15579b3c8250', '3', '1');
INSERT INTO `task_dispatch_loading_info` VALUES ('28cd7220-ce7f-11e6-af85-3d3066d5f848', '28ccfcf0-ce7f-11e6-af85-3d3066d5f848', '1011f6c0-ce7f-11e6-af85-3d3066d5f848', '10', '1');
INSERT INTO `task_dispatch_loading_info` VALUES ('28e24170-c8d3-11e6-bcb1-b39b3b3e5056', '28e1a530-c8d3-11e6-bcb1-b39b3b3e5056', '1', '10', '1');
INSERT INTO `task_dispatch_loading_info` VALUES ('28f0bbf0-ce5b-11e6-b909-0bed2c8dae22', '28f046c0-ce5b-11e6-b909-0bed2c8dae22', '7852ce50-ce5a-11e6-b909-0bed2c8dae22', '5', '3');
INSERT INTO `task_dispatch_loading_info` VALUES ('3029a770-ce5f-11e6-b909-0bed2c8dae22', '30293240-ce5f-11e6-b909-0bed2c8dae22', '7852ce50-ce5a-11e6-b909-0bed2c8dae22', '3', '3');
INSERT INTO `task_dispatch_loading_info` VALUES ('34c56d10-cca6-11e6-b6af-cdaca8571654', '34c4d0d0-cca6-11e6-b6af-cdaca8571654', '7c45fb10-cca5-11e6-b6af-cdaca8571654', '5', '2');
INSERT INTO `task_dispatch_loading_info` VALUES ('36a46e70-d155-11e6-9a36-41dcfaae90db', '36a3f940-d155-11e6-9a36-41dcfaae90db', '25b36d00-d155-11e6-9a36-41dcfaae90db', '8', '1');
INSERT INTO `task_dispatch_loading_info` VALUES ('39b29a60-ccd7-11e6-8ed2-a9989016036b', '39b161e0-ccd7-11e6-8ed2-a9989016036b', '17e544e0-ccbf-11e6-9207-df239d0a7cc2', '5', '1');
INSERT INTO `task_dispatch_loading_info` VALUES ('39b29a61-ccd7-11e6-8ed2-a9989016036b', '39b161e0-ccd7-11e6-8ed2-a9989016036b', '17e544e1-ccbf-11e6-9207-df239d0a7cc2', '5', '1');
INSERT INTO `task_dispatch_loading_info` VALUES ('3ba94d50-c8d1-11e6-91bc-11ac0d0cb489', '3ba8ff30-c8d1-11e6-91bc-11ac0d0cb489', '1', '0', '1');
INSERT INTO `task_dispatch_loading_info` VALUES ('3bc986c0-ccc7-11e6-9207-df239d0a7cc2', '3bc8c370-ccc7-11e6-9207-df239d0a7cc2', 'fec7f640-ccc5-11e6-9207-df239d0a7cc2', '10', '1');
INSERT INTO `task_dispatch_loading_info` VALUES ('3bc986c1-ccc7-11e6-9207-df239d0a7cc2', '3bc8c370-ccc7-11e6-9207-df239d0a7cc2', 'fec7f641-ccc5-11e6-9207-df239d0a7cc2', '0', '1');
INSERT INTO `task_dispatch_loading_info` VALUES ('3db02100-cd8b-11e6-836b-490bbd6b228d', '3daf84c0-cd8b-11e6-836b-490bbd6b228d', 'adf50510-cce2-11e6-87e5-658fa6569c11', '2', '1');
INSERT INTO `task_dispatch_loading_info` VALUES ('45361190-ccbf-11e6-9207-df239d0a7cc2', '45359c60-ccbf-11e6-9207-df239d0a7cc2', '17e544e0-ccbf-11e6-9207-df239d0a7cc2', '10', '1');
INSERT INTO `task_dispatch_loading_info` VALUES ('45361191-ccbf-11e6-9207-df239d0a7cc2', '45359c60-ccbf-11e6-9207-df239d0a7cc2', '17e544e1-ccbf-11e6-9207-df239d0a7cc2', '0', '1');
INSERT INTO `task_dispatch_loading_info` VALUES ('47721240-cd98-11e6-bc2d-a55044349c4b', '47719d10-cd98-11e6-bc2d-a55044349c4b', '523c2d10-cd97-11e6-b88d-ffae508c0205', '5', '1');
INSERT INTO `task_dispatch_loading_info` VALUES ('482b1c50-cd88-11e6-b699-f7176c686828', '482aa720-cd88-11e6-b699-f7176c686828', 'baa54090-cd87-11e6-b699-f7176c686828', '5', '1');
INSERT INTO `task_dispatch_loading_info` VALUES ('535cea00-ce81-11e6-ae0a-d19e25965f26', '535c74d0-ce81-11e6-ae0a-d19e25965f26', '414e6aa0-ce81-11e6-ae0a-d19e25965f26', '15', '1');
INSERT INTO `task_dispatch_loading_info` VALUES ('58500db0-cce4-11e6-9eb1-cb14892fa877', '584f4a60-cce4-11e6-9eb1-cb14892fa877', 'adf50510-cce2-11e6-87e5-658fa6569c11', '5', '1');
INSERT INTO `task_dispatch_loading_info` VALUES ('59ff5700-cd76-11e6-a374-6da3754fe6cf', '59febac0-cd76-11e6-a374-6da3754fe6cf', '9bd7b630-cd72-11e6-a374-6da3754fe6cf', '5', '1');
INSERT INTO `task_dispatch_loading_info` VALUES ('5b1c5df0-c8cf-11e6-97fa-439c4f2e4bd9', '5b1afe60-c8cf-11e6-97fa-439c4f2e4bd9', '1', '0', '1');
INSERT INTO `task_dispatch_loading_info` VALUES ('5c5fed80-ce8d-11e6-aec0-f9cc9933243c', '5c5e66e0-ce8d-11e6-aec0-f9cc9933243c', '414e6aa0-ce81-11e6-ae0a-d19e25965f26', '2', '1');
INSERT INTO `task_dispatch_loading_info` VALUES ('5ef46e50-ce7d-11e6-af85-3d3066d5f848', '5ef3ab00-ce7d-11e6-af85-3d3066d5f848', '4befcf20-ce7d-11e6-af85-3d3066d5f848', '10', '1');
INSERT INTO `task_dispatch_loading_info` VALUES ('60872b90-d157-11e6-9a36-41dcfaae90db', '6086b660-d157-11e6-9a36-41dcfaae90db', '25b36d00-d155-11e6-9a36-41dcfaae90db', '2', '1');
INSERT INTO `task_dispatch_loading_info` VALUES ('63b168f0-c8d1-11e6-91bc-11ac0d0cb489', '63acd510-c8d1-11e6-91bc-11ac0d0cb489', '1', '0', '1');
INSERT INTO `task_dispatch_loading_info` VALUES ('658ea8b0-cd98-11e6-bc2d-a55044349c4b', '658e0c70-cd98-11e6-bc2d-a55044349c4b', '523c2d10-cd97-11e6-b88d-ffae508c0205', '5', '1');
INSERT INTO `task_dispatch_loading_info` VALUES ('683c79c0-cccb-11e6-9207-df239d0a7cc2', '683bdd80-cccb-11e6-9207-df239d0a7cc2', 'f69d6bb0-cca9-11e6-b6af-cdaca8571654', '5', '2');
INSERT INTO `task_dispatch_loading_info` VALUES ('6b3acd00-ccc8-11e6-9d4e-675634196e13', '6b3a30c0-ccc8-11e6-9d4e-675634196e13', 'fec7f640-ccc5-11e6-9207-df239d0a7cc2', '10', '1');
INSERT INTO `task_dispatch_loading_info` VALUES ('6b3af410-ccc8-11e6-9d4e-675634196e13', '6b3a30c0-ccc8-11e6-9d4e-675634196e13', 'fec7f641-ccc5-11e6-9207-df239d0a7cc2', '0', '1');
INSERT INTO `task_dispatch_loading_info` VALUES ('6bfb5aa0-cd88-11e6-a782-8d8c341cc01d', '6bfa9750-cd88-11e6-a782-8d8c341cc01d', 'adf50510-cce2-11e6-87e5-658fa6569c11', '2', '1');
INSERT INTO `task_dispatch_loading_info` VALUES ('6f062bd0-cd97-11e6-b88d-ffae508c0205', '6f05b6a0-cd97-11e6-b88d-ffae508c0205', '523c2d10-cd97-11e6-b88d-ffae508c0205', '5', '1');
INSERT INTO `task_dispatch_loading_info` VALUES ('6f6b18e0-cd7b-11e6-a4e0-cf12c0a8c8b0', '6f6a5590-cd7b-11e6-a4e0-cf12c0a8c8b0', 'adf50510-cce2-11e6-87e5-658fa6569c11', '2', '1');
INSERT INTO `task_dispatch_loading_info` VALUES ('707a1b40-cda4-11e6-96fc-4196ce5c5fc1', '7079a610-cda4-11e6-96fc-4196ce5c5fc1', '542a2e80-cda4-11e6-96fc-4196ce5c5fc1', '5', '1');
INSERT INTO `task_dispatch_loading_info` VALUES ('709562f0-ccc9-11e6-9207-df239d0a7cc2', '7094edc0-ccc9-11e6-9207-df239d0a7cc2', '53b2d320-ccc9-11e6-9207-df239d0a7cc2', '10', '1');
INSERT INTO `task_dispatch_loading_info` VALUES ('71cab0b0-ce60-11e6-b909-0bed2c8dae22', '71ca1470-ce60-11e6-b909-0bed2c8dae22', '7852ce50-ce5a-11e6-b909-0bed2c8dae22', '2', '3');
INSERT INTO `task_dispatch_loading_info` VALUES ('71d82990-d313-11e6-9a6d-af3d8066a1af', '71d6ca00-d313-11e6-9a6d-af3d8066a1af', '375c8b30-d313-11e6-aa22-15579b3c8250', '5', '1');
INSERT INTO `task_dispatch_loading_info` VALUES ('7761d650-cda4-11e6-96fc-4196ce5c5fc1', '77616120-cda4-11e6-96fc-4196ce5c5fc1', '542a2e80-cda4-11e6-96fc-4196ce5c5fc1', '5', '1');
INSERT INTO `task_dispatch_loading_info` VALUES ('7a9e1a70-d166-11e6-9836-e9503d800356', '7a9d5720-d166-11e6-9836-e9503d800356', '9bd7b630-cd72-11e6-a374-6da3754fe6cf', '5', '1');
INSERT INTO `task_dispatch_loading_info` VALUES ('7b017a20-cc16-11e6-bbb3-770729231e04', '7b0041a0-cc16-11e6-bbb3-770729231e04', '3a5f0720-cb4f-11e6-b96a-9d8cafef6e11', '5', '1');
INSERT INTO `task_dispatch_loading_info` VALUES ('7b76f3f0-cda5-11e6-aa05-5335b4685ffa', '7b75e280-cda5-11e6-aa05-5335b4685ffa', '542a2e80-cda4-11e6-96fc-4196ce5c5fc1', '5', '1');
INSERT INTO `task_dispatch_loading_info` VALUES ('7bc53a00-cdb0-11e6-8fa6-c96f02f33ca0', '7bc42890-cdb0-11e6-8fa6-c96f02f33ca0', '504339e0-cdb0-11e6-8fa6-c96f02f33ca0', '10', '1');
INSERT INTO `task_dispatch_loading_info` VALUES ('7cb8d5b0-cd98-11e6-bc2d-a55044349c4b', '7cb86080-cd98-11e6-bc2d-a55044349c4b', '523c2d10-cd97-11e6-b88d-ffae508c0205', '5', '1');
INSERT INTO `task_dispatch_loading_info` VALUES ('7f3de160-d313-11e6-9a6d-af3d8066a1af', '7f3d6c30-d313-11e6-9a6d-af3d8066a1af', '375c8b30-d313-11e6-aa22-15579b3c8250', '5', '1');
INSERT INTO `task_dispatch_loading_info` VALUES ('871a2fb0-cdaf-11e6-9bb9-77fe2db16a6f', '87194550-cdaf-11e6-9bb9-77fe2db16a6f', '523c2d10-cd97-11e6-b88d-ffae508c0205', '5', '1');
INSERT INTO `task_dispatch_loading_info` VALUES ('87a0ae50-d250-11e6-942d-217102a6a696', '879f75d0-d250-11e6-942d-217102a6a696', '4f3741b0-ce6c-11e6-8af7-4701651947f3', '5', '1');
INSERT INTO `task_dispatch_loading_info` VALUES ('89b5ca60-d19a-11e6-a438-4bcaa32e46de', '89b443c0-d19a-11e6-a438-4bcaa32e46de', '68849760-d18e-11e6-90bc-15977fc57c62', '5', '2');
INSERT INTO `task_dispatch_loading_info` VALUES ('89ffbbf0-ccc9-11e6-9207-df239d0a7cc2', '89ff46c0-ccc9-11e6-9207-df239d0a7cc2', '53b2d320-ccc9-11e6-9207-df239d0a7cc2', '10', '1');
INSERT INTO `task_dispatch_loading_info` VALUES ('8b2c05b0-cd73-11e6-a374-6da3754fe6cf', '8b2b9080-cd73-11e6-a374-6da3754fe6cf', '9bd7b630-cd72-11e6-a374-6da3754fe6cf', '10', '1');
INSERT INTO `task_dispatch_loading_info` VALUES ('8e0dd090-cc0d-11e6-9691-67c02122da86', '8e0ce630-cc0d-11e6-9691-67c02122da86', 'e484e1d0-cc07-11e6-bf70-3df5f582a89d', '10', '1');
INSERT INTO `task_dispatch_loading_info` VALUES ('956bd400-d166-11e6-9836-e9503d800356', '956b85e0-d166-11e6-9836-e9503d800356', '9bd7b630-cd72-11e6-a374-6da3754fe6cf', '5', '1');
INSERT INTO `task_dispatch_loading_info` VALUES ('99fb4360-c7f3-11e6-96c9-213bad8c5d5e', '95338220-c7f3-11e6-96c9-213bad8c5d5e', 'db109ff0-c75b-11e6-a0fe-9d08bf706172', '5', '1');
INSERT INTO `task_dispatch_loading_info` VALUES ('9a231e20-cc0e-11e6-a43e-13bfb4cd35e6', '9a225ad0-cc0e-11e6-a43e-13bfb4cd35e6', '5f6f58c0-cc0e-11e6-a43e-13bfb4cd35e6', '10', '1');
INSERT INTO `task_dispatch_loading_info` VALUES ('9b95eaf0-ccb1-11e6-b65d-4f10098aed2b', '9b9575c0-ccb1-11e6-b65d-4f10098aed2b', 'fae52350-ccb0-11e6-b65d-4f10098aed2b', '10', '1');
INSERT INTO `task_dispatch_loading_info` VALUES ('a74b32c0-cda5-11e6-aa05-5335b4685ffa', 'a74abd90-cda5-11e6-aa05-5335b4685ffa', '53b2d320-ccc9-11e6-9207-df239d0a7cc2', '5', '1');
INSERT INTO `task_dispatch_loading_info` VALUES ('a83607f0-cda5-11e6-96fc-4196ce5c5fc1', 'a8356bb0-cda5-11e6-96fc-4196ce5c5fc1', '542a2e80-cda4-11e6-96fc-4196ce5c5fc1', '5', '1');
INSERT INTO `task_dispatch_loading_info` VALUES ('a9fe20e0-ce6d-11e6-8af7-4701651947f3', 'a9fd84a0-ce6d-11e6-8af7-4701651947f3', '4f3741b0-ce6c-11e6-8af7-4701651947f3', '2', '1');
INSERT INTO `task_dispatch_loading_info` VALUES ('acacbb80-ccbf-11e6-9207-df239d0a7cc2', 'acac4650-ccbf-11e6-9207-df239d0a7cc2', '98502d70-ccbf-11e6-9207-df239d0a7cc2', '5', '1');
INSERT INTO `task_dispatch_loading_info` VALUES ('af294170-c8d3-11e6-bcb1-b39b3b3e5056', 'af283000-c8d3-11e6-bcb1-b39b3b3e5056', '1', '10', '1');
INSERT INTO `task_dispatch_loading_info` VALUES ('af38b670-c9b2-11e6-b28c-f7e6108242ab', 'acd2b2f0-c9b2-11e6-b28c-f7e6108242ab', '3548b710-c8e6-11e6-bcb1-b39b3b3e5056', '5', '1');
INSERT INTO `task_dispatch_loading_info` VALUES ('b053cfc0-ce5a-11e6-b909-0bed2c8dae22', 'b0533380-ce5a-11e6-b909-0bed2c8dae22', '7852ce50-ce5a-11e6-b909-0bed2c8dae22', '10', '3');
INSERT INTO `task_dispatch_loading_info` VALUES ('b5c64c80-d166-11e6-9836-e9503d800356', 'b5c5d750-d166-11e6-9836-e9503d800356', '4f3741b0-ce6c-11e6-8af7-4701651947f3', '5', '1');
INSERT INTO `task_dispatch_loading_info` VALUES ('b5c9ba40-cc08-11e6-8184-e5701660dca3', 'b5c91e00-cc08-11e6-8184-e5701660dca3', 'e484e1d0-cc07-11e6-bf70-3df5f582a89d', '0', '1');
INSERT INTO `task_dispatch_loading_info` VALUES ('b7dced00-ce30-11e6-88b4-39337a9faed9', 'b7dc9ee0-ce30-11e6-88b4-39337a9faed9', '8d8710d0-ce30-11e6-88b4-39337a9faed9', '5', '1');
INSERT INTO `task_dispatch_loading_info` VALUES ('b89b26a0-c8cf-11e6-97fa-439c4f2e4bd9', 'b89ab170-c8cf-11e6-97fa-439c4f2e4bd9', '1', '10', '1');
INSERT INTO `task_dispatch_loading_info` VALUES ('bc9ceab0-cdaf-11e6-9bb9-77fe2db16a6f', 'bc9c4e70-cdaf-11e6-9bb9-77fe2db16a6f', '523c2d10-cd97-11e6-b88d-ffae508c0205', '2', '1');
INSERT INTO `task_dispatch_loading_info` VALUES ('bf84b870-cd9b-11e6-b88d-ffae508c0205', 'bf83a700-cd9b-11e6-b88d-ffae508c0205', 'a97438d0-cd9b-11e6-b88d-ffae508c0205', '5', '2');
INSERT INTO `task_dispatch_loading_info` VALUES ('c7a9f2e0-cca6-11e6-b6af-cdaca8571654', 'c7a9a4c0-cca6-11e6-b6af-cdaca8571654', '5f6f58c0-cc0e-11e6-a43e-13bfb4cd35e6', '5', '1');
INSERT INTO `task_dispatch_loading_info` VALUES ('c8049c80-cd97-11e6-bc2d-a55044349c4b', 'c803b220-cd97-11e6-bc2d-a55044349c4b', '523c2d10-cd97-11e6-b88d-ffae508c0205', '5', '1');
INSERT INTO `task_dispatch_loading_info` VALUES ('ca310b60-d166-11e6-9836-e9503d800356', 'ca30bd40-d166-11e6-9836-e9503d800356', '4f3741b0-ce6c-11e6-8af7-4701651947f3', '5', '1');
INSERT INTO `task_dispatch_loading_info` VALUES ('ca5728a0-d174-11e6-ac5b-9dc6f1f7188f', 'ca56b370-d174-11e6-ac5b-9dc6f1f7188f', 'be29f0d0-d174-11e6-ac5b-9dc6f1f7188f', '10', '1');
INSERT INTO `task_dispatch_loading_info` VALUES ('ca9a63c0-c8cf-11e6-97fa-439c4f2e4bd9', 'ca99ee90-c8cf-11e6-97fa-439c4f2e4bd9', '1', '0', '1');
INSERT INTO `task_dispatch_loading_info` VALUES ('caadc470-ce50-11e6-b909-0bed2c8dae22', 'caad2830-ce50-11e6-b909-0bed2c8dae22', '9d000ab0-ce50-11e6-b909-0bed2c8dae22', '2', '1');
INSERT INTO `task_dispatch_loading_info` VALUES ('cf842260-cda5-11e6-aa05-5335b4685ffa', 'cf838620-cda5-11e6-aa05-5335b4685ffa', '542a2e80-cda4-11e6-96fc-4196ce5c5fc1', '5', '1');
INSERT INTO `task_dispatch_loading_info` VALUES ('d0488a30-cdad-11e6-a778-63d73d329fc9', 'd0481500-cdad-11e6-a778-63d73d329fc9', '523c2d10-cd97-11e6-b88d-ffae508c0205', '5', '1');
INSERT INTO `task_dispatch_loading_info` VALUES ('e09ffd00-cb37-11e6-891f-87f92ef354b6', 'e09e9d70-cb37-11e6-891f-87f92ef354b6', '3548b710-c8e6-11e6-bcb1-b39b3b3e5056', '0', '1');
INSERT INTO `task_dispatch_loading_info` VALUES ('e2565090-ce4d-11e6-9b15-ad271eab55b7', 'e255db60-ce4d-11e6-9b15-ad271eab55b7', 'cad5ed40-ce4d-11e6-9b15-ad271eab55b7', '10', '1');
INSERT INTO `task_dispatch_loading_info` VALUES ('e85bd2a0-d166-11e6-9836-e9503d800356', 'e85b3660-d166-11e6-9836-e9503d800356', '4f3741b0-ce6c-11e6-8af7-4701651947f3', '5', '1');
INSERT INTO `task_dispatch_loading_info` VALUES ('e868f560-d18f-11e6-bedd-57c5fc4410b7', 'e8688030-d18f-11e6-bedd-57c5fc4410b7', 'd0ceef90-d18f-11e6-bedd-57c5fc4410b7', '10', '1');
INSERT INTO `task_dispatch_loading_info` VALUES ('e9a7c2c0-ce75-11e6-aa8a-4fce5cf821b5', 'e9a74d90-ce75-11e6-aa8a-4fce5cf821b5', 'be776510-ce75-11e6-aa8a-4fce5cf821b5', '10', '1');
INSERT INTO `task_dispatch_loading_info` VALUES ('eae2e410-cd73-11e6-a374-6da3754fe6cf', 'eae26ee0-cd73-11e6-a374-6da3754fe6cf', '9bd7b630-cd72-11e6-a374-6da3754fe6cf', '5', '1');
INSERT INTO `task_dispatch_loading_info` VALUES ('eaf17320-cdac-11e6-a778-63d73d329fc9', 'eaf0afd0-cdac-11e6-a778-63d73d329fc9', 'b9c78af0-cdac-11e6-a778-63d73d329fc9', '5', '3');
INSERT INTO `task_dispatch_loading_info` VALUES ('eb88e4d0-ce33-11e6-9b15-ad271eab55b7', 'eb886fa0-ce33-11e6-9b15-ad271eab55b7', 'd07a51b0-ce33-11e6-9b15-ad271eab55b7', '10', '1');
INSERT INTO `task_dispatch_loading_info` VALUES ('ed0558a0-cda4-11e6-96fc-4196ce5c5fc1', 'ed04bc60-cda4-11e6-96fc-4196ce5c5fc1', '542a2e80-cda4-11e6-96fc-4196ce5c5fc1', '5', '1');
INSERT INTO `task_dispatch_loading_info` VALUES ('f0f31820-c8c3-11e6-aaeb-33427550603e', 'f0f16a70-c8c3-11e6-aaeb-33427550603e', 'be93e440-c8c3-11e6-aaeb-33427550603e', '10', '1');
INSERT INTO `task_dispatch_loading_info` VALUES ('f125fc90-d156-11e6-9a36-41dcfaae90db', 'f1258760-d156-11e6-9a36-41dcfaae90db', '25b36d00-d155-11e6-9a36-41dcfaae90db', '2', '1');
INSERT INTO `task_dispatch_loading_info` VALUES ('f24b1b00-ccc9-11e6-9207-df239d0a7cc2', 'f24aa5d0-ccc9-11e6-9207-df239d0a7cc2', '53b2d320-ccc9-11e6-9207-df239d0a7cc2', '10', '1');
INSERT INTO `task_dispatch_loading_info` VALUES ('f445d9b0-c8d0-11e6-91bc-11ac0d0cb489', 'f4442c00-c8d0-11e6-91bc-11ac0d0cb489', '1', '0', '1');
INSERT INTO `task_dispatch_loading_info` VALUES ('f973cb30-ce80-11e6-ae0a-d19e25965f26', 'f9735600-ce80-11e6-ae0a-d19e25965f26', 'd8b0cce0-ce80-11e6-ae0a-d19e25965f26', '5', '1');
INSERT INTO `task_dispatch_loading_info` VALUES ('fbc04130-cd99-11e6-b154-f5cbda8a31c5', 'fbbf08b0-cd99-11e6-b154-f5cbda8a31c5', '7c45fb10-cca5-11e6-b6af-cdaca8571654', '2', '2');

-- ----------------------------
-- Table structure for task_dispatch_offer
-- ----------------------------
DROP TABLE IF EXISTS `task_dispatch_offer`;
CREATE TABLE `task_dispatch_offer` (
  `id` char(36) CHARACTER SET utf8 COLLATE utf8_bin NOT NULL DEFAULT '',
  `task_dispatch_id` char(36) CHARACTER SET utf8 COLLATE utf8_bin NOT NULL,
  `vehicle_id` char(36) CHARACTER SET utf8 COLLATE utf8_bin NOT NULL,
  `offer` decimal(11,2) DEFAULT NULL,
  `status` varchar(30) DEFAULT NULL,
  `creator_id` char(36) CHARACTER SET utf8 COLLATE utf8_bin DEFAULT NULL,
  `create_time` datetime NOT NULL,
  `update_time` datetime NOT NULL,
  `delete_time` datetime DEFAULT NULL,
  PRIMARY KEY (`id`),
  KEY `task_dispatch_id` (`task_dispatch_id`),
  KEY `creator_id` (`creator_id`),
  CONSTRAINT `task_dispatch_offer_ibfk_1` FOREIGN KEY (`task_dispatch_id`) REFERENCES `task_dispatch` (`id`) ON DELETE NO ACTION ON UPDATE CASCADE,
  CONSTRAINT `task_dispatch_offer_ibfk_2` FOREIGN KEY (`creator_id`) REFERENCES `user` (`id`) ON DELETE NO ACTION ON UPDATE CASCADE
) ENGINE=InnoDB DEFAULT CHARSET=utf8 ROW_FORMAT=COMPACT COMMENT='货单运输车辆报价表';

-- ----------------------------
-- Records of task_dispatch_offer
-- ----------------------------
INSERT INTO `task_dispatch_offer` VALUES ('0044fa50-d19d-11e6-bf3c-3de2cb4f83c6', '00434ca0-d19d-11e6-bf3c-3de2cb4f83c6', '4360dc00-d157-11e6-9a36-41dcfaae90db', null, 'SELECTED', '16eb09f0-c0d8-11e6-8ebd-1b0f078634cf', '2017-01-03 18:11:32', '2017-01-03 18:12:47', null);
INSERT INTO `task_dispatch_offer` VALUES ('019b2550-cd88-11e6-b699-f7176c686828', '0199c5c0-cd88-11e6-b699-f7176c686828', '2bb715d0-cc14-11e6-a4c4-0d791db965b9', null, 'ACCEPTED', '16eb09f0-c0d8-11e6-8ebd-1b0f078634cf', '2016-12-29 13:31:10', '2016-12-29 13:31:39', null);
INSERT INTO `task_dispatch_offer` VALUES ('02b91f00-c8d3-11e6-bcb1-b39b3b3e5056', '02b6d510-c8d3-11e6-bcb1-b39b3b3e5056', 'd63fc370-c599-11e6-b6ec-cf8040d8331d', null, null, '16eb09f0-c0d8-11e6-8ebd-1b0f078634cf', '2016-12-23 13:45:29', '2016-12-23 13:45:29', null);
INSERT INTO `task_dispatch_offer` VALUES ('0780c280-c97e-11e6-8169-bb714fa9b1fe', '077db540-c97e-11e6-8169-bb714fa9b1fe', '9cc9c140-c8e6-11e6-bcb1-b39b3b3e5056', null, 'SELECTED', '16eb09f0-c0d8-11e6-8ebd-1b0f078634cf', '2016-12-24 10:09:41', '2016-12-27 13:51:17', null);
INSERT INTO `task_dispatch_offer` VALUES ('0796c420-c8d1-11e6-91bc-11ac0d0cb489', '07956490-c8d1-11e6-91bc-11ac0d0cb489', 'd63fc370-c599-11e6-b6ec-cf8040d8331d', null, null, '16eb09f0-c0d8-11e6-8ebd-1b0f078634cf', '2016-12-23 13:31:18', '2016-12-23 13:31:18', null);
INSERT INTO `task_dispatch_offer` VALUES ('0fccb9b0-d19b-11e6-a438-4bcaa32e46de', '0fcae4f0-d19b-11e6-a438-4bcaa32e46de', '2bb715d0-cc14-11e6-a4c4-0d791db965b9', '200.00', 'SELECTED', '16eb09f0-c0d8-11e6-8ebd-1b0f078634cf', '2017-01-03 17:57:39', '2017-01-04 18:13:38', null);
INSERT INTO `task_dispatch_offer` VALUES ('125af610-c8d1-11e6-91bc-11ac0d0cb489', '12596f70-c8d1-11e6-91bc-11ac0d0cb489', 'd63fc370-c599-11e6-b6ec-cf8040d8331d', null, null, '16eb09f0-c0d8-11e6-8ebd-1b0f078634cf', '2016-12-23 13:31:36', '2016-12-23 13:31:36', null);
INSERT INTO `task_dispatch_offer` VALUES ('12ceace0-ccaa-11e6-b6af-cdaca8571654', '12c11850-ccaa-11e6-b6af-cdaca8571654', '1132c150-cc14-11e6-a4c4-0d791db965b9', '200.00', 'OFFERED', '16eb09f0-c0d8-11e6-8ebd-1b0f078634cf', '2016-12-28 11:02:31', '2017-01-03 16:37:34', null);
INSERT INTO `task_dispatch_offer` VALUES ('12d6fa60-cce3-11e6-87e5-658fa6569c11', '12d573c0-cce3-11e6-87e5-658fa6569c11', 'ccddba90-cce1-11e6-87e5-658fa6569c11', '1000.00', 'SELECTED', 'be8100f0-ccd3-11e6-aa45-59ef6cfe454d', '2016-12-28 17:50:32', '2016-12-28 18:00:17', null);
INSERT INTO `task_dispatch_offer` VALUES ('1b600960-cce3-11e6-87e5-658fa6569c11', '1b5ea9d0-cce3-11e6-87e5-658fa6569c11', 'f6dceb40-cce1-11e6-87e5-658fa6569c11', '1000.00', 'SELECTED', 'be8100f0-ccd3-11e6-aa45-59ef6cfe454d', '2016-12-28 17:50:47', '2016-12-28 18:00:51', null);
INSERT INTO `task_dispatch_offer` VALUES ('1c9941c0-d17a-11e6-ac5b-9dc6f1f7188f', '1c985760-d17a-11e6-ac5b-9dc6f1f7188f', '4360dc00-d157-11e6-9a36-41dcfaae90db', '4000.00', 'SELECTED', '16eb09f0-c0d8-11e6-8ebd-1b0f078634cf', '2017-01-03 14:01:47', '2017-01-03 14:02:12', null);
INSERT INTO `task_dispatch_offer` VALUES ('1e0eb820-c8d1-11e6-91bc-11ac0d0cb489', '1e0d7fa0-c8d1-11e6-91bc-11ac0d0cb489', 'd63fc370-c599-11e6-b6ec-cf8040d8331d', null, null, '16eb09f0-c0d8-11e6-8ebd-1b0f078634cf', '2016-12-23 13:31:55', '2016-12-23 13:31:55', null);
INSERT INTO `task_dispatch_offer` VALUES ('1e1ee371-ccb0-11e6-b65d-4f10098aed2b', '1e1c7270-ccb0-11e6-b65d-4f10098aed2b', '1132c150-cc14-11e6-a4c4-0d791db965b9', '23000.00', 'SELECTED', '16eb09f0-c0d8-11e6-8ebd-1b0f078634cf', '2016-12-28 11:45:47', '2016-12-28 11:46:34', null);
INSERT INTO `task_dispatch_offer` VALUES ('230a14e0-cda5-11e6-a6c1-fb4d9203e65d', '23086730-cda5-11e6-a6c1-fb4d9203e65d', '9cc9c140-c8e6-11e6-bcb1-b39b3b3e5056', null, 'NO_OFFER', '16eb09f0-c0d8-11e6-8ebd-1b0f078634cf', '2016-12-29 16:59:42', '2016-12-29 16:59:42', null);
INSERT INTO `task_dispatch_offer` VALUES ('23f590e0-c8c4-11e6-aaeb-33427550603e', '23f43150-c8c4-11e6-aaeb-33427550603e', 'd63fc370-c599-11e6-b6ec-cf8040d8331d', null, null, '16eb09f0-c0d8-11e6-8ebd-1b0f078634cf', '2016-12-23 11:59:02', '2016-12-23 11:59:02', null);
INSERT INTO `task_dispatch_offer` VALUES ('28867320-d316-11e6-9533-fddfa4a34371', '28849e60-d316-11e6-9533-fddfa4a34371', '22d9ec00-cc17-11e6-a01e-839273cde757', null, 'SELECTED', '16eb09f0-c0d8-11e6-8ebd-1b0f078634cf', '2017-01-05 15:11:20', '2017-01-05 15:12:34', null);
INSERT INTO `task_dispatch_offer` VALUES ('28ce0e60-ce7f-11e6-af85-3d3066d5f848', '28ccfcf0-ce7f-11e6-af85-3d3066d5f848', '6ea74740-cc08-11e6-8184-e5701660dca3', '1000.00', 'SELECTED', '16eb09f0-c0d8-11e6-8ebd-1b0f078634cf', '2016-12-30 19:00:22', '2016-12-30 19:00:43', null);
INSERT INTO `task_dispatch_offer` VALUES ('28e304c0-c8d3-11e6-bcb1-b39b3b3e5056', '28e1a530-c8d3-11e6-bcb1-b39b3b3e5056', 'd63fc370-c599-11e6-b6ec-cf8040d8331d', null, null, '16eb09f0-c0d8-11e6-8ebd-1b0f078634cf', '2016-12-23 13:46:33', '2016-12-23 13:46:33', null);
INSERT INTO `task_dispatch_offer` VALUES ('28f13120-ce5b-11e6-b909-0bed2c8dae22', '28f046c0-ce5b-11e6-b909-0bed2c8dae22', 'c6bacd60-cca5-11e6-b6af-cdaca8571654', '2000.00', 'SELECTED', '16eb09f0-c0d8-11e6-8ebd-1b0f078634cf', '2016-12-30 14:42:40', '2016-12-30 14:43:12', null);
INSERT INTO `task_dispatch_offer` VALUES ('302a43b0-ce5f-11e6-b909-0bed2c8dae22', '30293240-ce5f-11e6-b909-0bed2c8dae22', '9cc9c140-c8e6-11e6-bcb1-b39b3b3e5056', '3000.00', 'SELECTED', '16eb09f0-c0d8-11e6-8ebd-1b0f078634cf', '2016-12-30 15:11:30', '2016-12-30 15:12:02', null);
INSERT INTO `task_dispatch_offer` VALUES ('34c65770-cca6-11e6-b6af-cdaca8571654', '34c4d0d0-cca6-11e6-b6af-cdaca8571654', 'c6bacd60-cca5-11e6-b6af-cdaca8571654', null, 'NO_OFFER', '16eb09f0-c0d8-11e6-8ebd-1b0f078634cf', '2016-12-28 10:34:50', '2016-12-28 10:34:50', null);
INSERT INTO `task_dispatch_offer` VALUES ('36a50ab0-d155-11e6-9a36-41dcfaae90db', '36a3f940-d155-11e6-9a36-41dcfaae90db', '5b68f740-ce75-11e6-aa8a-4fce5cf821b5', null, 'SELECTED', '16eb09f0-c0d8-11e6-8ebd-1b0f078634cf', '2017-01-03 09:37:40', '2017-01-03 09:38:16', null);
INSERT INTO `task_dispatch_offer` VALUES ('39b384c0-ccd7-11e6-8ed2-a9989016036b', '39b161e0-ccd7-11e6-8ed2-a9989016036b', '6b3d48a0-cc05-11e6-bf70-3df5f582a89d', null, 'NO_OFFER', '16eb09f0-c0d8-11e6-8ebd-1b0f078634cf', '2016-12-28 16:25:43', '2016-12-28 16:25:43', null);
INSERT INTO `task_dispatch_offer` VALUES ('3ba9e990-c8d1-11e6-91bc-11ac0d0cb489', '3ba8ff30-c8d1-11e6-91bc-11ac0d0cb489', 'd63fc370-c599-11e6-b6ec-cf8040d8331d', null, null, '16eb09f0-c0d8-11e6-8ebd-1b0f078634cf', '2016-12-23 13:32:45', '2016-12-23 13:32:45', null);
INSERT INTO `task_dispatch_offer` VALUES ('3bca7120-ccc7-11e6-9207-df239d0a7cc2', '3bc8c370-ccc7-11e6-9207-df239d0a7cc2', 'c6bacd60-cca5-11e6-b6af-cdaca8571654', null, 'NO_OFFER', '16eb09f0-c0d8-11e6-8ebd-1b0f078634cf', '2016-12-28 14:31:15', '2016-12-28 14:31:15', null);
INSERT INTO `task_dispatch_offer` VALUES ('3db0e450-cd8b-11e6-836b-490bbd6b228d', '3daf84c0-cd8b-11e6-836b-490bbd6b228d', 'ccddba90-cce1-11e6-87e5-658fa6569c11', '1000.00', 'SELECTED', 'be8100f0-ccd3-11e6-aa45-59ef6cfe454d', '2016-12-29 13:54:20', '2016-12-29 14:12:35', null);
INSERT INTO `task_dispatch_offer` VALUES ('45446970-ccbf-11e6-9207-df239d0a7cc2', '45359c60-ccbf-11e6-9207-df239d0a7cc2', '9cc9c140-c8e6-11e6-bcb1-b39b3b3e5056', null, 'NO_OFFER', '16eb09f0-c0d8-11e6-8ebd-1b0f078634cf', '2016-12-28 13:34:15', '2016-12-28 13:34:15', null);
INSERT INTO `task_dispatch_offer` VALUES ('47728770-cd98-11e6-bc2d-a55044349c4b', '47719d10-cd98-11e6-bc2d-a55044349c4b', 'c6bacd60-cca5-11e6-b6af-cdaca8571654', null, 'NO_OFFER', '16eb09f0-c0d8-11e6-8ebd-1b0f078634cf', '2016-12-29 15:27:39', '2016-12-29 15:27:39', null);
INSERT INTO `task_dispatch_offer` VALUES ('48375150-cd88-11e6-b699-f7176c686828', '482aa720-cd88-11e6-b699-f7176c686828', '4e5f52c0-cd70-11e6-a374-6da3754fe6cf', null, 'SELECTED', '16eb09f0-c0d8-11e6-8ebd-1b0f078634cf', '2016-12-29 13:33:09', '2016-12-29 13:34:25', null);
INSERT INTO `task_dispatch_offer` VALUES ('535d8640-ce81-11e6-ae0a-d19e25965f26', '535c74d0-ce81-11e6-ae0a-d19e25965f26', '1132c150-cc14-11e6-a4c4-0d791db965b9', null, 'SELECTED', '16eb09f0-c0d8-11e6-8ebd-1b0f078634cf', '2016-12-30 19:15:52', '2016-12-30 19:16:11', null);
INSERT INTO `task_dispatch_offer` VALUES ('585f01d0-cce4-11e6-9eb1-cb14892fa877', '584f4a60-cce4-11e6-9eb1-cb14892fa877', 'f6dceb40-cce1-11e6-87e5-658fa6569c11', '1000.00', 'SELECTED', 'be8100f0-ccd3-11e6-aa45-59ef6cfe454d', '2016-12-28 17:59:38', '2016-12-29 11:57:29', null);
INSERT INTO `task_dispatch_offer` VALUES ('5a0e2410-cd76-11e6-a374-6da3754fe6cf', '59febac0-cd76-11e6-a374-6da3754fe6cf', '2bb715d0-cc14-11e6-a4c4-0d791db965b9', null, 'SELECTED', 'dc0db760-cd6b-11e6-a374-6da3754fe6cf', '2016-12-29 11:24:48', '2016-12-29 11:25:27', null);
INSERT INTO `task_dispatch_offer` VALUES ('5b1d2140-c8cf-11e6-97fa-439c4f2e4bd9', '5b1afe60-c8cf-11e6-97fa-439c4f2e4bd9', 'd63fc370-c599-11e6-b6ec-cf8040d8331d', null, null, '16eb09f0-c0d8-11e6-8ebd-1b0f078634cf', '2016-12-23 13:19:19', '2016-12-23 13:19:19', null);
INSERT INTO `task_dispatch_offer` VALUES ('5c619b30-ce8d-11e6-aec0-f9cc9933243c', '5c5e66e0-ce8d-11e6-aec0-f9cc9933243c', '5b68f740-ce75-11e6-aa8a-4fce5cf821b5', null, 'ACCEPTED', '16eb09f0-c0d8-11e6-8ebd-1b0f078634cf', '2016-12-30 20:42:01', '2016-12-30 20:42:37', null);
INSERT INTO `task_dispatch_offer` VALUES ('5ef4e380-ce7d-11e6-af85-3d3066d5f848', '5ef3ab00-ce7d-11e6-af85-3d3066d5f848', '9cc9c140-c8e6-11e6-bcb1-b39b3b3e5056', '1000.00', 'SELECTED', '16eb09f0-c0d8-11e6-8ebd-1b0f078634cf', '2016-12-30 18:47:34', '2016-12-30 18:48:03', null);
INSERT INTO `task_dispatch_offer` VALUES ('6087c7d0-d157-11e6-9a36-41dcfaae90db', '6086b660-d157-11e6-9a36-41dcfaae90db', '4360dc00-d157-11e6-9a36-41dcfaae90db', null, 'ACCEPTED', '16eb09f0-c0d8-11e6-8ebd-1b0f078634cf', '2017-01-03 09:53:09', '2017-01-03 09:53:17', null);
INSERT INTO `task_dispatch_offer` VALUES ('63b20530-c8d1-11e6-91bc-11ac0d0cb489', '63acd510-c8d1-11e6-91bc-11ac0d0cb489', 'd63fc370-c599-11e6-b6ec-cf8040d8331d', null, null, '16eb09f0-c0d8-11e6-8ebd-1b0f078634cf', '2016-12-23 13:33:52', '2016-12-23 13:33:52', null);
INSERT INTO `task_dispatch_offer` VALUES ('658f44f0-cd98-11e6-bc2d-a55044349c4b', '658e0c70-cd98-11e6-bc2d-a55044349c4b', '6b3d48a0-cc05-11e6-bf70-3df5f582a89d', null, 'NO_OFFER', '16eb09f0-c0d8-11e6-8ebd-1b0f078634cf', '2016-12-29 15:28:30', '2016-12-29 15:28:30', null);
INSERT INTO `task_dispatch_offer` VALUES ('683d6420-cccb-11e6-9207-df239d0a7cc2', '683bdd80-cccb-11e6-9207-df239d0a7cc2', '1132c150-cc14-11e6-a4c4-0d791db965b9', null, 'SELECTED', '16eb09f0-c0d8-11e6-8ebd-1b0f078634cf', '2016-12-28 15:01:08', '2016-12-28 15:02:54', null);
INSERT INTO `task_dispatch_offer` VALUES ('6b3bb760-ccc8-11e6-9d4e-675634196e13', '6b3a30c0-ccc8-11e6-9d4e-675634196e13', '1132c150-cc14-11e6-a4c4-0d791db965b9', '1000.00', 'SELECTED', '16eb09f0-c0d8-11e6-8ebd-1b0f078634cf', '2016-12-28 14:39:44', '2016-12-28 14:43:53', null);
INSERT INTO `task_dispatch_offer` VALUES ('6bfc1df0-cd88-11e6-a782-8d8c341cc01d', '6bfa9750-cd88-11e6-a782-8d8c341cc01d', 'ccddba90-cce1-11e6-87e5-658fa6569c11', null, 'NO_OFFER', 'be8100f0-ccd3-11e6-aa45-59ef6cfe454d', '2016-12-29 13:34:09', '2016-12-29 13:34:09', null);
INSERT INTO `task_dispatch_offer` VALUES ('6f06ef20-cd97-11e6-b88d-ffae508c0205', '6f05b6a0-cd97-11e6-b88d-ffae508c0205', '2bb715d0-cc14-11e6-a4c4-0d791db965b9', '5000.00', 'OFFERED', '16eb09f0-c0d8-11e6-8ebd-1b0f078634cf', '2016-12-29 15:21:36', '2016-12-29 15:21:59', null);
INSERT INTO `task_dispatch_offer` VALUES ('6f6bb520-cd7b-11e6-a4e0-cf12c0a8c8b0', '6f6a5590-cd7b-11e6-a4e0-cf12c0a8c8b0', 'ccddba90-cce1-11e6-87e5-658fa6569c11', '200.00', 'SELECTED', 'be8100f0-ccd3-11e6-aa45-59ef6cfe454d', '2016-12-29 12:01:11', '2016-12-29 12:02:10', null);
INSERT INTO `task_dispatch_offer` VALUES ('707ade90-cda4-11e6-96fc-4196ce5c5fc1', '7079a610-cda4-11e6-96fc-4196ce5c5fc1', '1132c150-cc14-11e6-a4c4-0d791db965b9', null, 'ACCEPTED', '16eb09f0-c0d8-11e6-8ebd-1b0f078634cf', '2016-12-29 16:54:42', '2017-01-03 18:00:02', null);
INSERT INTO `task_dispatch_offer` VALUES ('7095d820-ccc9-11e6-9207-df239d0a7cc2', '7094edc0-ccc9-11e6-9207-df239d0a7cc2', '9cc9c140-c8e6-11e6-bcb1-b39b3b3e5056', null, 'NO_OFFER', '16eb09f0-c0d8-11e6-8ebd-1b0f078634cf', '2016-12-28 14:47:03', '2016-12-28 14:47:03', null);
INSERT INTO `task_dispatch_offer` VALUES ('71cb25e0-ce60-11e6-b909-0bed2c8dae22', '71ca1470-ce60-11e6-b909-0bed2c8dae22', '6b3d48a0-cc05-11e6-bf70-3df5f582a89d', null, 'SELECTED', '16eb09f0-c0d8-11e6-8ebd-1b0f078634cf', '2016-12-30 15:20:30', '2016-12-30 15:21:48', null);
INSERT INTO `task_dispatch_offer` VALUES ('71d8ece0-d313-11e6-9a6d-af3d8066a1af', '71d6ca00-d313-11e6-9a6d-af3d8066a1af', '1132c150-cc14-11e6-a4c4-0d791db965b9', null, 'NO_OFFER', '16eb09f0-c0d8-11e6-8ebd-1b0f078634cf', '2017-01-05 14:51:54', '2017-01-05 14:51:54', null);
INSERT INTO `task_dispatch_offer` VALUES ('77627290-cda4-11e6-96fc-4196ce5c5fc1', '77616120-cda4-11e6-96fc-4196ce5c5fc1', '1132c150-cc14-11e6-a4c4-0d791db965b9', '1000.00', 'SELECTED', '16eb09f0-c0d8-11e6-8ebd-1b0f078634cf', '2016-12-29 16:54:54', '2016-12-29 16:55:44', null);
INSERT INTO `task_dispatch_offer` VALUES ('7a9eddc0-d166-11e6-9836-e9503d800356', '7a9d5720-d166-11e6-9836-e9503d800356', 'c6c9ab50-cd72-11e6-a374-6da3754fe6cf', null, 'NO_OFFER', 'dc0db760-cd6b-11e6-a374-6da3754fe6cf', '2017-01-03 11:41:15', '2017-01-03 11:41:15', null);
INSERT INTO `task_dispatch_offer` VALUES ('7b0e2450-cc16-11e6-bbb3-770729231e04', '7b0041a0-cc16-11e6-bbb3-770729231e04', '42c25b10-cc12-11e6-9691-67c02122da86', '200.00', 'SELECTED', '16eb09f0-c0d8-11e6-8ebd-1b0f078634cf', '2016-12-27 17:26:00', '2016-12-27 17:28:30', null);
INSERT INTO `task_dispatch_offer` VALUES ('7b837710-cda5-11e6-aa05-5335b4685ffa', '7b75e280-cda5-11e6-aa05-5335b4685ffa', '1132c150-cc14-11e6-a4c4-0d791db965b9', '100.00', 'OFFERED', '16eb09f0-c0d8-11e6-8ebd-1b0f078634cf', '2016-12-29 17:02:10', '2017-01-04 18:11:08', null);
INSERT INTO `task_dispatch_offer` VALUES ('7bcfe860-cdb0-11e6-8fa6-c96f02f33ca0', '7bc42890-cdb0-11e6-8fa6-c96f02f33ca0', '2bb715d0-cc14-11e6-a4c4-0d791db965b9', null, 'SELECTED', '16eb09f0-c0d8-11e6-8ebd-1b0f078634cf', '2016-12-29 18:20:55', '2016-12-29 18:21:41', null);
INSERT INTO `task_dispatch_offer` VALUES ('7cc66a40-cd98-11e6-bc2d-a55044349c4b', '7cb86080-cd98-11e6-bc2d-a55044349c4b', '9cc9c140-c8e6-11e6-bcb1-b39b3b3e5056', null, 'NO_OFFER', '16eb09f0-c0d8-11e6-8ebd-1b0f078634cf', '2016-12-29 15:29:09', '2016-12-29 15:29:09', null);
INSERT INTO `task_dispatch_offer` VALUES ('7f3e5690-d313-11e6-9a6d-af3d8066a1af', '7f3d6c30-d313-11e6-9a6d-af3d8066a1af', '2099f1b0-c8e3-11e6-bcb1-b39b3b3e5056', null, 'SELECTED', '16eb09f0-c0d8-11e6-8ebd-1b0f078634cf', '2017-01-05 14:52:17', '2017-01-05 15:03:31', null);
INSERT INTO `task_dispatch_offer` VALUES ('871b4120-cdaf-11e6-9bb9-77fe2db16a6f', '87194550-cdaf-11e6-9bb9-77fe2db16a6f', '6ea74740-cc08-11e6-8184-e5701660dca3', null, 'NO_OFFER', '16eb09f0-c0d8-11e6-8ebd-1b0f078634cf', '2016-12-29 18:14:05', '2016-12-29 18:14:05', null);
INSERT INTO `task_dispatch_offer` VALUES ('87a171a0-d250-11e6-942d-217102a6a696', '879f75d0-d250-11e6-942d-217102a6a696', '42c25b10-cc12-11e6-9691-67c02122da86', '1000.00', 'SELECTED', '16eb09f0-c0d8-11e6-8ebd-1b0f078634cf', '2017-01-04 15:36:39', '2017-01-05 09:47:17', null);
INSERT INTO `task_dispatch_offer` VALUES ('89b6b4c0-d19a-11e6-a438-4bcaa32e46de', '89b443c0-d19a-11e6-a438-4bcaa32e46de', '2bb715d0-cc14-11e6-a4c4-0d791db965b9', null, 'SELECTED', '16eb09f0-c0d8-11e6-8ebd-1b0f078634cf', '2017-01-03 17:53:54', '2017-01-03 18:04:45', null);
INSERT INTO `task_dispatch_offer` VALUES ('8a005830-ccc9-11e6-9207-df239d0a7cc2', '89ff46c0-ccc9-11e6-9207-df239d0a7cc2', '9cc9c140-c8e6-11e6-bcb1-b39b3b3e5056', null, 'NO_OFFER', '16eb09f0-c0d8-11e6-8ebd-1b0f078634cf', '2016-12-28 14:47:45', '2016-12-28 14:47:45', null);
INSERT INTO `task_dispatch_offer` VALUES ('8b2c7ae0-cd73-11e6-a374-6da3754fe6cf', '8b2b9080-cd73-11e6-a374-6da3754fe6cf', 'c6c9ab50-cd72-11e6-a374-6da3754fe6cf', null, 'NO_OFFER', 'dc0db760-cd6b-11e6-a374-6da3754fe6cf', '2016-12-29 11:04:42', '2016-12-29 11:04:42', null);
INSERT INTO `task_dispatch_offer` VALUES ('8e0ebaf0-cc0d-11e6-9691-67c02122da86', '8e0ce630-cc0d-11e6-9691-67c02122da86', '12715240-cc08-11e6-8a6e-e72ebb9947db', '1000.00', 'SELECTED', '16eb09f0-c0d8-11e6-8ebd-1b0f078634cf', '2016-12-27 16:22:07', '2016-12-27 16:23:48', null);
INSERT INTO `task_dispatch_offer` VALUES ('95787e31-d166-11e6-9836-e9503d800356', '956b85e0-d166-11e6-9836-e9503d800356', 'c6c9ab50-cd72-11e6-a374-6da3754fe6cf', null, 'NO_OFFER', 'dc0db760-cd6b-11e6-a374-6da3754fe6cf', '2017-01-03 11:42:00', '2017-01-03 11:42:00', null);
INSERT INTO `task_dispatch_offer` VALUES ('9a2f5320-cc0e-11e6-a43e-13bfb4cd35e6', '9a225ad0-cc0e-11e6-a43e-13bfb4cd35e6', '9cc9c140-c8e6-11e6-bcb1-b39b3b3e5056', '500.00', 'SELECTED', '16eb09f0-c0d8-11e6-8ebd-1b0f078634cf', '2016-12-27 16:29:36', '2016-12-27 16:30:54', null);
INSERT INTO `task_dispatch_offer` VALUES ('9b968730-ccb1-11e6-b65d-4f10098aed2b', '9b9575c0-ccb1-11e6-b65d-4f10098aed2b', '42c25b10-cc12-11e6-9691-67c02122da86', null, 'NO_OFFER', '16eb09f0-c0d8-11e6-8ebd-1b0f078634cf', '2016-12-28 11:56:27', '2016-12-28 11:56:27', null);
INSERT INTO `task_dispatch_offer` VALUES ('a74bcf00-cda5-11e6-aa05-5335b4685ffa', 'a74abd90-cda5-11e6-aa05-5335b4685ffa', '6b3d48a0-cc05-11e6-bf70-3df5f582a89d', null, 'NO_OFFER', '16eb09f0-c0d8-11e6-8ebd-1b0f078634cf', '2016-12-29 17:03:24', '2016-12-29 17:03:24', null);
INSERT INTO `task_dispatch_offer` VALUES ('a8367d20-cda5-11e6-96fc-4196ce5c5fc1', 'a8356bb0-cda5-11e6-96fc-4196ce5c5fc1', '6b3d48a0-cc05-11e6-bf70-3df5f582a89d', null, 'NO_OFFER', '16eb09f0-c0d8-11e6-8ebd-1b0f078634cf', '2016-12-29 17:03:25', '2016-12-29 17:03:25', null);
INSERT INTO `task_dispatch_offer` VALUES ('aa0dff60-ce6d-11e6-8af7-4701651947f3', 'a9fd84a0-ce6d-11e6-8af7-4701651947f3', 'c6bacd60-cca5-11e6-b6af-cdaca8571654', '4000.00', 'SELECTED', '16eb09f0-c0d8-11e6-8ebd-1b0f078634cf', '2016-12-30 16:55:08', '2016-12-30 17:01:22', null);
INSERT INTO `task_dispatch_offer` VALUES ('acbbafa0-ccbf-11e6-9207-df239d0a7cc2', 'acac4650-ccbf-11e6-9207-df239d0a7cc2', '2bb715d0-cc14-11e6-a4c4-0d791db965b9', '2000.00', 'SELECTED', '16eb09f0-c0d8-11e6-8ebd-1b0f078634cf', '2016-12-28 13:37:09', '2016-12-28 13:53:01', null);
INSERT INTO `task_dispatch_offer` VALUES ('af39a0d0-c9b2-11e6-b28c-f7e6108242ab', 'acd2b2f0-c9b2-11e6-b28c-f7e6108242ab', '9cc9c140-c8e6-11e6-bcb1-b39b3b3e5056', '500.00', null, '16eb09f0-c0d8-11e6-8ebd-1b0f078634cf', '2016-12-24 16:26:36', '2016-12-26 14:20:19', null);
INSERT INTO `task_dispatch_offer` VALUES ('af4ea3c0-c8d3-11e6-bcb1-b39b3b3e5056', 'af283000-c8d3-11e6-bcb1-b39b3b3e5056', 'd63fc370-c599-11e6-b6ec-cf8040d8331d', null, null, '16eb09f0-c0d8-11e6-8ebd-1b0f078634cf', '2016-12-23 13:50:18', '2016-12-23 13:50:18', null);
INSERT INTO `task_dispatch_offer` VALUES ('b0546c00-ce5a-11e6-b909-0bed2c8dae22', 'b0533380-ce5a-11e6-b909-0bed2c8dae22', '2bb715d0-cc14-11e6-a4c4-0d791db965b9', '2000.00', 'OFFERED', '16eb09f0-c0d8-11e6-8ebd-1b0f078634cf', '2016-12-30 14:39:18', '2016-12-30 14:40:10', null);
INSERT INTO `task_dispatch_offer` VALUES ('b5c69aa0-d166-11e6-9836-e9503d800356', 'b5c5d750-d166-11e6-9836-e9503d800356', 'c6bacd60-cca5-11e6-b6af-cdaca8571654', null, 'NO_OFFER', '16eb09f0-c0d8-11e6-8ebd-1b0f078634cf', '2017-01-03 11:42:54', '2017-01-03 11:42:54', null);
INSERT INTO `task_dispatch_offer` VALUES ('b5ca7d90-cc08-11e6-8184-e5701660dca3', 'b5c91e00-cc08-11e6-8184-e5701660dca3', '6ea74740-cc08-11e6-8184-e5701660dca3', null, 'NO_OFFER', '16eb09f0-c0d8-11e6-8ebd-1b0f078634cf', '2016-12-27 15:47:26', '2016-12-27 15:47:26', null);
INSERT INTO `task_dispatch_offer` VALUES ('b7dd6230-ce30-11e6-88b4-39337a9faed9', 'b7dc9ee0-ce30-11e6-88b4-39337a9faed9', '2bb715d0-cc14-11e6-a4c4-0d791db965b9', null, 'SELECTED', '16eb09f0-c0d8-11e6-8ebd-1b0f078634cf', '2016-12-30 09:38:51', '2016-12-30 09:39:16', null);
INSERT INTO `task_dispatch_offer` VALUES ('b89de5c0-c8cf-11e6-97fa-439c4f2e4bd9', 'b89ab170-c8cf-11e6-97fa-439c4f2e4bd9', 'd63fc370-c599-11e6-b6ec-cf8040d8331d', null, null, '16eb09f0-c0d8-11e6-8ebd-1b0f078634cf', '2016-12-23 13:21:56', '2016-12-23 13:21:56', null);
INSERT INTO `task_dispatch_offer` VALUES ('bc9d5fe0-cdaf-11e6-9bb9-77fe2db16a6f', 'bc9c4e70-cdaf-11e6-9bb9-77fe2db16a6f', '6ea74740-cc08-11e6-8184-e5701660dca3', null, 'NO_OFFER', '16eb09f0-c0d8-11e6-8ebd-1b0f078634cf', '2016-12-29 18:15:34', '2016-12-29 18:15:34', null);
INSERT INTO `task_dispatch_offer` VALUES ('bf924d00-cd9b-11e6-b88d-ffae508c0205', 'bf83a700-cd9b-11e6-b88d-ffae508c0205', '2bb715d0-cc14-11e6-a4c4-0d791db965b9', '5000.00', 'OFFERED', '16eb09f0-c0d8-11e6-8ebd-1b0f078634cf', '2016-12-29 15:52:29', '2016-12-29 15:52:42', null);
INSERT INTO `task_dispatch_offer` VALUES ('c1f443d0-c7f3-11e6-96c9-213bad8c5d5e', '95338220-c7f3-11e6-96c9-213bad8c5d5e', 'd63fc370-c599-11e6-b6ec-cf8040d8331d', null, null, '16eb09f0-c0d8-11e6-8ebd-1b0f078634cf', '2016-12-22 11:07:22', '2016-12-22 11:07:22', null);
INSERT INTO `task_dispatch_offer` VALUES ('c7aa6810-cca6-11e6-b6af-cdaca8571654', 'c7a9a4c0-cca6-11e6-b6af-cdaca8571654', '6ea74740-cc08-11e6-8184-e5701660dca3', null, 'NO_OFFER', '16eb09f0-c0d8-11e6-8ebd-1b0f078634cf', '2016-12-28 10:38:56', '2016-12-28 10:38:56', null);
INSERT INTO `task_dispatch_offer` VALUES ('c80586e0-cd97-11e6-bc2d-a55044349c4b', 'c803b220-cd97-11e6-bc2d-a55044349c4b', '4e5f52c0-cd70-11e6-a374-6da3754fe6cf', '5000.00', 'SELECTED', '16eb09f0-c0d8-11e6-8ebd-1b0f078634cf', '2016-12-29 15:24:06', '2016-12-29 15:25:30', null);
INSERT INTO `task_dispatch_offer` VALUES ('ca31ceb0-d166-11e6-9836-e9503d800356', 'ca30bd40-d166-11e6-9836-e9503d800356', '6b3d48a0-cc05-11e6-bf70-3df5f582a89d', null, 'NO_OFFER', '16eb09f0-c0d8-11e6-8ebd-1b0f078634cf', '2017-01-03 11:43:29', '2017-01-03 11:43:29', null);
INSERT INTO `task_dispatch_offer` VALUES ('ca57c4e0-d174-11e6-ac5b-9dc6f1f7188f', 'ca56b370-d174-11e6-ac5b-9dc6f1f7188f', '4360dc00-d157-11e6-9a36-41dcfaae90db', '4000.00', 'SELECTED', '16eb09f0-c0d8-11e6-8ebd-1b0f078634cf', '2017-01-03 13:23:42', '2017-01-03 13:24:09', null);
INSERT INTO `task_dispatch_offer` VALUES ('ca9ad8f0-c8cf-11e6-97fa-439c4f2e4bd9', 'ca99ee90-c8cf-11e6-97fa-439c4f2e4bd9', 'd63fc370-c599-11e6-b6ec-cf8040d8331d', null, null, '16eb09f0-c0d8-11e6-8ebd-1b0f078634cf', '2016-12-23 13:22:26', '2016-12-23 13:22:26', null);
INSERT INTO `task_dispatch_offer` VALUES ('caae60b0-ce50-11e6-b909-0bed2c8dae22', 'caad2830-ce50-11e6-b909-0bed2c8dae22', '2bb715d0-cc14-11e6-a4c4-0d791db965b9', '10000.00', 'SELECTED', 'be8100f0-ccd3-11e6-aa45-59ef6cfe454d', '2016-12-30 13:28:27', '2016-12-30 13:32:40', null);
INSERT INTO `task_dispatch_offer` VALUES ('cf9168d0-cda5-11e6-aa05-5335b4685ffa', 'cf838620-cda5-11e6-aa05-5335b4685ffa', '2bb715d0-cc14-11e6-a4c4-0d791db965b9', '1000.00', 'SELECTED', '16eb09f0-c0d8-11e6-8ebd-1b0f078634cf', '2016-12-29 17:04:31', '2016-12-29 17:20:58', null);
INSERT INTO `task_dispatch_offer` VALUES ('d048ff60-cdad-11e6-a778-63d73d329fc9', 'd0481500-cdad-11e6-a778-63d73d329fc9', 'c6bacd60-cca5-11e6-b6af-cdaca8571654', null, 'ACCEPTED', '16eb09f0-c0d8-11e6-8ebd-1b0f078634cf', '2016-12-29 18:01:48', '2017-01-04 18:11:47', null);
INSERT INTO `task_dispatch_offer` VALUES ('e0adb8a0-cb37-11e6-891f-87f92ef354b6', 'e09e9d70-cb37-11e6-891f-87f92ef354b6', '09284230-c824-11e6-8708-bf31b68150a8', null, 'ACCEPTED', '1', '2016-12-26 14:52:33', '2017-01-05 14:59:05', null);
INSERT INTO `task_dispatch_offer` VALUES ('e256ecd0-ce4d-11e6-9b15-ad271eab55b7', 'e255db60-ce4d-11e6-9b15-ad271eab55b7', '6ea74740-cc08-11e6-8184-e5701660dca3', null, 'SELECTED', '16eb09f0-c0d8-11e6-8ebd-1b0f078634cf', '2016-12-30 13:07:38', '2016-12-30 13:08:28', null);
INSERT INTO `task_dispatch_offer` VALUES ('e85c20c0-d166-11e6-9836-e9503d800356', 'e85b3660-d166-11e6-9836-e9503d800356', '4360dc00-d157-11e6-9a36-41dcfaae90db', null, 'NO_OFFER', '16eb09f0-c0d8-11e6-8ebd-1b0f078634cf', '2017-01-03 11:44:19', '2017-01-03 11:44:19', null);
INSERT INTO `task_dispatch_offer` VALUES ('e86991a0-d18f-11e6-bedd-57c5fc4410b7', 'e8688030-d18f-11e6-bedd-57c5fc4410b7', '42c25b10-cc12-11e6-9691-67c02122da86', null, 'SELECTED', '16eb09f0-c0d8-11e6-8ebd-1b0f078634cf', '2017-01-03 16:37:49', '2017-01-03 16:38:26', null);
INSERT INTO `task_dispatch_offer` VALUES ('e9a88610-ce75-11e6-aa8a-4fce5cf821b5', 'e9a74d90-ce75-11e6-aa8a-4fce5cf821b5', '5b68f740-ce75-11e6-aa8a-4fce5cf821b5', null, 'SELECTED', '16eb09f0-c0d8-11e6-8ebd-1b0f078634cf', '2016-12-30 17:54:10', '2016-12-30 17:54:25', null);
INSERT INTO `task_dispatch_offer` VALUES ('eae35940-cd73-11e6-a374-6da3754fe6cf', 'eae26ee0-cd73-11e6-a374-6da3754fe6cf', 'c6c9ab50-cd72-11e6-a374-6da3754fe6cf', null, 'NO_OFFER', 'dc0db760-cd6b-11e6-a374-6da3754fe6cf', '2016-12-29 11:07:22', '2016-12-29 11:07:22', null);
INSERT INTO `task_dispatch_offer` VALUES ('eaf1e850-cdac-11e6-a778-63d73d329fc9', 'eaf0afd0-cdac-11e6-a778-63d73d329fc9', '6b3d48a0-cc05-11e6-bf70-3df5f582a89d', '4500.00', 'SELECTED', '16eb09f0-c0d8-11e6-8ebd-1b0f078634cf', '2016-12-29 17:55:24', '2016-12-29 17:59:41', null);
INSERT INTO `task_dispatch_offer` VALUES ('eaf1e851-cdac-11e6-a778-63d73d329fc9', 'eaf0afd0-cdac-11e6-a778-63d73d329fc9', 'c6bacd60-cca5-11e6-b6af-cdaca8571654', '4500.00', 'SELECTED', '16eb09f0-c0d8-11e6-8ebd-1b0f078634cf', '2016-12-29 17:55:24', '2016-12-29 17:59:48', null);
INSERT INTO `task_dispatch_offer` VALUES ('eb89a820-ce33-11e6-9b15-ad271eab55b7', 'eb886fa0-ce33-11e6-9b15-ad271eab55b7', '2bb715d0-cc14-11e6-a4c4-0d791db965b9', null, 'SELECTED', '16eb09f0-c0d8-11e6-8ebd-1b0f078634cf', '2016-12-30 10:01:47', '2016-12-30 10:02:06', null);
INSERT INTO `task_dispatch_offer` VALUES ('ed061bf0-cda4-11e6-96fc-4196ce5c5fc1', 'ed04bc60-cda4-11e6-96fc-4196ce5c5fc1', 'c6bacd60-cca5-11e6-b6af-cdaca8571654', null, 'NO_OFFER', '16eb09f0-c0d8-11e6-8ebd-1b0f078634cf', '2016-12-29 16:58:11', '2016-12-29 16:58:11', null);
INSERT INTO `task_dispatch_offer` VALUES ('f0f40280-c8c3-11e6-aaeb-33427550603e', 'f0f16a70-c8c3-11e6-aaeb-33427550603e', 'd63fc370-c599-11e6-b6ec-cf8040d8331d', null, null, '16eb09f0-c0d8-11e6-8ebd-1b0f078634cf', '2016-12-23 11:57:36', '2016-12-23 11:57:36', null);
INSERT INTO `task_dispatch_offer` VALUES ('f126bfe0-d156-11e6-9a36-41dcfaae90db', 'f1258760-d156-11e6-9a36-41dcfaae90db', '6ea74740-cc08-11e6-8184-e5701660dca3', '1500.00', 'OFFERED', '16eb09f0-c0d8-11e6-8ebd-1b0f078634cf', '2017-01-03 09:50:02', '2017-01-03 09:50:27', null);
INSERT INTO `task_dispatch_offer` VALUES ('f262e8c0-ccc9-11e6-9207-df239d0a7cc2', 'f24aa5d0-ccc9-11e6-9207-df239d0a7cc2', '1132c150-cc14-11e6-a4c4-0d791db965b9', '5000.00', 'SELECTED', '16eb09f0-c0d8-11e6-8ebd-1b0f078634cf', '2016-12-28 14:50:40', '2016-12-28 14:52:54', null);
INSERT INTO `task_dispatch_offer` VALUES ('f446eb20-c8d0-11e6-91bc-11ac0d0cb489', 'f4442c00-c8d0-11e6-91bc-11ac0d0cb489', 'd63fc370-c599-11e6-b6ec-cf8040d8331d', null, null, '16eb09f0-c0d8-11e6-8ebd-1b0f078634cf', '2016-12-23 13:30:45', '2016-12-23 13:30:45', null);
INSERT INTO `task_dispatch_offer` VALUES ('f9746770-ce80-11e6-ae0a-d19e25965f26', 'f9735600-ce80-11e6-ae0a-d19e25965f26', '5b68f740-ce75-11e6-aa8a-4fce5cf821b5', '1000.00', 'SELECTED', '16eb09f0-c0d8-11e6-8ebd-1b0f078634cf', '2016-12-30 19:13:21', '2016-12-30 19:13:42', null);
INSERT INTO `task_dispatch_offer` VALUES ('fbc152a0-cd99-11e6-b154-f5cbda8a31c5', 'fbbf08b0-cd99-11e6-b154-f5cbda8a31c5', '6b3d48a0-cc05-11e6-bf70-3df5f582a89d', '200.00', 'OFFERED', '16eb09f0-c0d8-11e6-8ebd-1b0f078634cf', '2016-12-29 15:39:51', '2016-12-29 15:40:13', null);

-- ----------------------------
-- Table structure for task_dispatch_unloading_info
-- ----------------------------
DROP TABLE IF EXISTS `task_dispatch_unloading_info`;
CREATE TABLE `task_dispatch_unloading_info` (
  `id` char(36) CHARACTER SET utf8 COLLATE utf8_bin NOT NULL DEFAULT '',
  `task_dispatch_id` char(36) CHARACTER SET utf8 COLLATE utf8_bin NOT NULL,
  `task_unloading_info_id` char(36) CHARACTER SET utf8 COLLATE utf8_bin NOT NULL,
  `amount` float NOT NULL,
  `amount_unit` int(11) NOT NULL,
  PRIMARY KEY (`id`),
  KEY `task_dispatch_id` (`task_dispatch_id`),
  KEY `task_unloading_info_id` (`task_unloading_info_id`),
  CONSTRAINT `task_dispatch_unloading_info_ibfk_1` FOREIGN KEY (`task_dispatch_id`) REFERENCES `task_dispatch` (`id`) ON DELETE NO ACTION ON UPDATE CASCADE,
  CONSTRAINT `task_dispatch_unloading_info_ibfk_2` FOREIGN KEY (`task_unloading_info_id`) REFERENCES `task_unloading_info` (`id`) ON DELETE NO ACTION ON UPDATE CASCADE
) ENGINE=InnoDB DEFAULT CHARSET=utf8 ROW_FORMAT=COMPACT COMMENT='货单派车卸货表';

-- ----------------------------
-- Records of task_dispatch_unloading_info
-- ----------------------------
INSERT INTO `task_dispatch_unloading_info` VALUES ('00445e10-d19d-11e6-bf3c-3de2cb4f83c6', '00434ca0-d19d-11e6-bf3c-3de2cb4f83c6', 'f6982bd0-d19c-11e6-bf3c-3de2cb4f83c6', '10', '1');
INSERT INTO `task_dispatch_unloading_info` VALUES ('019ad730-cd88-11e6-b699-f7176c686828', '0199c5c0-cd88-11e6-b699-f7176c686828', 'baa5dcd0-cd87-11e6-b699-f7176c686828', '5', '1');
INSERT INTO `task_dispatch_unloading_info` VALUES ('02b8a9d0-c8d3-11e6-bcb1-b39b3b3e5056', '02b6d510-c8d3-11e6-bcb1-b39b3b3e5056', '1', '10', '1');
INSERT INTO `task_dispatch_unloading_info` VALUES ('07804d50-c97e-11e6-8169-bb714fa9b1fe', '077db540-c97e-11e6-8169-bb714fa9b1fe', 'bccf1610-c900-11e6-97ec-75aa677eff12', '5', '1');
INSERT INTO `task_dispatch_unloading_info` VALUES ('07964ef0-c8d1-11e6-91bc-11ac0d0cb489', '07956490-c8d1-11e6-91bc-11ac0d0cb489', '1', '0', '1');
INSERT INTO `task_dispatch_unloading_info` VALUES ('0fcc4480-d19b-11e6-a438-4bcaa32e46de', '0fcae4f0-d19b-11e6-a438-4bcaa32e46de', '4f37b6e0-ce6c-11e6-8af7-4701651947f3', '2', '1');
INSERT INTO `task_dispatch_unloading_info` VALUES ('125aa7f0-c8d1-11e6-91bc-11ac0d0cb489', '12596f70-c8d1-11e6-91bc-11ac0d0cb489', '1', '10', '1');
INSERT INTO `task_dispatch_unloading_info` VALUES ('12cde990-ccaa-11e6-b6af-cdaca8571654', '12c11850-ccaa-11e6-b6af-cdaca8571654', 'f69de0e0-cca9-11e6-b6af-cdaca8571654', '5', '2');
INSERT INTO `task_dispatch_unloading_info` VALUES ('12d68530-cce3-11e6-87e5-658fa6569c11', '12d573c0-cce3-11e6-87e5-658fa6569c11', 'ae030ed0-cce2-11e6-87e5-658fa6569c11', '5', '1');
INSERT INTO `task_dispatch_unloading_info` VALUES ('1b5fbb40-cce3-11e6-87e5-658fa6569c11', '1b5ea9d0-cce3-11e6-87e5-658fa6569c11', 'ae030ed0-cce2-11e6-87e5-658fa6569c11', '5', '1');
INSERT INTO `task_dispatch_unloading_info` VALUES ('1c991ab0-d17a-11e6-ac5b-9dc6f1f7188f', '1c985760-d17a-11e6-ac5b-9dc6f1f7188f', '0ed56460-d17a-11e6-ac5b-9dc6f1f7188f', '10', '1');
INSERT INTO `task_dispatch_unloading_info` VALUES ('1e0e42f0-c8d1-11e6-91bc-11ac0d0cb489', '1e0d7fa0-c8d1-11e6-91bc-11ac0d0cb489', '1', '10', '1');
INSERT INTO `task_dispatch_unloading_info` VALUES ('1e1ee370-ccb0-11e6-b65d-4f10098aed2b', '1e1c7270-ccb0-11e6-b65d-4f10098aed2b', 'd21d2f90-ccaf-11e6-b65d-4f10098aed2b', '10', '1');
INSERT INTO `task_dispatch_unloading_info` VALUES ('23099fb0-cda5-11e6-a6c1-fb4d9203e65d', '23086730-cda5-11e6-a6c1-fb4d9203e65d', '542acac0-cda4-11e6-96fc-4196ce5c5fc1', '5', '1');
INSERT INTO `task_dispatch_unloading_info` VALUES ('23f542c0-c8c4-11e6-aaeb-33427550603e', '23f43150-c8c4-11e6-aaeb-33427550603e', '1', '0', '1');
INSERT INTO `task_dispatch_unloading_info` VALUES ('28862500-d316-11e6-9533-fddfa4a34371', '28849e60-d316-11e6-9533-fddfa4a34371', '3768c030-d313-11e6-aa22-15579b3c8250', '3', '1');
INSERT INTO `task_dispatch_unloading_info` VALUES ('28cdc040-ce7f-11e6-af85-3d3066d5f848', '28ccfcf0-ce7f-11e6-af85-3d3066d5f848', '10129300-ce7f-11e6-af85-3d3066d5f848', '10', '1');
INSERT INTO `task_dispatch_unloading_info` VALUES ('28e28f90-c8d3-11e6-bcb1-b39b3b3e5056', '28e1a530-c8d3-11e6-bcb1-b39b3b3e5056', '1', '10', '1');
INSERT INTO `task_dispatch_unloading_info` VALUES ('28f10a10-ce5b-11e6-b909-0bed2c8dae22', '28f046c0-ce5b-11e6-b909-0bed2c8dae22', '78534380-ce5a-11e6-b909-0bed2c8dae22', '5', '3');
INSERT INTO `task_dispatch_unloading_info` VALUES ('3029f590-ce5f-11e6-b909-0bed2c8dae22', '30293240-ce5f-11e6-b909-0bed2c8dae22', '78534380-ce5a-11e6-b909-0bed2c8dae22', '3', '3');
INSERT INTO `task_dispatch_unloading_info` VALUES ('34c60950-cca6-11e6-b6af-cdaca8571654', '34c4d0d0-cca6-11e6-b6af-cdaca8571654', '7c527e30-cca5-11e6-b6af-cdaca8571654', '5', '2');
INSERT INTO `task_dispatch_unloading_info` VALUES ('36a4bc90-d155-11e6-9a36-41dcfaae90db', '36a3f940-d155-11e6-9a36-41dcfaae90db', '25b3e230-d155-11e6-9a36-41dcfaae90db', '8', '1');
INSERT INTO `task_dispatch_unloading_info` VALUES ('39b30f90-ccd7-11e6-8ed2-a9989016036b', '39b161e0-ccd7-11e6-8ed2-a9989016036b', '17e59300-ccbf-11e6-9207-df239d0a7cc2', '5', '1');
INSERT INTO `task_dispatch_unloading_info` VALUES ('39b336a0-ccd7-11e6-8ed2-a9989016036b', '39b161e0-ccd7-11e6-8ed2-a9989016036b', '17e59301-ccbf-11e6-9207-df239d0a7cc2', '5', '1');
INSERT INTO `task_dispatch_unloading_info` VALUES ('3ba99b70-c8d1-11e6-91bc-11ac0d0cb489', '3ba8ff30-c8d1-11e6-91bc-11ac0d0cb489', '1', '0', '1');
INSERT INTO `task_dispatch_unloading_info` VALUES ('3bca2300-ccc7-11e6-9207-df239d0a7cc2', '3bc8c370-ccc7-11e6-9207-df239d0a7cc2', 'fec86b70-ccc5-11e6-9207-df239d0a7cc2', '10', '1');
INSERT INTO `task_dispatch_unloading_info` VALUES ('3bca2301-ccc7-11e6-9207-df239d0a7cc2', '3bc8c370-ccc7-11e6-9207-df239d0a7cc2', 'fec86b71-ccc5-11e6-9207-df239d0a7cc2', '0', '1');
INSERT INTO `task_dispatch_unloading_info` VALUES ('3db09630-cd8b-11e6-836b-490bbd6b228d', '3daf84c0-cd8b-11e6-836b-490bbd6b228d', 'ae030ed0-cce2-11e6-87e5-658fa6569c11', '2', '1');
INSERT INTO `task_dispatch_unloading_info` VALUES ('45365fb0-ccbf-11e6-9207-df239d0a7cc2', '45359c60-ccbf-11e6-9207-df239d0a7cc2', '17e59300-ccbf-11e6-9207-df239d0a7cc2', '0', '1');
INSERT INTO `task_dispatch_unloading_info` VALUES ('45365fb1-ccbf-11e6-9207-df239d0a7cc2', '45359c60-ccbf-11e6-9207-df239d0a7cc2', '17e59301-ccbf-11e6-9207-df239d0a7cc2', '10', '1');
INSERT INTO `task_dispatch_unloading_info` VALUES ('47726060-cd98-11e6-bc2d-a55044349c4b', '47719d10-cd98-11e6-bc2d-a55044349c4b', '524a0fc0-cd97-11e6-b88d-ffae508c0205', '5', '1');
INSERT INTO `task_dispatch_unloading_info` VALUES ('48368e00-cd88-11e6-b699-f7176c686828', '482aa720-cd88-11e6-b699-f7176c686828', 'baa5dcd0-cd87-11e6-b699-f7176c686828', '5', '1');
INSERT INTO `task_dispatch_unloading_info` VALUES ('535d1110-ce81-11e6-ae0a-d19e25965f26', '535c74d0-ce81-11e6-ae0a-d19e25965f26', '414eb8c0-ce81-11e6-ae0a-d19e25965f26', '15', '1');
INSERT INTO `task_dispatch_unloading_info` VALUES ('585e3e80-cce4-11e6-9eb1-cb14892fa877', '584f4a60-cce4-11e6-9eb1-cb14892fa877', 'ae030ed0-cce2-11e6-87e5-658fa6569c11', '5', '1');
INSERT INTO `task_dispatch_unloading_info` VALUES ('59ffcc30-cd76-11e6-a374-6da3754fe6cf', '59febac0-cd76-11e6-a374-6da3754fe6cf', '9bd82b60-cd72-11e6-a374-6da3754fe6cf', '5', '1');
INSERT INTO `task_dispatch_unloading_info` VALUES ('5b1cd320-c8cf-11e6-97fa-439c4f2e4bd9', '5b1afe60-c8cf-11e6-97fa-439c4f2e4bd9', '1', '0', '1');
INSERT INTO `task_dispatch_unloading_info` VALUES ('5c6089c0-ce8d-11e6-aec0-f9cc9933243c', '5c5e66e0-ce8d-11e6-aec0-f9cc9933243c', '414eb8c0-ce81-11e6-ae0a-d19e25965f26', '2', '1');
INSERT INTO `task_dispatch_unloading_info` VALUES ('5ef4bc70-ce7d-11e6-af85-3d3066d5f848', '5ef3ab00-ce7d-11e6-af85-3d3066d5f848', '4bf06b60-ce7d-11e6-af85-3d3066d5f848', '10', '1');
INSERT INTO `task_dispatch_unloading_info` VALUES ('608779b0-d157-11e6-9a36-41dcfaae90db', '6086b660-d157-11e6-9a36-41dcfaae90db', '25b3e230-d155-11e6-9a36-41dcfaae90db', '2', '1');
INSERT INTO `task_dispatch_unloading_info` VALUES ('63b1b710-c8d1-11e6-91bc-11ac0d0cb489', '63acd510-c8d1-11e6-91bc-11ac0d0cb489', '1', '0', '1');
INSERT INTO `task_dispatch_unloading_info` VALUES ('658ef6d0-cd98-11e6-bc2d-a55044349c4b', '658e0c70-cd98-11e6-bc2d-a55044349c4b', '524a0fc0-cd97-11e6-b88d-ffae508c0205', '5', '1');
INSERT INTO `task_dispatch_unloading_info` VALUES ('683d1600-cccb-11e6-9207-df239d0a7cc2', '683bdd80-cccb-11e6-9207-df239d0a7cc2', 'f69de0e0-cca9-11e6-b6af-cdaca8571654', '5', '2');
INSERT INTO `task_dispatch_unloading_info` VALUES ('6b3b6940-ccc8-11e6-9d4e-675634196e13', '6b3a30c0-ccc8-11e6-9d4e-675634196e13', 'fec86b70-ccc5-11e6-9207-df239d0a7cc2', '10', '1');
INSERT INTO `task_dispatch_unloading_info` VALUES ('6b3b6941-ccc8-11e6-9d4e-675634196e13', '6b3a30c0-ccc8-11e6-9d4e-675634196e13', 'fec86b71-ccc5-11e6-9207-df239d0a7cc2', '0', '1');
INSERT INTO `task_dispatch_unloading_info` VALUES ('6bfbcfd0-cd88-11e6-a782-8d8c341cc01d', '6bfa9750-cd88-11e6-a782-8d8c341cc01d', 'ae030ed0-cce2-11e6-87e5-658fa6569c11', '2', '1');
INSERT INTO `task_dispatch_unloading_info` VALUES ('6f06a100-cd97-11e6-b88d-ffae508c0205', '6f05b6a0-cd97-11e6-b88d-ffae508c0205', '524a0fc0-cd97-11e6-b88d-ffae508c0205', '5', '1');
INSERT INTO `task_dispatch_unloading_info` VALUES ('6f6b6700-cd7b-11e6-a4e0-cf12c0a8c8b0', '6f6a5590-cd7b-11e6-a4e0-cf12c0a8c8b0', 'ae030ed0-cce2-11e6-87e5-658fa6569c11', '2', '1');
INSERT INTO `task_dispatch_unloading_info` VALUES ('707a6960-cda4-11e6-96fc-4196ce5c5fc1', '7079a610-cda4-11e6-96fc-4196ce5c5fc1', '542acac0-cda4-11e6-96fc-4196ce5c5fc1', '5', '1');
INSERT INTO `task_dispatch_unloading_info` VALUES ('70958a00-ccc9-11e6-9207-df239d0a7cc2', '7094edc0-ccc9-11e6-9207-df239d0a7cc2', '53b34850-ccc9-11e6-9207-df239d0a7cc2', '10', '1');
INSERT INTO `task_dispatch_unloading_info` VALUES ('71cafed0-ce60-11e6-b909-0bed2c8dae22', '71ca1470-ce60-11e6-b909-0bed2c8dae22', '78534380-ce5a-11e6-b909-0bed2c8dae22', '2', '3');
INSERT INTO `task_dispatch_unloading_info` VALUES ('71d89ec0-d313-11e6-9a6d-af3d8066a1af', '71d6ca00-d313-11e6-9a6d-af3d8066a1af', '3768c030-d313-11e6-aa22-15579b3c8250', '5', '1');
INSERT INTO `task_dispatch_unloading_info` VALUES ('77624b80-cda4-11e6-96fc-4196ce5c5fc1', '77616120-cda4-11e6-96fc-4196ce5c5fc1', '542acac0-cda4-11e6-96fc-4196ce5c5fc1', '5', '1');
INSERT INTO `task_dispatch_unloading_info` VALUES ('7a9e8fa0-d166-11e6-9836-e9503d800356', '7a9d5720-d166-11e6-9836-e9503d800356', '9bd82b60-cd72-11e6-a374-6da3754fe6cf', '5', '1');
INSERT INTO `task_dispatch_unloading_info` VALUES ('7b021660-cc16-11e6-bbb3-770729231e04', '7b0041a0-cc16-11e6-bbb3-770729231e04', '3a621460-cb4f-11e6-b96a-9d8cafef6e11', '5', '1');
INSERT INTO `task_dispatch_unloading_info` VALUES ('7b8328f0-cda5-11e6-aa05-5335b4685ffa', '7b75e280-cda5-11e6-aa05-5335b4685ffa', '542acac0-cda4-11e6-96fc-4196ce5c5fc1', '5', '1');
INSERT INTO `task_dispatch_unloading_info` VALUES ('7bcf7330-cdb0-11e6-8fa6-c96f02f33ca0', '7bc42890-cdb0-11e6-8fa6-c96f02f33ca0', '5043fd30-cdb0-11e6-8fa6-c96f02f33ca0', '10', '1');
INSERT INTO `task_dispatch_unloading_info` VALUES ('7cc64330-cd98-11e6-bc2d-a55044349c4b', '7cb86080-cd98-11e6-bc2d-a55044349c4b', '524a0fc0-cd97-11e6-b88d-ffae508c0205', '5', '1');
INSERT INTO `task_dispatch_unloading_info` VALUES ('7f3e2f80-d313-11e6-9a6d-af3d8066a1af', '7f3d6c30-d313-11e6-9a6d-af3d8066a1af', '3768c030-d313-11e6-aa22-15579b3c8250', '5', '1');
INSERT INTO `task_dispatch_unloading_info` VALUES ('871acbf0-cdaf-11e6-9bb9-77fe2db16a6f', '87194550-cdaf-11e6-9bb9-77fe2db16a6f', '524a0fc0-cd97-11e6-b88d-ffae508c0205', '5', '1');
INSERT INTO `task_dispatch_unloading_info` VALUES ('87a12380-d250-11e6-942d-217102a6a696', '879f75d0-d250-11e6-942d-217102a6a696', '4f37b6e0-ce6c-11e6-8af7-4701651947f3', '5', '1');
INSERT INTO `task_dispatch_unloading_info` VALUES ('89b63f90-d19a-11e6-a438-4bcaa32e46de', '89b443c0-d19a-11e6-a438-4bcaa32e46de', '688533a0-d18e-11e6-90bc-15977fc57c62', '5', '2');
INSERT INTO `task_dispatch_unloading_info` VALUES ('8a000a10-ccc9-11e6-9207-df239d0a7cc2', '89ff46c0-ccc9-11e6-9207-df239d0a7cc2', '53b34850-ccc9-11e6-9207-df239d0a7cc2', '10', '1');
INSERT INTO `task_dispatch_unloading_info` VALUES ('8b2c2cc0-cd73-11e6-a374-6da3754fe6cf', '8b2b9080-cd73-11e6-a374-6da3754fe6cf', '9bd82b60-cd72-11e6-a374-6da3754fe6cf', '10', '1');
INSERT INTO `task_dispatch_unloading_info` VALUES ('8e0e45c0-cc0d-11e6-9691-67c02122da86', '8e0ce630-cc0d-11e6-9691-67c02122da86', 'e4857e10-cc07-11e6-bf70-3df5f582a89d', '10', '1');
INSERT INTO `task_dispatch_unloading_info` VALUES ('95787e30-d166-11e6-9836-e9503d800356', '956b85e0-d166-11e6-9836-e9503d800356', '9bd82b60-cd72-11e6-a374-6da3754fe6cf', '5', '1');
INSERT INTO `task_dispatch_unloading_info` VALUES ('9a2eddf0-cc0e-11e6-a43e-13bfb4cd35e6', '9a225ad0-cc0e-11e6-a43e-13bfb4cd35e6', '5f701c10-cc0e-11e6-a43e-13bfb4cd35e6', '10', '1');
INSERT INTO `task_dispatch_unloading_info` VALUES ('9b963910-ccb1-11e6-b65d-4f10098aed2b', '9b9575c0-ccb1-11e6-b65d-4f10098aed2b', 'fae5bf90-ccb0-11e6-b65d-4f10098aed2b', '10', '1');
INSERT INTO `task_dispatch_unloading_info` VALUES ('9ff4a6d0-c7f3-11e6-96c9-213bad8c5d5e', '95338220-c7f3-11e6-96c9-213bad8c5d5e', 'db113c30-c75b-11e6-a0fe-9d08bf706172', '5', '1');
INSERT INTO `task_dispatch_unloading_info` VALUES ('a74b80e0-cda5-11e6-aa05-5335b4685ffa', 'a74abd90-cda5-11e6-aa05-5335b4685ffa', '53b34850-ccc9-11e6-9207-df239d0a7cc2', '5', '1');
INSERT INTO `task_dispatch_unloading_info` VALUES ('a8362f00-cda5-11e6-96fc-4196ce5c5fc1', 'a8356bb0-cda5-11e6-96fc-4196ce5c5fc1', '542acac0-cda4-11e6-96fc-4196ce5c5fc1', '5', '1');
INSERT INTO `task_dispatch_unloading_info` VALUES ('aa0cedf0-ce6d-11e6-8af7-4701651947f3', 'a9fd84a0-ce6d-11e6-8af7-4701651947f3', '4f37b6e0-ce6c-11e6-8af7-4701651947f3', '2', '1');
INSERT INTO `task_dispatch_unloading_info` VALUES ('acbb1360-ccbf-11e6-9207-df239d0a7cc2', 'acac4650-ccbf-11e6-9207-df239d0a7cc2', '985d4cd0-ccbf-11e6-9207-df239d0a7cc2', '5', '1');
INSERT INTO `task_dispatch_unloading_info` VALUES ('af3952b0-c9b2-11e6-b28c-f7e6108242ab', 'acd2b2f0-c9b2-11e6-b28c-f7e6108242ab', '35495350-c8e6-11e6-bcb1-b39b3b3e5056', '5', '1');
INSERT INTO `task_dispatch_unloading_info` VALUES ('af41f990-c8d3-11e6-bcb1-b39b3b3e5056', 'af283000-c8d3-11e6-bcb1-b39b3b3e5056', '1', '20', '1');
INSERT INTO `task_dispatch_unloading_info` VALUES ('b0541de0-ce5a-11e6-b909-0bed2c8dae22', 'b0533380-ce5a-11e6-b909-0bed2c8dae22', '78534380-ce5a-11e6-b909-0bed2c8dae22', '10', '3');
INSERT INTO `task_dispatch_unloading_info` VALUES ('b5c67390-d166-11e6-9836-e9503d800356', 'b5c5d750-d166-11e6-9836-e9503d800356', '4f37b6e0-ce6c-11e6-8af7-4701651947f3', '5', '1');
INSERT INTO `task_dispatch_unloading_info` VALUES ('b5ca2f70-cc08-11e6-8184-e5701660dca3', 'b5c91e00-cc08-11e6-8184-e5701660dca3', 'e4857e10-cc07-11e6-bf70-3df5f582a89d', '0', '1');
INSERT INTO `task_dispatch_unloading_info` VALUES ('b7dd3b20-ce30-11e6-88b4-39337a9faed9', 'b7dc9ee0-ce30-11e6-88b4-39337a9faed9', '8d878600-ce30-11e6-88b4-39337a9faed9', '5', '1');
INSERT INTO `task_dispatch_unloading_info` VALUES ('b89b74c0-c8cf-11e6-97fa-439c4f2e4bd9', 'b89ab170-c8cf-11e6-97fa-439c4f2e4bd9', '1', '0', '1');
INSERT INTO `task_dispatch_unloading_info` VALUES ('bc9d11c0-cdaf-11e6-9bb9-77fe2db16a6f', 'bc9c4e70-cdaf-11e6-9bb9-77fe2db16a6f', '524a0fc0-cd97-11e6-b88d-ffae508c0205', '2', '1');
INSERT INTO `task_dispatch_unloading_info` VALUES ('bf852da0-cd9b-11e6-b88d-ffae508c0205', 'bf83a700-cd9b-11e6-b88d-ffae508c0205', 'a974d510-cd9b-11e6-b88d-ffae508c0205', '5', '2');
INSERT INTO `task_dispatch_unloading_info` VALUES ('c7aa4100-cca6-11e6-b6af-cdaca8571654', 'c7a9a4c0-cca6-11e6-b6af-cdaca8571654', '5f701c10-cc0e-11e6-a43e-13bfb4cd35e6', '5', '1');
INSERT INTO `task_dispatch_unloading_info` VALUES ('c80538c0-cd97-11e6-bc2d-a55044349c4b', 'c803b220-cd97-11e6-bc2d-a55044349c4b', '524a0fc0-cd97-11e6-b88d-ffae508c0205', '5', '1');
INSERT INTO `task_dispatch_unloading_info` VALUES ('ca318090-d166-11e6-9836-e9503d800356', 'ca30bd40-d166-11e6-9836-e9503d800356', '4f37b6e0-ce6c-11e6-8af7-4701651947f3', '5', '1');
INSERT INTO `task_dispatch_unloading_info` VALUES ('ca5776c0-d174-11e6-ac5b-9dc6f1f7188f', 'ca56b370-d174-11e6-ac5b-9dc6f1f7188f', 'be2a6600-d174-11e6-ac5b-9dc6f1f7188f', '10', '1');
INSERT INTO `task_dispatch_unloading_info` VALUES ('ca9ab1e0-c8cf-11e6-97fa-439c4f2e4bd9', 'ca99ee90-c8cf-11e6-97fa-439c4f2e4bd9', '1', '0', '1');
INSERT INTO `task_dispatch_unloading_info` VALUES ('caae1290-ce50-11e6-b909-0bed2c8dae22', 'caad2830-ce50-11e6-b909-0bed2c8dae22', '9d00a6f0-ce50-11e6-b909-0bed2c8dae22', '2', '1');
INSERT INTO `task_dispatch_unloading_info` VALUES ('cf849790-cda5-11e6-aa05-5335b4685ffa', 'cf838620-cda5-11e6-aa05-5335b4685ffa', '542acac0-cda4-11e6-96fc-4196ce5c5fc1', '5', '1');
INSERT INTO `task_dispatch_unloading_info` VALUES ('d048d850-cdad-11e6-a778-63d73d329fc9', 'd0481500-cdad-11e6-a778-63d73d329fc9', '524a0fc0-cd97-11e6-b88d-ffae508c0205', '5', '1');
INSERT INTO `task_dispatch_unloading_info` VALUES ('e0a09940-cb37-11e6-891f-87f92ef354b6', 'e09e9d70-cb37-11e6-891f-87f92ef354b6', '35495350-c8e6-11e6-bcb1-b39b3b3e5056', '0', '1');
INSERT INTO `task_dispatch_unloading_info` VALUES ('e2569eb0-ce4d-11e6-9b15-ad271eab55b7', 'e255db60-ce4d-11e6-9b15-ad271eab55b7', 'cad66270-ce4d-11e6-9b15-ad271eab55b7', '10', '1');
INSERT INTO `task_dispatch_unloading_info` VALUES ('e85bf9b0-d166-11e6-9836-e9503d800356', 'e85b3660-d166-11e6-9836-e9503d800356', '4f37b6e0-ce6c-11e6-8af7-4701651947f3', '5', '1');
INSERT INTO `task_dispatch_unloading_info` VALUES ('e8694380-d18f-11e6-bedd-57c5fc4410b7', 'e8688030-d18f-11e6-bedd-57c5fc4410b7', 'd0cf8bd0-d18f-11e6-bedd-57c5fc4410b7', '10', '1');
INSERT INTO `task_dispatch_unloading_info` VALUES ('e9a837f0-ce75-11e6-aa8a-4fce5cf821b5', 'e9a74d90-ce75-11e6-aa8a-4fce5cf821b5', 'be83e830-ce75-11e6-aa8a-4fce5cf821b5', '10', '1');
INSERT INTO `task_dispatch_unloading_info` VALUES ('eae33230-cd73-11e6-a374-6da3754fe6cf', 'eae26ee0-cd73-11e6-a374-6da3754fe6cf', '9bd82b60-cd72-11e6-a374-6da3754fe6cf', '5', '1');
INSERT INTO `task_dispatch_unloading_info` VALUES ('eaf1c140-cdac-11e6-a778-63d73d329fc9', 'eaf0afd0-cdac-11e6-a778-63d73d329fc9', 'b9c82730-cdac-11e6-a778-63d73d329fc9', '5', '3');
INSERT INTO `task_dispatch_unloading_info` VALUES ('eb8932f0-ce33-11e6-9b15-ad271eab55b7', 'eb886fa0-ce33-11e6-9b15-ad271eab55b7', 'd086adc0-ce33-11e6-9b15-ad271eab55b7', '10', '1');
INSERT INTO `task_dispatch_unloading_info` VALUES ('ed05cdd0-cda4-11e6-96fc-4196ce5c5fc1', 'ed04bc60-cda4-11e6-96fc-4196ce5c5fc1', '542acac0-cda4-11e6-96fc-4196ce5c5fc1', '5', '1');
INSERT INTO `task_dispatch_unloading_info` VALUES ('f0f38d50-c8c3-11e6-aaeb-33427550603e', 'f0f16a70-c8c3-11e6-aaeb-33427550603e', 'be948080-c8c3-11e6-aaeb-33427550603e', '50', '1');
INSERT INTO `task_dispatch_unloading_info` VALUES ('f12671c0-d156-11e6-9a36-41dcfaae90db', 'f1258760-d156-11e6-9a36-41dcfaae90db', '25b3e230-d155-11e6-9a36-41dcfaae90db', '2', '1');
INSERT INTO `task_dispatch_unloading_info` VALUES ('f2561780-ccc9-11e6-9207-df239d0a7cc2', 'f24aa5d0-ccc9-11e6-9207-df239d0a7cc2', '53b34850-ccc9-11e6-9207-df239d0a7cc2', '10', '1');
INSERT INTO `task_dispatch_unloading_info` VALUES ('f44675f0-c8d0-11e6-91bc-11ac0d0cb489', 'f4442c00-c8d0-11e6-91bc-11ac0d0cb489', '1', '0', '1');
INSERT INTO `task_dispatch_unloading_info` VALUES ('f9741950-ce80-11e6-ae0a-d19e25965f26', 'f9735600-ce80-11e6-ae0a-d19e25965f26', 'd8b16920-ce80-11e6-ae0a-d19e25965f26', '5', '1');
INSERT INTO `task_dispatch_unloading_info` VALUES ('fbc10480-cd99-11e6-b154-f5cbda8a31c5', 'fbbf08b0-cd99-11e6-b154-f5cbda8a31c5', '7c527e30-cca5-11e6-b6af-cdaca8571654', '2', '2');

-- ----------------------------
-- Table structure for task_loading_info
-- ----------------------------
DROP TABLE IF EXISTS `task_loading_info`;
CREATE TABLE `task_loading_info` (
  `id` char(36) CHARACTER SET utf8 COLLATE utf8_bin NOT NULL DEFAULT '',
  `task_id` char(36) CHARACTER SET utf8 COLLATE utf8_bin NOT NULL,
  `amount` float NOT NULL,
  `amount_unit` int(11) NOT NULL,
  `region_id` int(11) NOT NULL,
  `address` varchar(255) NOT NULL,
  `linkman` varchar(30) NOT NULL,
  `loading_time` datetime NOT NULL,
  `phone` varchar(30) NOT NULL,
  `loaded` float DEFAULT NULL,
  PRIMARY KEY (`id`),
  KEY `task_id` (`task_id`),
  KEY `region_id` (`region_id`),
  CONSTRAINT `task_loading_info_ibfk_1` FOREIGN KEY (`task_id`) REFERENCES `task` (`id`) ON DELETE NO ACTION ON UPDATE CASCADE,
  CONSTRAINT `task_loading_info_ibfk_2` FOREIGN KEY (`region_id`) REFERENCES `region` (`id`) ON DELETE NO ACTION ON UPDATE CASCADE
) ENGINE=InnoDB DEFAULT CHARSET=utf8 ROW_FORMAT=COMPACT COMMENT='货单装货表';

-- ----------------------------
-- Records of task_loading_info
-- ----------------------------
INSERT INTO `task_loading_info` VALUES ('0d5ae7e0-cc20-11e6-8f29-7f807daac004', 'f6dcd960-cc1f-11e6-8f29-7f807daac004', '10', '2', '110101', '大街12号', '张经理', '2016-12-27 18:32:44', '13141427077', '0');
INSERT INTO `task_loading_info` VALUES ('0ec89320-d17a-11e6-ac5b-9dc6f1f7188f', '0ec7f6e0-d17a-11e6-ac5b-9dc6f1f7188f', '10', '1', '110114', '天通苑', '赵鹏程', '2017-01-03 14:00:22', '13141427077', '10');
INSERT INTO `task_loading_info` VALUES ('1', '1', '5', '1', '210101', '中华路10号112室', '张小明', '2016-12-14 22:00:00', '13412341234', '0');
INSERT INTO `task_loading_info` VALUES ('1011f6c0-ce7f-11e6-af85-3d3066d5f848', '10113370-ce7f-11e6-af85-3d3066d5f848', '10', '1', '110101', '测试', '赵晗', '2016-12-30 18:58:57', '13141427088', '10');
INSERT INTO `task_loading_info` VALUES ('1187ec30-ce43-11e6-9b15-ad271eab55b7', '1186b3b0-ce43-11e6-9b15-ad271eab55b7', '10', '1', '110101', '和平里北街', '赵鹏程', '2016-12-30 11:49:10', '13141427078', '0');
INSERT INTO `task_loading_info` VALUES ('160d46b0-d2f8-11e6-86d0-493ed5c22730', '160c8360-d2f8-11e6-86d0-493ed5c22730', '10', '1', '110101', '社保', '赵经理', '2017-01-05 11:35:22', '13141427033', '0');
INSERT INTO `task_loading_info` VALUES ('17e544e0-ccbf-11e6-9207-df239d0a7cc2', '17e4a8a0-ccbf-11e6-9207-df239d0a7cc2', '10', '1', '110101', '东直门', '董经理', '2016-12-28 13:31:33', '13141427077', '0');
INSERT INTO `task_loading_info` VALUES ('17e544e1-ccbf-11e6-9207-df239d0a7cc2', '17e4a8a0-ccbf-11e6-9207-df239d0a7cc2', '10', '1', '120101', '和平区', '董经理', '2016-12-28 13:31:33', '13141427077', '0');
INSERT INTO `task_loading_info` VALUES ('1f6c0ba0-ccaa-11e6-8177-dfd810412135', '1', '5', '2', '110103', '中华路10号112室', '张小明', '2016-12-28 11:51:00', '13412341234', '0');
INSERT INTO `task_loading_info` VALUES ('2', '2', '10', '1', '140501', '民生路320号', '张斌', '2016-12-24 13:30:00', '13612341234', '10');
INSERT INTO `task_loading_info` VALUES ('2045b2f0-cc1f-11e6-b99b-c9519dc5af9c', '1', '5', '1', '110103', '中华路10号112室', '张小明', '2016-12-28 11:51:00', '13412341234', '0');
INSERT INTO `task_loading_info` VALUES ('25b36d00-d155-11e6-9a36-41dcfaae90db', '25b2a9b0-d155-11e6-9a36-41dcfaae90db', '10', '1', '110101', '歌华大厦', '陈经理', '2017-01-03 09:35:53', '13141427077', '8');
INSERT INTO `task_loading_info` VALUES ('3548b710-c8e6-11e6-bcb1-b39b3b3e5056', '3547f3c0-c8e6-11e6-bcb1-b39b3b3e5056', '10', '1', '110101', '雍和宫', '海航', '2016-12-23 16:00:53', '13141427077', '0');
INSERT INTO `task_loading_info` VALUES ('375c8b30-d313-11e6-aa22-15579b3c8250', '375ab670-d313-11e6-aa22-15579b3c8250', '10', '1', '110101', '朝阳门', '赵经理', '2017-01-05 14:48:40', '13141427033', '8');
INSERT INTO `task_loading_info` VALUES ('3a5f0720-cb4f-11e6-b96a-9d8cafef6e11', '1', '5', '1', '110103', '中华路10号112室', '张小明', '2016-12-28 09:51:00', '13412341234', '0');
INSERT INTO `task_loading_info` VALUES ('414e6aa0-ce81-11e6-ae0a-d19e25965f26', '414dce60-ce81-11e6-ae0a-d19e25965f26', '20', '1', '110113', '国泰', '陈经理', '2016-12-30 19:14:29', '13141427077', '15');
INSERT INTO `task_loading_info` VALUES ('4befcf20-ce7d-11e6-af85-3d3066d5f848', '4bef0bd0-ce7d-11e6-af85-3d3066d5f848', '10', '1', '110101', '故宫', '杨洋', '2016-12-30 18:46:19', '13141427099', '10');
INSERT INTO `task_loading_info` VALUES ('4f3741b0-ce6c-11e6-8af7-4701651947f3', '4f359400-ce6c-11e6-8af7-4701651947f3', '10', '1', '110101', '航星科技园', '杨洋', '2016-12-30 16:44:28', '13141427099', '9');
INSERT INTO `task_loading_info` VALUES ('504339e0-cdb0-11e6-8fa6-c96f02f33ca0', '50411700-cdb0-11e6-8fa6-c96f02f33ca0', '10', '1', '110101', '东直门', '董经理', '2016-12-29 18:18:53', '13141427077', '10');
INSERT INTO `task_loading_info` VALUES ('523c2d10-cd97-11e6-b88d-ffae508c0205', '523aa670-cd97-11e6-b88d-ffae508c0205', '10', '1', '110102', '西直门', '董经理', '2016-12-29 15:19:46', '13141427077', '5');
INSERT INTO `task_loading_info` VALUES ('53b2d320-ccc9-11e6-9207-df239d0a7cc2', '53b20fd0-ccc9-11e6-9207-df239d0a7cc2', '10', '1', '110102', '西直门', '董经理', '2016-12-28 14:45:37', '13141427077', '0');
INSERT INTO `task_loading_info` VALUES ('542a2e80-cda4-11e6-96fc-4196ce5c5fc1', '542832b0-cda4-11e6-96fc-4196ce5c5fc1', '10', '1', '110101', '大鸭梨', '赵鹏程', '2016-12-29 16:53:06', '13141427077', '10');
INSERT INTO `task_loading_info` VALUES ('5ba2cd20-cc1e-11e6-a051-6d6fedfa5f13', '1', '5', '1', '110103', '中华路10号112室', '张小明', '2016-12-28 11:51:00', '13412341234', '0');
INSERT INTO `task_loading_info` VALUES ('5f6f58c0-cc0e-11e6-a43e-13bfb4cd35e6', '5f6d35e0-cc0e-11e6-a43e-13bfb4cd35e6', '10', '1', '110101', '雍和宫', '张经理', '2016-12-27 16:26:25', '13141427077', '0');
INSERT INTO `task_loading_info` VALUES ('68849760-d18e-11e6-90bc-15977fc57c62', '6882c2a0-d18e-11e6-90bc-15977fc57c62', '10', '2', '140303', '天云山', '杨洋', '2017-01-03 16:25:19', '13141427099', '5');
INSERT INTO `task_loading_info` VALUES ('6917b210-cc1c-11e6-9efe-ebf32f39e44a', '69160460-cc1c-11e6-9efe-ebf32f39e44a', '10', '1', '110101', '大街10号', '张经理', '2016-12-27 17:53:22', '13141427077', '0');
INSERT INTO `task_loading_info` VALUES ('7012d020-c660-11e6-a835-4b15c4d564b6', '7010ad40-c660-11e6-a835-4b15c4d564b6', '5', '1', '140302', '东大街', '战汉', '2016-12-20 10:59:40', '110110110', '0');
INSERT INTO `task_loading_info` VALUES ('724b8ff0-c26c-11e6-8c6f-cdf3fcbcefee', '6c4b0090-c26c-11e6-8c6f-cdf3fcbcefee', '5', '1', '140303', '东大街', '666', '2016-12-15 10:15:09', '66', '0');
INSERT INTO `task_loading_info` VALUES ('7852ce50-ce5a-11e6-b909-0bed2c8dae22', '7851e3f0-ce5a-11e6-b909-0bed2c8dae22', '10', '3', '110101', '东直门', '赵鹏程', '2016-12-30 14:35:57', '13141427077', '10');
INSERT INTO `task_loading_info` VALUES ('7c45fb10-cca5-11e6-b6af-cdaca8571654', '7c4510b0-cca5-11e6-b6af-cdaca8571654', '10', '2', '110101', '雍和宫8号', '董经理', '2016-12-28 10:26:59', '13141427077', '0');
INSERT INTO `task_loading_info` VALUES ('883e91a0-cd92-11e6-b699-f7176c686828', '883da740-cd92-11e6-b699-f7176c686828', '10', '1', '110101', '雍和大厦', '董经理', '2016-12-29 14:44:19', '13141427077', '0');
INSERT INTO `task_loading_info` VALUES ('8bdfab20-ce6c-11e6-8af7-4701651947f3', '8bdf0ee0-ce6c-11e6-8af7-4701651947f3', '10', '1', '110101', '护城河桥西', '杨洋', '2016-12-30 16:46:02', '13141427099', '0');
INSERT INTO `task_loading_info` VALUES ('8c8507b0-c28b-11e6-b7d5-d325b40b1bf5', 'f3574830-c273-11e6-8813-0fa3c734afa4', '5', '1', '140421', '东大街', '666', '2016-12-15 11:09:10', '66', '0');
INSERT INTO `task_loading_info` VALUES ('8d8710d0-ce30-11e6-88b4-39337a9faed9', '8d853c10-ce30-11e6-88b4-39337a9faed9', '10', '1', '110101', '东直门48号', '赵鹏程', '2016-12-30 09:36:08', '13141427077', '5');
INSERT INTO `task_loading_info` VALUES ('98502d70-ccbf-11e6-9207-df239d0a7cc2', '984f9130-ccbf-11e6-9207-df239d0a7cc2', '10', '1', '110101', '东直门', '董经理', '2016-12-28 13:35:42', '13141427077', '0');
INSERT INTO `task_loading_info` VALUES ('9bd7b630-cd72-11e6-a374-6da3754fe6cf', '9bd656a0-cd72-11e6-a374-6da3754fe6cf', '10', '1', '110101', '东直门外大街', '张经理', '2016-12-29 10:56:02', '13141427077', '0');
INSERT INTO `task_loading_info` VALUES ('9d000ab0-ce50-11e6-b909-0bed2c8dae22', '9cfed230-ce50-11e6-b909-0bed2c8dae22', '10', '1', '110101', '雍和宫', '赵鹏程', '2016-12-30 13:26:01', '13141427077', '2');
INSERT INTO `task_loading_info` VALUES ('a4051af0-d2f4-11e6-8175-97921a6ca962', 'a4047eb0-d2f4-11e6-8175-97921a6ca962', '5', '1', '120102', '河北大街', '徐经理', '2017-01-05 11:10:36', '13601200268', '0');
INSERT INTO `task_loading_info` VALUES ('a4a9db70-cc1a-11e6-bdc6-2d6d5f63eb2a', 'a4a854d0-cc1a-11e6-bdc6-2d6d5f63eb2a', '10', '1', '110101', '雍和宫', '张经理', '2016-12-27 17:54:36', '13141427077', '0');
INSERT INTO `task_loading_info` VALUES ('a6bc8350-c8ef-11e6-b041-ff6743bcef7d', '1', '5', '1', '110103', '中华路10号112室', '张小明', '2016-12-14 10:00:00', '13412341234', '0');
INSERT INTO `task_loading_info` VALUES ('a97438d0-cd9b-11e6-b88d-ffae508c0205', 'a9730050-cd9b-11e6-b88d-ffae508c0205', '10', '2', '110101', '阳洲新苑', '董经理', '2016-12-29 15:50:38', '13141427077', '0');
INSERT INTO `task_loading_info` VALUES ('ab1b9bd0-cc1d-11e6-9efe-ebf32f39e44a', '1', '5', '1', '110103', '中华路10号112室', '张小明', '2016-12-28 11:51:00', '13412341234', '0');
INSERT INTO `task_loading_info` VALUES ('adf50510-cce2-11e6-87e5-658fa6569c11', 'adf41ab0-cce2-11e6-87e5-658fa6569c11', '10', '1', '110101', '雍和宫', '董经理', '2016-12-28 17:46:28', '13141427077', '4');
INSERT INTO `task_loading_info` VALUES ('b34d4690-cc1e-11e6-a051-6d6fedfa5f13', '2', '10', '1', '140501', '民生路320号', '张斌', '2016-12-25 02:30:00', '13612341234', '10');
INSERT INTO `task_loading_info` VALUES ('b9c78af0-cdac-11e6-a778-63d73d329fc9', 'b9c62b60-cdac-11e6-a778-63d73d329fc9', '10', '3', '110101', '来了', '赵鹏程', '2016-12-29 17:52:14', '13141427077', '10');
INSERT INTO `task_loading_info` VALUES ('baa54090-cd87-11e6-b699-f7176c686828', 'baa45630-cd87-11e6-b699-f7176c686828', '10', '1', '110113', '南法信街22号', '赵鹏程', '2016-12-29 13:27:34', '13141427077', '0');
INSERT INTO `task_loading_info` VALUES ('bccbe1c0-c900-11e6-97ec-75aa677eff12', '1', '5', '1', '110103', '中华路10号112室', '张小明', '2016-12-14 10:00:00', '13412341234', '0');
INSERT INTO `task_loading_info` VALUES ('be29f0d0-d174-11e6-ac5b-9dc6f1f7188f', 'be264750-d174-11e6-ac5b-9dc6f1f7188f', '10', '1', '110113', '马坡', '徐经理', '2017-01-03 13:22:09', '13601200268', '10');
INSERT INTO `task_loading_info` VALUES ('be776510-ce75-11e6-aa8a-4fce5cf821b5', 'be76a1c0-ce75-11e6-aa8a-4fce5cf821b5', '10', '1', '110101', '东直门', '杨洋', '2016-12-30 17:51:48', '13141427099', '10');
INSERT INTO `task_loading_info` VALUES ('be93e440-c8c3-11e6-aaeb-33427550603e', 'be9061d0-c8c3-11e6-aaeb-33427550603e', '10', '1', '110101', '雍和宫', '张经理', '2016-12-23 11:55:21', '13141427077', '0');
INSERT INTO `task_loading_info` VALUES ('bf0383f0-ccbe-11e6-9207-df239d0a7cc2', 'bf01af30-ccbe-11e6-9207-df239d0a7cc2', '10', '1', '110101', '东直门', '董经理', '2016-12-28 13:29:18', '13141427077', '0');
INSERT INTO `task_loading_info` VALUES ('bf0383f1-ccbe-11e6-9207-df239d0a7cc2', 'bf01af30-ccbe-11e6-9207-df239d0a7cc2', '10', '1', '110113', '国泰', '董经理', '2016-12-28 13:29:18', '13141427077', '0');
INSERT INTO `task_loading_info` VALUES ('c9b71500-cd77-11e6-a374-6da3754fe6cf', 'c9b5b570-cd77-11e6-a374-6da3754fe6cf', '10', '1', '520303', '遵义', '张经理', '2016-12-29 11:34:04', '13141427077', '0');
INSERT INTO `task_loading_info` VALUES ('cad5ed40-ce4d-11e6-9b15-ad271eab55b7', 'cad48db0-ce4d-11e6-9b15-ad271eab55b7', '10', '1', '110101', '地铁雍和宫', '董经理', '2016-12-30 13:05:01', '13141427077', '10');
INSERT INTO `task_loading_info` VALUES ('d07a51b0-ce33-11e6-9b15-ad271eab55b7', 'd0798e60-ce33-11e6-9b15-ad271eab55b7', '10', '1', '110101', '东直门', '张经理', '2016-12-30 09:59:32', '13141427077', '10');
INSERT INTO `task_loading_info` VALUES ('d0ceef90-d18f-11e6-bedd-57c5fc4410b7', 'd0cd41e0-d18f-11e6-bedd-57c5fc4410b7', '10', '1', '110228', '密云水库', '徐经理', '2017-01-03 16:36:07', '13601200268', '10');
INSERT INTO `task_loading_info` VALUES ('d21abe91-ccaf-11e6-b65d-4f10098aed2b', 'd21abe90-ccaf-11e6-b65d-4f10098aed2b', '10', '1', '130601', '测试', '董经理', '2016-12-28 11:42:50', '13141427077', '0');
INSERT INTO `task_loading_info` VALUES ('d56433f0-c28d-11e6-8201-ff852bf440bb', 'd3973c20-c28d-11e6-8201-ff852bf440bb', '5', '1', '130202', '东大街', '朱先生', '2016-12-15 14:13:39', '15133068954', null);
INSERT INTO `task_loading_info` VALUES ('d8b0cce0-ce80-11e6-ae0a-d19e25965f26', 'd8aed110-ce80-11e6-ae0a-d19e25965f26', '10', '1', '110101', '公交站', '张经理', '2016-12-30 19:11:29', '13141427077', '5');
INSERT INTO `task_loading_info` VALUES ('d9055060-c8ec-11e6-a715-19c88109dc4e', 'd9046600-c8ec-11e6-a715-19c88109dc4e', '10', '1', '110101', '雍和宫', '冷链', '2016-12-23 16:49:01', '13141427072', '0');
INSERT INTO `task_loading_info` VALUES ('db109ff0-c75b-11e6-a0fe-9d08bf706172', 'db0f4060-c75b-11e6-a0fe-9d08bf706172', '10', '1', '140421', '东大街120号', '赵先生', '2016-12-21 16:57:53', '15531068964', '0');
INSERT INTO `task_loading_info` VALUES ('e484e1d0-cc07-11e6-bf70-3df5f582a89d', 'e482bef0-cc07-11e6-bf70-3df5f582a89d', '10', '1', '110101', '雍和宫', '张经理', '2016-12-27 15:40:28', '13141427077', '0');
INSERT INTO `task_loading_info` VALUES ('e693a910-ccc1-11e6-8612-e38c0cdcf5d2', 'e6904db0-ccc1-11e6-8612-e38c0cdcf5d2', '15', '1', '130302', '河北大街西段360号', '张主管', '2016-12-28 13:49:55', '13141427077', '0');
INSERT INTO `task_loading_info` VALUES ('e693d020-ccc1-11e6-8612-e38c0cdcf5d2', 'e6904db0-ccc1-11e6-8612-e38c0cdcf5d2', '10', '1', '130303', '西大街50号', '张主管', '2016-12-28 13:49:55', '13141427077', '0');
INSERT INTO `task_loading_info` VALUES ('e7bc4f00-cc1b-11e6-9ad5-319bab7eff90', '8d17f680-cc1b-11e6-9ad5-319bab7eff90', '10', '1', '120103', '利民道48号', '张经理', '2016-12-27 18:01:11', '13141427077', '0');
INSERT INTO `task_loading_info` VALUES ('f27ec280-c755-11e6-8409-61c10a57d439', 'ea209410-c755-11e6-8409-61c10a57d439', '10', '1', '140303', '东大街30号', '杨女士', '2016-12-21 16:15:26', '15533065321', '0');
INSERT INTO `task_loading_info` VALUES ('f5274d40-c273-11e6-8813-0fa3c734afa4', 'f3574830-c273-11e6-8813-0fa3c734afa4', '5', '1', '120103', '东大街', '666', '2016-12-15 11:09:10', '66', null);
INSERT INTO `task_loading_info` VALUES ('f5e4d210-c28d-11e6-8201-ff852bf440bb', 'd3973c20-c28d-11e6-8201-ff852bf440bb', '5', '1', '320304', '东大街', '朱先生', '2016-12-15 14:14:39', '15133068954', '0');
INSERT INTO `task_loading_info` VALUES ('f697b6a0-d19c-11e6-bf3c-3de2cb4f83c6', 'f696f350-d19c-11e6-bf3c-3de2cb4f83c6', '10', '1', '110115', '兴业', '杨洋', '2017-01-03 18:09:23', '13141427099', '10');
INSERT INTO `task_loading_info` VALUES ('f69d6bb0-cca9-11e6-b6af-cdaca8571654', 'f69ca860-cca9-11e6-b6af-cdaca8571654', '10', '2', '110101', '雍和宫', '董经理', '2016-12-28 11:00:54', '13141427077', '0');
INSERT INTO `task_loading_info` VALUES ('f6defc40-cc1f-11e6-8f29-7f807daac004', 'f6dcd960-cc1f-11e6-8f29-7f807daac004', '10', '3', '110101', '大街12号', '张经理', '2016-12-27 18:32:44', '13141427077', '0');
INSERT INTO `task_loading_info` VALUES ('fae52350-ccb0-11e6-b65d-4f10098aed2b', 'fae438f0-ccb0-11e6-b65d-4f10098aed2b', '10', '1', '110101', '雍和宫', '董经理', '2016-12-28 11:50:54', '13141427077', '0');
INSERT INTO `task_loading_info` VALUES ('fec7f640-ccc5-11e6-9207-df239d0a7cc2', 'fec66fa0-ccc5-11e6-9207-df239d0a7cc2', '10', '1', '110101', '雍和宫', '董经理', '2016-12-28 14:20:33', '13141427077', '0');
INSERT INTO `task_loading_info` VALUES ('fec7f641-ccc5-11e6-9207-df239d0a7cc2', 'fec66fa0-ccc5-11e6-9207-df239d0a7cc2', '10', '1', '120102', '河东', '董经理', '2016-12-28 14:19:33', '13141427077', '0');

-- ----------------------------
-- Table structure for task_notice
-- ----------------------------
DROP TABLE IF EXISTS `task_notice`;
CREATE TABLE `task_notice` (
  `id` char(36) CHARACTER SET utf8 COLLATE utf8_bin NOT NULL DEFAULT '',
  `task_id` char(36) CHARACTER SET utf8 COLLATE utf8_bin NOT NULL,
  `message_type` varchar(30) DEFAULT NULL,
  `content` varchar(255) NOT NULL,
  `create_time` datetime NOT NULL,
  `update_time` datetime NOT NULL,
  `delete_time` datetime DEFAULT NULL,
  PRIMARY KEY (`id`),
  KEY `task_id` (`task_id`),
  CONSTRAINT `task_notice_ibfk_1` FOREIGN KEY (`task_id`) REFERENCES `task` (`id`) ON DELETE NO ACTION ON UPDATE CASCADE
) ENGINE=InnoDB DEFAULT CHARSET=utf8 ROW_FORMAT=COMPACT;

-- ----------------------------
-- Records of task_notice
-- ----------------------------

-- ----------------------------
-- Table structure for task_offer
-- ----------------------------
DROP TABLE IF EXISTS `task_offer`;
CREATE TABLE `task_offer` (
  `id` char(36) CHARACTER SET utf8 COLLATE utf8_bin NOT NULL DEFAULT '',
  `task_id` char(36) CHARACTER SET utf8 COLLATE utf8_bin DEFAULT NULL,
  `organization_id` char(36) CHARACTER SET utf8 COLLATE utf8_bin DEFAULT NULL,
  `seat_group_id` char(36) CHARACTER SET utf8 COLLATE utf8_bin DEFAULT NULL,
  `offer` decimal(11,2) DEFAULT '0.00',
  `type` int(11) DEFAULT NULL,
  `accepted` int(11) DEFAULT NULL,
  `creator_id` char(36) CHARACTER SET utf8 COLLATE utf8_bin DEFAULT NULL,
  `create_time` datetime NOT NULL,
  `update_time` datetime NOT NULL,
  `delete_time` datetime DEFAULT NULL,
  PRIMARY KEY (`id`),
  KEY `task_id` (`task_id`),
  KEY `organization_id` (`organization_id`),
  KEY `seat_group_id` (`seat_group_id`),
  KEY `creator_id` (`creator_id`),
  CONSTRAINT `task_offer_ibfk_1` FOREIGN KEY (`task_id`) REFERENCES `task` (`id`) ON DELETE NO ACTION ON UPDATE CASCADE,
  CONSTRAINT `task_offer_ibfk_2` FOREIGN KEY (`organization_id`) REFERENCES `organization` (`id`) ON DELETE NO ACTION ON UPDATE CASCADE,
  CONSTRAINT `task_offer_ibfk_3` FOREIGN KEY (`seat_group_id`) REFERENCES `seat_group` (`id`) ON DELETE NO ACTION ON UPDATE CASCADE,
  CONSTRAINT `task_offer_ibfk_4` FOREIGN KEY (`creator_id`) REFERENCES `user` (`id`) ON DELETE NO ACTION ON UPDATE CASCADE
) ENGINE=InnoDB DEFAULT CHARSET=utf8 ROW_FORMAT=COMPACT;

-- ----------------------------
-- Records of task_offer
-- ----------------------------

-- ----------------------------
-- Table structure for task_payment
-- ----------------------------
DROP TABLE IF EXISTS `task_payment`;
CREATE TABLE `task_payment` (
  `id` char(36) CHARACTER SET utf8 COLLATE utf8_bin NOT NULL DEFAULT '',
  `waybill_id` char(36) CHARACTER SET utf8 COLLATE utf8_bin NOT NULL,
  `amount` decimal(11,2) NOT NULL,
  `pay_time` datetime NOT NULL,
  `payment_type` varchar(30) NOT NULL DEFAULT 'UNCONFIRMED',
  `reason` varchar(30) NOT NULL DEFAULT 'UNCONFIRMED',
  `creator_id` char(36) CHARACTER SET utf8 COLLATE utf8_bin NOT NULL,
  `create_time` datetime NOT NULL,
  `update_time` datetime NOT NULL,
  `delete_time` datetime DEFAULT NULL,
  PRIMARY KEY (`id`),
  KEY `waybill_id` (`waybill_id`),
  KEY `creator_id` (`creator_id`),
  CONSTRAINT `task_payment_ibfk_1` FOREIGN KEY (`waybill_id`) REFERENCES `waybill` (`id`) ON DELETE NO ACTION ON UPDATE CASCADE,
  CONSTRAINT `task_payment_ibfk_2` FOREIGN KEY (`creator_id`) REFERENCES `user` (`id`) ON DELETE NO ACTION ON UPDATE CASCADE
) ENGINE=InnoDB DEFAULT CHARSET=utf8 ROW_FORMAT=COMPACT COMMENT='货单付款表';

-- ----------------------------
-- Records of task_payment
-- ----------------------------

-- ----------------------------
-- Table structure for task_unloading_info
-- ----------------------------
DROP TABLE IF EXISTS `task_unloading_info`;
CREATE TABLE `task_unloading_info` (
  `id` char(36) CHARACTER SET utf8 COLLATE utf8_bin NOT NULL DEFAULT '',
  `task_id` char(36) CHARACTER SET utf8 COLLATE utf8_bin NOT NULL,
  `amount` float NOT NULL,
  `amount_unit` int(11) NOT NULL,
  `region_id` int(11) NOT NULL,
  `address` varchar(255) NOT NULL,
  `linkman` varchar(30) NOT NULL,
  `unloading_time` datetime NOT NULL,
  `phone` varchar(30) NOT NULL,
  `loaded` float DEFAULT NULL,
  PRIMARY KEY (`id`),
  KEY `task_id` (`task_id`),
  KEY `region_id` (`region_id`),
  CONSTRAINT `task_unloading_info_ibfk_1` FOREIGN KEY (`task_id`) REFERENCES `task` (`id`) ON DELETE NO ACTION ON UPDATE CASCADE,
  CONSTRAINT `task_unloading_info_ibfk_2` FOREIGN KEY (`region_id`) REFERENCES `region` (`id`) ON DELETE NO ACTION ON UPDATE CASCADE
) ENGINE=InnoDB DEFAULT CHARSET=utf8 ROW_FORMAT=COMPACT COMMENT='货单卸货表';

-- ----------------------------
-- Records of task_unloading_info
-- ----------------------------
INSERT INTO `task_unloading_info` VALUES ('0d6a5130-cc20-11e6-8f29-7f807daac004', 'f6dcd960-cc1f-11e6-8f29-7f807daac004', '10', '2', '140202', '北大街20号', '张经理', '2016-12-29 18:32:44', '13141427077', '0');
INSERT INTO `task_unloading_info` VALUES ('0ed56460-d17a-11e6-ac5b-9dc6f1f7188f', '0ec7f6e0-d17a-11e6-ac5b-9dc6f1f7188f', '10', '1', '440404', '金湾门', '赵鹏程', '2017-01-05 14:00:22', '13141427077', '10');
INSERT INTO `task_unloading_info` VALUES ('1', '1', '5', '1', '130101', '文化路长江大厦A座5楼501室', '李丽', '2016-12-16 10:00:00', '18812341234', '0');
INSERT INTO `task_unloading_info` VALUES ('10129300-ce7f-11e6-af85-3d3066d5f848', '10113370-ce7f-11e6-af85-3d3066d5f848', '10', '1', '360201', '测试一下', '赵晗', '2017-01-01 18:58:57', '13141427077', '10');
INSERT INTO `task_unloading_info` VALUES ('11886160-ce43-11e6-9b15-ad271eab55b7', '1186b3b0-ce43-11e6-9b15-ad271eab55b7', '10', '1', '120101', '和平里北街', '赵鹏程', '2017-01-01 11:49:10', '13141427077', '0');
INSERT INTO `task_unloading_info` VALUES ('160d46b1-d2f8-11e6-86d0-493ed5c22730', '160c8360-d2f8-11e6-86d0-493ed5c22730', '10', '1', '320202', '安丽', '赵经理', '2017-01-07 11:35:22', '13141427033', '0');
INSERT INTO `task_unloading_info` VALUES ('17e59300-ccbf-11e6-9207-df239d0a7cc2', '17e4a8a0-ccbf-11e6-9207-df239d0a7cc2', '10', '1', '210202', '中和超市', '董经理', '2016-12-30 13:31:33', '13141427077', '0');
INSERT INTO `task_unloading_info` VALUES ('17e59301-ccbf-11e6-9207-df239d0a7cc2', '17e4a8a0-ccbf-11e6-9207-df239d0a7cc2', '10', '1', '220302', '铁门', '董经理', '2016-12-30 13:31:33', '13141427077', '0');
INSERT INTO `task_unloading_info` VALUES ('1f6d4420-ccaa-11e6-8177-dfd810412135', '1', '5', '2', '120103', '文化路长江大厦A座5楼501室', '李丽', '2016-12-30 10:00:00', '18812341234', '0');
INSERT INTO `task_unloading_info` VALUES ('2', '2', '10', '1', '130201', '西大街20号', '李超', '2016-12-25 09:30:00', '13534123434', null);
INSERT INTO `task_unloading_info` VALUES ('2048c030-cc1f-11e6-b99b-c9519dc5af9c', '1', '5', '1', '120103', '文化路长江大厦A座5楼501室', '李丽', '2016-12-30 10:00:00', '18812341234', '0');
INSERT INTO `task_unloading_info` VALUES ('25b3e230-d155-11e6-9a36-41dcfaae90db', '25b2a9b0-d155-11e6-9a36-41dcfaae90db', '10', '1', '350212', '同乐门', '陈经理', '2017-01-05 09:35:53', '13141427077', '8');
INSERT INTO `task_unloading_info` VALUES ('35495350-c8e6-11e6-bcb1-b39b3b3e5056', '3547f3c0-c8e6-11e6-bcb1-b39b3b3e5056', '10', '1', '120103', '利民道48号', '张经理', '2016-12-25 16:00:53', '13141427077', '0');
INSERT INTO `task_unloading_info` VALUES ('3768c030-d313-11e6-aa22-15579b3c8250', '375ab670-d313-11e6-aa22-15579b3c8250', '10', '1', '330723', '批发市场', '赵经理', '2017-01-07 14:48:40', '13141427033', '8');
INSERT INTO `task_unloading_info` VALUES ('3a621460-cb4f-11e6-b96a-9d8cafef6e11', '1', '5', '1', '120103', '文化路长江大厦A座5楼501室', '李丽', '2016-12-30 10:00:00', '18812341234', '0');
INSERT INTO `task_unloading_info` VALUES ('414eb8c0-ce81-11e6-ae0a-d19e25965f26', '414dce60-ce81-11e6-ae0a-d19e25965f26', '20', '1', '340202', '西单', '陈经理', '2017-01-01 19:14:29', '13141427077', '15');
INSERT INTO `task_unloading_info` VALUES ('4bf06b60-ce7d-11e6-af85-3d3066d5f848', '4bef0bd0-ce7d-11e6-af85-3d3066d5f848', '10', '1', '220302', '四平里', '杨洋', '2017-01-01 18:46:19', '13141427099', '10');
INSERT INTO `task_unloading_info` VALUES ('4f37b6e0-ce6c-11e6-8af7-4701651947f3', '4f359400-ce6c-11e6-8af7-4701651947f3', '10', '1', '120101', '和平里北街', '杨洋', '2017-01-01 16:44:28', '13141427099', '9');
INSERT INTO `task_unloading_info` VALUES ('5043fd30-cdb0-11e6-8fa6-c96f02f33ca0', '50411700-cdb0-11e6-8fa6-c96f02f33ca0', '10', '1', '130201', '唐山', '董经理', '2016-12-31 18:18:53', '13141427077', '10');
INSERT INTO `task_unloading_info` VALUES ('524a0fc0-cd97-11e6-b88d-ffae508c0205', '523aa670-cd97-11e6-b88d-ffae508c0205', '10', '1', '310103', '虹桥', '董经理', '2016-12-31 15:19:46', '13141427077', '5');
INSERT INTO `task_unloading_info` VALUES ('53b34850-ccc9-11e6-9207-df239d0a7cc2', '53b20fd0-ccc9-11e6-9207-df239d0a7cc2', '10', '1', '220202', '测试', '董经理', '2016-12-30 14:45:37', '13141427077', '0');
INSERT INTO `task_unloading_info` VALUES ('542acac0-cda4-11e6-96fc-4196ce5c5fc1', '542832b0-cda4-11e6-96fc-4196ce5c5fc1', '10', '1', '420101', '长沙', '赵鹏程', '2016-12-31 16:53:06', '13141427077', '10');
INSERT INTO `task_unloading_info` VALUES ('5ba6c4c0-cc1e-11e6-a051-6d6fedfa5f13', '1', '5', '1', '120103', '文化路长江大厦A座5楼501室', '李丽', '2016-12-30 10:00:00', '18812341234', '0');
INSERT INTO `task_unloading_info` VALUES ('5bcea5f0-c82a-11e6-8708-bf31b68150a8', '5bcd9480-c82a-11e6-8708-bf31b68150a8', '10', '1', '310112', '上行路', '宋经理', '2016-12-24 17:36:47', '13876369896', '0');
INSERT INTO `task_unloading_info` VALUES ('5bcf1b20-c82a-11e6-8708-bf31b68150a8', '5bcd9480-c82a-11e6-8708-bf31b68150a8', '10', '1', '310112', '上行路', '宋经理', '2016-12-24 17:36:47', '13876369896', '0');
INSERT INTO `task_unloading_info` VALUES ('5f701c10-cc0e-11e6-a43e-13bfb4cd35e6', '5f6d35e0-cc0e-11e6-a43e-13bfb4cd35e6', '10', '1', '140101', '太原到', '张经理', '2016-12-29 16:26:25', '13141427077', '0');
INSERT INTO `task_unloading_info` VALUES ('63ea92b0-c813-11e6-8708-bf31b68150a8', '63e86fd0-c813-11e6-8708-bf31b68150a8', '0', '1', '310118', '丽水南大街21号', '黄经理', '2016-12-24 14:51:53', '13876369896', '0');
INSERT INTO `task_unloading_info` VALUES ('63ec1950-c813-11e6-8708-bf31b68150a8', '63e86fd0-c813-11e6-8708-bf31b68150a8', '0', '1', '310118', '丽水南大街21号', '黄经理', '2016-12-24 14:51:53', '13876369896', '0');
INSERT INTO `task_unloading_info` VALUES ('6844da30-c815-11e6-8708-bf31b68150a8', '68443df0-c815-11e6-8708-bf31b68150a8', '10', '1', '321011', '嗡嗡嗡', '何辉', '2016-12-24 15:06:18', '13141427070', '0');
INSERT INTO `task_unloading_info` VALUES ('68452850-c815-11e6-8708-bf31b68150a8', '68443df0-c815-11e6-8708-bf31b68150a8', '10', '1', '321011', '嗡嗡嗡', '何辉', '2016-12-24 15:06:18', '13141427070', '0');
INSERT INTO `task_unloading_info` VALUES ('688533a0-d18e-11e6-90bc-15977fc57c62', '6882c2a0-d18e-11e6-90bc-15977fc57c62', '10', '2', '130202', '雨花世界', '杨洋', '2017-01-05 16:25:19', '13141427099', '5');
INSERT INTO `task_unloading_info` VALUES ('69189c70-cc1c-11e6-9efe-ebf32f39e44a', '69160460-cc1c-11e6-9efe-ebf32f39e44a', '10', '1', '120103', '里冰岛10号', '张经理', '2016-12-29 18:52:22', '13141427077', '0');
INSERT INTO `task_unloading_info` VALUES ('70136c60-c660-11e6-a835-4b15c4d564b6', '7010ad40-c660-11e6-a835-4b15c4d564b6', '5', '1', '140203', '西大街', '战汉', '2016-12-22 10:59:40', '110110110', '0');
INSERT INTO `task_unloading_info` VALUES ('78534380-ce5a-11e6-b909-0bed2c8dae22', '7851e3f0-ce5a-11e6-b909-0bed2c8dae22', '10', '3', '330205', '江门北区', '赵鹏程', '2017-01-01 14:35:57', '13141427077', '10');
INSERT INTO `task_unloading_info` VALUES ('7975f950-c26c-11e6-8c6f-cdf3fcbcefee', '6c4b0090-c26c-11e6-8c6f-cdf3fcbcefee', '5', '1', '220103', '西大街', '666', '2016-12-17 10:15:09', '66', '0');
INSERT INTO `task_unloading_info` VALUES ('7c527e30-cca5-11e6-b6af-cdaca8571654', '7c4510b0-cca5-11e6-b6af-cdaca8571654', '10', '2', '230402', '向阳街10号', '董经理', '2016-12-30 10:26:59', '13141427077', '0');
INSERT INTO `task_unloading_info` VALUES ('883f06d0-cd92-11e6-b699-f7176c686828', '883da740-cd92-11e6-b699-f7176c686828', '10', '1', '330206', '海航', '董经理', '2016-12-31 14:44:19', '13141427077', '0');
INSERT INTO `task_unloading_info` VALUES ('88b49e80-c80c-11e6-8708-bf31b68150a8', '88b3db30-c80c-11e6-8708-bf31b68150a8', '10', '1', '230202', '雍和宫', '13141427077', '2016-12-24 14:04:01', '13141427077', '0');
INSERT INTO `task_unloading_info` VALUES ('88b561d0-c80c-11e6-8708-bf31b68150a8', '88b3db30-c80c-11e6-8708-bf31b68150a8', '10', '1', '230202', '雍和宫', '13141427077', '2016-12-24 14:04:01', '13141427077', '0');
INSERT INTO `task_unloading_info` VALUES ('8bdff940-ce6c-11e6-8af7-4701651947f3', '8bdf0ee0-ce6c-11e6-8af7-4701651947f3', '10', '1', '320701', '白云朵朵', '杨洋', '2017-01-01 16:46:02', '13141427099', '0');
INSERT INTO `task_unloading_info` VALUES ('8d878600-ce30-11e6-88b4-39337a9faed9', '8d853c10-ce30-11e6-88b4-39337a9faed9', '10', '1', '310101', '黄埔军校', '赵鹏程', '2017-01-01 09:36:08', '13141427077', '5');
INSERT INTO `task_unloading_info` VALUES ('8f63c3c0-c814-11e6-8708-bf31b68150a8', '8f630070-c814-11e6-8708-bf31b68150a8', '10', '1', '230802', '雍和宫', '黄经理', '2016-12-24 15:01:26', '13876369896', '0');
INSERT INTO `task_unloading_info` VALUES ('8f6411e0-c814-11e6-8708-bf31b68150a8', '8f630070-c814-11e6-8708-bf31b68150a8', '10', '1', '230802', '雍和宫', '黄经理', '2016-12-24 15:01:26', '13876369896', '0');
INSERT INTO `task_unloading_info` VALUES ('985d4cd0-ccbf-11e6-9207-df239d0a7cc2', '984f9130-ccbf-11e6-9207-df239d0a7cc2', '10', '1', '210202', '中门', '董经理', '2016-12-30 13:35:42', '13141427077', '0');
INSERT INTO `task_unloading_info` VALUES ('9bd82b60-cd72-11e6-a374-6da3754fe6cf', '9bd656a0-cd72-11e6-a374-6da3754fe6cf', '10', '1', '210102', '西直门外大街', '张经理', '2016-12-31 10:56:02', '13141427077', '0');
INSERT INTO `task_unloading_info` VALUES ('9d00a6f0-ce50-11e6-b909-0bed2c8dae22', '9cfed230-ce50-11e6-b909-0bed2c8dae22', '10', '1', '220101', '伊春', '赵鹏程', '2017-01-01 13:26:01', '13141427077', '2');
INSERT INTO `task_unloading_info` VALUES ('a4059020-d2f4-11e6-8175-97921a6ca962', 'a4047eb0-d2f4-11e6-8175-97921a6ca962', '5', '1', '210403', '东大街', '徐经理', '2017-01-07 11:10:36', '13601200268', '0');
INSERT INTO `task_unloading_info` VALUES ('a4aa77b0-cc1a-11e6-bdc6-2d6d5f63eb2a', 'a4a854d0-cc1a-11e6-bdc6-2d6d5f63eb2a', '10', '1', '210201', '大连超市', '张经理', '2016-12-29 17:54:36', '13141427077', '0');
INSERT INTO `task_unloading_info` VALUES ('a6cdc160-c8ef-11e6-b041-ff6743bcef7d', '1', '5', '1', '120103', '文化路长江大厦A座5楼501室', '李丽', '2016-12-16 10:00:00', '18812341234', '0');
INSERT INTO `task_unloading_info` VALUES ('a974d510-cd9b-11e6-b88d-ffae508c0205', 'a9730050-cd9b-11e6-b88d-ffae508c0205', '10', '2', '130202', '新大路口', '董经理', '2016-12-31 15:50:38', '13141427077', '0');
INSERT INTO `task_unloading_info` VALUES ('ab1e0cd0-cc1d-11e6-9efe-ebf32f39e44a', '1', '5', '1', '120103', '文化路长江大厦A座5楼501室', '李丽', '2016-12-30 10:00:00', '18812341234', '0');
INSERT INTO `task_unloading_info` VALUES ('ae030ed0-cce2-11e6-87e5-658fa6569c11', 'adf41ab0-cce2-11e6-87e5-658fa6569c11', '10', '1', '220702', '宁静', '董经理', '2016-12-30 17:46:28', '13141427077', '4');
INSERT INTO `task_unloading_info` VALUES ('b35b7760-cc1e-11e6-a051-6d6fedfa5f13', '2', '10', '1', '130201', '西大街20号', '李超', '2016-12-25 09:30:00', '13534123434', null);
INSERT INTO `task_unloading_info` VALUES ('b891ba70-c753-11e6-8537-5faddf52e8c0', 'b89081f0-c753-11e6-8537-5faddf52e8c0', '10', '1', '330302', '西大街', '新先生', '2016-12-23 16:00:03', '110110110', '0');
INSERT INTO `task_unloading_info` VALUES ('b8922fa0-c753-11e6-8537-5faddf52e8c0', 'b89081f0-c753-11e6-8537-5faddf52e8c0', '10', '1', '330302', '西大街', '新先生', '2016-12-23 16:00:03', '110110110', '0');
INSERT INTO `task_unloading_info` VALUES ('b9c82730-cdac-11e6-a778-63d73d329fc9', 'b9c62b60-cdac-11e6-a778-63d73d329fc9', '10', '3', '341301', '来了', '赵鹏程', '2016-12-31 17:52:14', '13141427077', '10');
INSERT INTO `task_unloading_info` VALUES ('baa5dcd0-cd87-11e6-b699-f7176c686828', 'baa45630-cd87-11e6-b699-f7176c686828', '10', '1', '220882', '大安街20号', '赵鹏程', '2016-12-31 13:27:34', '13141427077', '0');
INSERT INTO `task_unloading_info` VALUES ('bccf1610-c900-11e6-97ec-75aa677eff12', '1', '5', '1', '120103', '文化路长江大厦A座5楼501室', '李丽', '2016-12-16 10:00:00', '18812341234', '0');
INSERT INTO `task_unloading_info` VALUES ('be2a6600-d174-11e6-ac5b-9dc6f1f7188f', 'be264750-d174-11e6-ac5b-9dc6f1f7188f', '10', '1', '310105', '宁静小区', '徐经理', '2017-01-05 13:22:09', '13601200268', '10');
INSERT INTO `task_unloading_info` VALUES ('be83e830-ce75-11e6-aa8a-4fce5cf821b5', 'be76a1c0-ce75-11e6-aa8a-4fce5cf821b5', '10', '1', '220303', '四平', '杨洋', '2017-01-01 17:51:48', '13141427099', '10');
INSERT INTO `task_unloading_info` VALUES ('be948080-c8c3-11e6-aaeb-33427550603e', 'be9061d0-c8c3-11e6-aaeb-33427550603e', '10', '1', '130203', '谔谔', '张经理', '2016-12-25 11:55:21', '13141427077', '0');
INSERT INTO `task_unloading_info` VALUES ('bf042030-ccbe-11e6-9207-df239d0a7cc2', 'bf01af30-ccbe-11e6-9207-df239d0a7cc2', '10', '1', '210103', '河西', '董经理', '2016-12-30 13:29:18', '13141427077', '0');
INSERT INTO `task_unloading_info` VALUES ('bf042031-ccbe-11e6-9207-df239d0a7cc2', 'bf01af30-ccbe-11e6-9207-df239d0a7cc2', '10', '1', '210102', '和平', '董经理', '2016-12-30 13:29:18', '13141427077', '0');
INSERT INTO `task_unloading_info` VALUES ('c7108560-cc1f-11e6-8f29-7f807daac004', '1', '5', '2', '120103', '文化路长江大厦A座5楼501室', '李丽', '2016-12-30 10:00:00', '18812341234', '0');
INSERT INTO `task_unloading_info` VALUES ('c9b78a30-cd77-11e6-a374-6da3754fe6cf', 'c9b5b570-cd77-11e6-a374-6da3754fe6cf', '10', '1', '530521', '云南', '张经理', '2016-12-31 11:34:04', '13141427077', '0');
INSERT INTO `task_unloading_info` VALUES ('cad66270-ce4d-11e6-9b15-ad271eab55b7', 'cad48db0-ce4d-11e6-9b15-ad271eab55b7', '10', '1', '310109', '虹桥机场', '董经理', '2017-01-01 13:05:01', '13141427077', '10');
INSERT INTO `task_unloading_info` VALUES ('d086adc0-ce33-11e6-9b15-ad271eab55b7', 'd0798e60-ce33-11e6-9b15-ad271eab55b7', '10', '1', '330104', '金华', '张经理', '2017-01-01 09:59:32', '13141427077', '10');
INSERT INTO `task_unloading_info` VALUES ('d0cf8bd0-d18f-11e6-bedd-57c5fc4410b7', 'd0cd41e0-d18f-11e6-bedd-57c5fc4410b7', '10', '1', '511124', '井冈山', '徐经理', '2017-01-05 16:36:07', '13601200268', '10');
INSERT INTO `task_unloading_info` VALUES ('d21d2f90-ccaf-11e6-b65d-4f10098aed2b', 'd21abe90-ccaf-11e6-b65d-4f10098aed2b', '10', '1', '230231', '卸货', '董经理', '2016-12-30 11:42:50', '13141427077', '0');
INSERT INTO `task_unloading_info` VALUES ('d565ba90-c28d-11e6-8201-ff852bf440bb', 'd3973c20-c28d-11e6-8201-ff852bf440bb', '5', '1', '230229', '西大街', '赵小姐', '2016-12-17 14:13:39', '13331098564', null);
INSERT INTO `task_unloading_info` VALUES ('d8b16920-ce80-11e6-ae0a-d19e25965f26', 'd8aed110-ce80-11e6-ae0a-d19e25965f26', '10', '1', '360101', '问问', '张经理', '2017-01-01 19:11:29', '13141427077', '5');
INSERT INTO `task_unloading_info` VALUES ('d9059e80-c8ec-11e6-a715-19c88109dc4e', 'd9046600-c8ec-11e6-a715-19c88109dc4e', '10', '1', '210201', '大连', '华日', '2016-12-25 16:49:01', '13141427073', '0');
INSERT INTO `task_unloading_info` VALUES ('db113c30-c75b-11e6-a0fe-9d08bf706172', 'db0f4060-c75b-11e6-a0fe-9d08bf706172', '10', '1', '320203', '西大街130号', '李贤', '2016-12-23 16:57:53', '15131068964', '0');
INSERT INTO `task_unloading_info` VALUES ('e4857e10-cc07-11e6-bf70-3df5f582a89d', 'e482bef0-cc07-11e6-bf70-3df5f582a89d', '10', '1', '120101', '利民道', '张经理', '2016-12-29 15:40:28', '13141427077', '0');
INSERT INTO `task_unloading_info` VALUES ('e6946c60-ccc1-11e6-8612-e38c0cdcf5d2', 'e6904db0-ccc1-11e6-8612-e38c0cdcf5d2', '15', '1', '310119', '东大街60号', '张主管', '2016-12-30 13:49:55', '13141427077', '0');
INSERT INTO `task_unloading_info` VALUES ('e6946c61-ccc1-11e6-8612-e38c0cdcf5d2', 'e6904db0-ccc1-11e6-8612-e38c0cdcf5d2', '10', '1', '310116', '东大街60号', '张主管', '2016-12-30 13:49:55', '13141427077', '0');
INSERT INTO `task_unloading_info` VALUES ('e7d46ae0-cc1b-11e6-9ad5-319bab7eff90', '8d17f680-cc1b-11e6-9ad5-319bab7eff90', '10', '1', '330302', '芝加哥', '张经理', '2016-12-29 18:01:11', '13141427077', '0');
INSERT INTO `task_unloading_info` VALUES ('ead738b0-cc1d-11e6-9efe-ebf32f39e44a', '1', '5', '1', '120103', '文化路长江大厦A座5楼501室', '李丽', '2016-12-30 10:00:00', '18812341234', '0');
INSERT INTO `task_unloading_info` VALUES ('f44a5ac0-c755-11e6-8409-61c10a57d439', 'ea209410-c755-11e6-8409-61c10a57d439', '10', '1', '130303', '西大街31号', '朱先生', '2016-12-23 16:15:26', '13333368963', '0');
INSERT INTO `task_unloading_info` VALUES ('f52837a0-c273-11e6-8813-0fa3c734afa4', 'f3574830-c273-11e6-8813-0fa3c734afa4', '5', '1', '230182', '西大街', '666', '2016-12-17 11:09:10', '66', null);
INSERT INTO `task_unloading_info` VALUES ('f5e6f4f0-c28d-11e6-8201-ff852bf440bb', 'd3973c20-c28d-11e6-8201-ff852bf440bb', '5', '1', '140421', '西大街', '赵小姐', '2016-12-17 14:13:39', '13331098564', '0');
INSERT INTO `task_unloading_info` VALUES ('f6982bd0-d19c-11e6-bf3c-3de2cb4f83c6', 'f696f350-d19c-11e6-bf3c-3de2cb4f83c6', '10', '1', '220382', '双门', '杨洋', '2017-01-05 18:09:23', '13141427099', '10');
INSERT INTO `task_unloading_info` VALUES ('f69de0e0-cca9-11e6-b6af-cdaca8571654', 'f69ca860-cca9-11e6-b6af-cdaca8571654', '10', '2', '140201', '嗯嗯', '董经理', '2016-12-30 11:00:54', '13141427077', '0');
INSERT INTO `task_unloading_info` VALUES ('f6f25d30-cc1f-11e6-8f29-7f807daac004', 'f6dcd960-cc1f-11e6-8f29-7f807daac004', '10', '3', '140202', '北大街20号', '张经理', '2016-12-29 18:32:44', '13141427077', '0');
INSERT INTO `task_unloading_info` VALUES ('fae5bf90-ccb0-11e6-b65d-4f10098aed2b', 'fae438f0-ccb0-11e6-b65d-4f10098aed2b', '10', '1', '210102', '和平小区', '董经理', '2016-12-30 11:50:54', '13141427077', '0');
INSERT INTO `task_unloading_info` VALUES ('fec86b70-ccc5-11e6-9207-df239d0a7cc2', 'fec66fa0-ccc5-11e6-9207-df239d0a7cc2', '10', '1', '130202', '路南', '董经理', '2016-12-30 14:20:33', '13141427077', '0');
INSERT INTO `task_unloading_info` VALUES ('fec86b71-ccc5-11e6-9207-df239d0a7cc2', 'fec66fa0-ccc5-11e6-9207-df239d0a7cc2', '10', '1', '130230', '路西', '董经理', '2016-12-30 14:20:33', '13141427077', '0');

-- ----------------------------
-- Table structure for terminal_type
-- ----------------------------
DROP TABLE IF EXISTS `terminal_type`;
CREATE TABLE `terminal_type` (
  `id` char(36) CHARACTER SET utf8 COLLATE utf8_bin NOT NULL DEFAULT '',
  `name` varchar(255) NOT NULL,
  `desc` varchar(255) DEFAULT NULL,
  `seq` int(11) NOT NULL DEFAULT '0',
  `create_time` datetime NOT NULL,
  `update_time` datetime NOT NULL,
  `delete_time` datetime DEFAULT NULL,
  PRIMARY KEY (`id`)
) ENGINE=InnoDB DEFAULT CHARSET=utf8 ROW_FORMAT=COMPACT COMMENT='车载终端类型表';

-- ----------------------------
-- Records of terminal_type
-- ----------------------------
INSERT INTO `terminal_type` VALUES ('1', '国标车', '国标车', '0', '2016-12-12 14:45:41', '2016-12-12 14:45:44', null);
INSERT INTO `terminal_type` VALUES ('2', '测试终端1', '测试终端1', '1', '2016-12-12 14:46:24', '2016-12-12 14:46:26', null);

-- ----------------------------
-- Table structure for user
-- ----------------------------
DROP TABLE IF EXISTS `user`;
CREATE TABLE `user` (
  `id` char(36) CHARACTER SET utf8 COLLATE utf8_bin NOT NULL DEFAULT '',
  `login_name` varchar(255) NOT NULL,
  `real_name` varchar(255) DEFAULT NULL,
  `phone` varchar(255) DEFAULT NULL,
  `email` varchar(255) NOT NULL,
  `password_hash` varchar(255) NOT NULL,
  `password_salt` varchar(255) NOT NULL,
  `icon` varchar(255) DEFAULT NULL,
  `register_time` datetime NOT NULL,
  `activated` tinyint(1) DEFAULT NULL,
  `organization_id` char(36) CHARACTER SET utf8 COLLATE utf8_bin DEFAULT NULL,
  `seat_group_id` char(36) CHARACTER SET utf8 COLLATE utf8_bin DEFAULT NULL,
  `create_time` datetime NOT NULL,
  `update_time` datetime NOT NULL,
  `delete_time` datetime DEFAULT NULL,
  `last_login_time` datetime DEFAULT NULL,
  `logined_times` int(11) DEFAULT '0',
  PRIMARY KEY (`id`),
  UNIQUE KEY `user_login_name` (`login_name`),
  UNIQUE KEY `user_email` (`email`),
  UNIQUE KEY `user_phone` (`phone`),
  KEY `organization_id` (`organization_id`),
  KEY `seat_group_id` (`seat_group_id`),
  CONSTRAINT `user_ibfk_1` FOREIGN KEY (`organization_id`) REFERENCES `organization` (`id`) ON DELETE NO ACTION ON UPDATE CASCADE,
  CONSTRAINT `user_ibfk_2` FOREIGN KEY (`seat_group_id`) REFERENCES `seat_group` (`id`) ON DELETE NO ACTION ON UPDATE CASCADE
) ENGINE=InnoDB DEFAULT CHARSET=utf8 ROW_FORMAT=COMPACT;

-- ----------------------------
-- Records of user
-- ----------------------------
INSERT INTO `user` VALUES ('1', 'admin', '超级管理员', '13512341211', 'sw@sina.cn', '$2a$04$CeHsP7ZFo6zQCBHXxRsUb.Q/VhBz2MZ2ZD16EswyvJ3s7g3lFj5Xq', '$2a$04$CeHsP7ZFo6zQCBHXxRsUb.', null, '2016-12-12 13:50:32', '1', '1', null, '2016-12-12 13:50:32', '2017-01-05 12:08:05', null, '2017-01-05 12:08:05', '42');
INSERT INTO `user` VALUES ('16eb09f0-c0d8-11e6-8ebd-1b0f078634cf', 'seat', '坐席', '13141427999', '8718@qq.com', '$2a$04$TzCaD9C3USQaY8bpoYsXWuX11bVPf67YegEsprKaWFsthv9oDN4FC', '$2a$04$TzCaD9C3USQaY8bpoYsXWu', null, '2016-12-13 10:01:41', '1', '1', '72172fe0-c806-11e6-8708-bf31b68150a8', '2016-12-13 10:01:41', '2017-01-05 15:35:14', null, '2017-01-05 15:35:14', '77');
INSERT INTO `user` VALUES ('2427c3a0-c8f4-11e6-a4a2-672550b8605a', 'zuoxi', '测试坐席', '13141427071', '2311@leng.com', '$2a$04$fNSAfVyoj.m7zlEcWpIMrOPQZfuucpxk.V5AXuoQbZR17cjrOgRha', '$2a$04$fNSAfVyoj.m7zlEcWpIMrO', null, '2016-12-23 17:42:38', '1', '1', '1', '2016-12-23 17:42:38', '2016-12-23 17:42:38', null, null, '0');
INSERT INTO `user` VALUES ('256d3aa0-ccd3-11e6-aa45-59ef6cfe454d', 'beijing', '北京冷藏食品公司', '13141427088', '110@qq.com', '$2a$04$u5ucKu8sQjhG2oIK6/8yk.YsQBy44O6eRUzjKzJTjxoKJgk2NGX86', '$2a$04$u5ucKu8sQjhG2oIK6/8yk.', null, '2016-12-28 15:56:31', '1', '52b7ecd0-ccd3-11e6-aa45-59ef6cfe454d', null, '2016-12-28 15:56:31', '2017-01-03 17:57:44', null, '2017-01-03 17:57:44', '3');
INSERT INTO `user` VALUES ('4065cb40-ce74-11e6-aa8a-4fce5cf821b5', '13141427077', '和好', '13141427023', '1789@qq.com', '$2a$04$uL.bg0Al.o7POiERG9kyH.mjuP9Do0sR6DtrYYQqd5hLDyoPXcnhG', '$2a$04$uL.bg0Al.o7POiERG9kyH.', null, '2016-12-30 17:42:17', '1', null, null, '2016-12-30 17:42:17', '2017-01-03 10:35:51', null, '2016-12-30 17:57:03', '4');
INSERT INTO `user` VALUES ('5edef730-cce0-11e6-82e9-cb154d72446c', 'siji', '冷藏司机', '13682073762', '1314@qq.com', '$2a$04$v0.cLPdtsps35oatRnVyy.jVP6CS4GkHw9a8PkSKwu8OQdERFRD7m', '$2a$04$v0.cLPdtsps35oatRnVyy.', null, '2016-12-28 17:31:11', '1', '52b7ecd0-ccd3-11e6-aa45-59ef6cfe454d', null, '2016-12-28 17:31:11', '2016-12-28 17:31:11', null, null, '0');
INSERT INTO `user` VALUES ('67e1b9e0-cd6b-11e6-a374-6da3754fe6cf', 'tianjin', '冷藏物流', '13141427011', '56@56.com', '$2a$04$XX35ibmUgqchGwwWO6Ltq.M2HpOgq628pywuKeC1DMD1HAs2IbdFi', '$2a$04$XX35ibmUgqchGwwWO6Ltq.', null, '2016-12-29 10:06:26', '1', '43b94970-cd6b-11e6-a374-6da3754fe6cf', null, '2016-12-29 10:06:26', '2017-01-04 10:57:55', null, '2017-01-04 10:57:55', '5');
INSERT INTO `user` VALUES ('840214a0-ce3b-11e6-9b15-ad271eab55b7', 'caiwu', '冷藏财务', '13141427078', 'admin@qq.com', '$2a$04$kj/.QDRTHHn4wS6dvxdciOrC8shMkzdDETZKcmXwjuEeTHJtQixvO', '$2a$04$kj/.QDRTHHn4wS6dvxdciO', null, '2016-12-30 10:56:09', '1', '52b7ecd0-ccd3-11e6-aa45-59ef6cfe454d', '5f756140-ccd4-11e6-aa45-59ef6cfe454d', '2016-12-30 10:56:09', '2016-12-30 10:56:09', null, null, '0');
INSERT INTO `user` VALUES ('904b03d0-c02f-11e6-b819-7da747d6df0f', 'owner', '车主', '15531068965', '15531068965@qq.com', '$2a$04$xe3uFLBnGSJLAvikLiFW3OkAzWfh9ZSgqzTNI0t0EVLd/XgxkUNwm', '$2a$04$xe3uFLBnGSJLAvikLiFW3O', null, '2016-12-12 13:55:19', '1', '1', null, '2016-12-12 13:55:19', '2017-01-05 11:02:34', null, '2017-01-05 11:02:34', '10');
INSERT INTO `user` VALUES ('914f35f0-d15d-11e6-9836-e9503d800356', 'ceshisiji', '赵涵', '13141427077', '13154@qq.com', '$2a$04$zPxubwSWgBy6uw5KLyT9C.yjl.cVH9pahcODlAGJGtwu5xdpAoZcm', '$2a$04$zPxubwSWgBy6uw5KLyT9C.', null, '2017-01-03 10:37:28', '1', null, null, '2017-01-03 10:37:28', '2017-01-03 10:37:32', null, '2017-01-03 10:37:32', '1');
INSERT INTO `user` VALUES ('94b983b0-c03e-11e6-a076-05eec9bc829e', 'driver1', '司机二', '15531068954', '15531068954@qq.com', '$2a$04$POiBr/kIkC5n8g0UCRHytu1LGh797y.NA9zGG32FbSleeMS2/ZNtK', '$2a$04$POiBr/kIkC5n8g0UCRHytu', null, '2016-12-12 15:42:49', '1', '1', null, '2016-12-12 15:42:49', '2016-12-30 18:30:59', null, '2016-12-30 18:30:59', '1');
INSERT INTO `user` VALUES ('a6d3a280-cb18-11e6-8737-a94b61a27c81', 'finance', '承运方财务', '13512341234', '13512341234@qq.com', '$2a$04$ZxH7xiLNTGZMOzdAtyim8e1Ds8tHeSDYQnLb7P6j5fqwZJXVKMRMy', '$2a$04$ZxH7xiLNTGZMOzdAtyim8e', null, '2016-12-26 11:09:01', '1', '1', '72172fe0-c806-11e6-8708-bf31b68150a8', '2016-12-26 11:09:02', '2017-01-05 15:16:58', null, '2017-01-05 15:16:58', '30');
INSERT INTO `user` VALUES ('aead7cb0-c75d-11e6-b1b9-3153f4677e18', 'test12', '测试用户', '13412341234', 'songwei@sina.com', '$2a$04$rg8GjDt5SX9KBhejXbHlQeCk2kFswc7b/r7OTgHIo0UsOs8QaCzLW', '$2a$04$rg8GjDt5SX9KBhejXbHlQe', null, '2016-12-21 17:13:05', '1', null, null, '2016-12-21 17:13:05', '2016-12-21 17:15:03', null, null, '0');
INSERT INTO `user` VALUES ('af6226e0-c02f-11e6-b819-7da747d6df0f', 'manager', '承运方管理员', '15531098654', '15531098654@qq.com', '$2a$04$M3IL/TxwSLjg6nrICFoxZeL7JBGGrkzfC4Vgodd/QEzZOJ0HRi7ZG', '$2a$04$M3IL/TxwSLjg6nrICFoxZe', null, '2016-12-12 13:56:11', '1', '1', null, '2016-12-12 13:56:11', '2017-01-05 11:53:32', null, '2017-01-05 11:53:32', '19');
INSERT INTO `user` VALUES ('be8100f0-ccd3-11e6-aa45-59ef6cfe454d', 'beijingzuoxi', '冷藏坐席', '13141427066', '110@163.com', '$2a$04$OrBhbAZ98BMvUzasd4AK6eFFLmiBYRAjvz1tpC89tH1CH21Vt5PnS', '$2a$04$OrBhbAZ98BMvUzasd4AK6e', null, '2016-12-28 16:00:48', '1', '52b7ecd0-ccd3-11e6-aa45-59ef6cfe454d', '5f756140-ccd4-11e6-aa45-59ef6cfe454d', '2016-12-28 16:00:48', '2016-12-29 10:14:43', null, null, '0');
INSERT INTO `user` VALUES ('cdca7b60-cd6c-11e6-a374-6da3754fe6cf', 'tianjinsiji', '天津车主', '13141427027', '1314@qq1.com', '$2a$04$ZYydailHbs/kKQavDBbVX.TfH2fAho7pP6QU4Fd9E5yQXLEkcQUOy', '$2a$04$ZYydailHbs/kKQavDBbVX.', null, '2016-12-29 10:16:27', '1', '43b94970-cd6b-11e6-a374-6da3754fe6cf', '06573780-cd6c-11e6-a374-6da3754fe6cf', '2016-12-29 10:16:27', '2016-12-29 10:40:13', null, null, '0');
INSERT INTO `user` VALUES ('dc0db760-cd6b-11e6-a374-6da3754fe6cf', 'tianjinzuoxi', '天津坐席', '13141412705', '13141427077@a.com', '$2a$04$1nueQgFliWTuXm/fYhaNCe5C3PNJE1eAlgJAvmvBb.kUuTJ4Xhtnu', '$2a$04$1nueQgFliWTuXm/fYhaNCe', null, '2016-12-29 10:09:41', '1', '43b94970-cd6b-11e6-a374-6da3754fe6cf', '06573780-cd6c-11e6-a374-6da3754fe6cf', '2016-12-29 10:09:41', '2017-01-03 11:52:20', null, '2017-01-03 11:52:20', '3');
INSERT INTO `user` VALUES ('dd48d180-d173-11e6-ac5b-9dc6f1f7188f', 'caiwu2', '承运第二方财务', '13114215478', '456@qq.com', '$2a$04$bBHEE91owKO8GkPLBBzRpefUOdIMsTQhAYMewE9PD7xTqBoH5IjMG', '$2a$04$bBHEE91owKO8GkPLBBzRpe', null, '2017-01-03 13:17:04', '1', '1', '3a8a4290-c8ee-11e6-a715-19c88109dc4e', '2017-01-03 13:17:04', '2017-01-03 13:27:09', null, '2017-01-03 13:27:09', '4');
INSERT INTO `user` VALUES ('f6b778c0-cd6c-11e6-a374-6da3754fe6cf', 'tianjinzuoxi1', '天津第二坐席', '13141427045', '44@qq.com', '$2a$04$mzA4SVg.GRhlViDToqRWxuka3tLgSb9v3izcVFgGa6ikCUxrSo7nO', '$2a$04$mzA4SVg.GRhlViDToqRWxu', null, '2016-12-29 10:17:36', '1', '43b94970-cd6b-11e6-a374-6da3754fe6cf', '07fc3f80-cd6d-11e6-a374-6da3754fe6cf', '2016-12-29 10:17:36', '2016-12-29 10:18:36', null, null, '0');
INSERT INTO `user` VALUES ('f87a7b00-cca7-11e6-b6af-cdaca8571654', 'seat1', '南方坐席', '13141427072', '13141427077@qq.com', '$2a$04$qxZ9H4wXdABMDArNik/sSuGJUj0bE9gOXCmYMEfUtYALDRlHevgVy', '$2a$04$qxZ9H4wXdABMDArNik/sSu', null, '2016-12-28 10:47:28', '1', '1', '3a8a4290-c8ee-11e6-a715-19c88109dc4e', '2016-12-28 10:47:28', '2016-12-30 15:45:21', null, null, '0');

-- ----------------------------
-- Table structure for user_material
-- ----------------------------
DROP TABLE IF EXISTS `user_material`;
CREATE TABLE `user_material` (
  `id` char(36) CHARACTER SET utf8 COLLATE utf8_bin NOT NULL DEFAULT '',
  `user_id` char(36) CHARACTER SET utf8 COLLATE utf8_bin DEFAULT NULL,
  `material_id` char(36) CHARACTER SET utf8 COLLATE utf8_bin DEFAULT NULL,
  `content` varchar(255) DEFAULT NULL,
  `platform_checked` varchar(255) NOT NULL,
  `manager_checked` varchar(255) NOT NULL,
  `status` varchar(255) DEFAULT NULL,
  `create_time` datetime DEFAULT NULL,
  `desc` varchar(255) DEFAULT NULL,
  `platform_check_desc` varchar(255) DEFAULT NULL,
  `manager_check_desc` varchar(255) DEFAULT NULL,
  PRIMARY KEY (`id`),
  UNIQUE KEY `user_material_userId_materialId_unique` (`user_id`,`material_id`),
  KEY `material_id` (`material_id`),
  CONSTRAINT `user_material_ibfk_1` FOREIGN KEY (`user_id`) REFERENCES `user` (`id`) ON DELETE CASCADE ON UPDATE CASCADE,
  CONSTRAINT `user_material_ibfk_2` FOREIGN KEY (`material_id`) REFERENCES `material` (`id`) ON DELETE CASCADE ON UPDATE CASCADE
) ENGINE=InnoDB DEFAULT CHARSET=utf8 ROW_FORMAT=COMPACT;

-- ----------------------------
-- Records of user_material
-- ----------------------------

-- ----------------------------
-- Table structure for user_material_params
-- ----------------------------
DROP TABLE IF EXISTS `user_material_params`;
CREATE TABLE `user_material_params` (
  `id` char(36) CHARACTER SET utf8 COLLATE utf8_bin NOT NULL DEFAULT '',
  `user_material_id` char(36) CHARACTER SET utf8 COLLATE utf8_bin DEFAULT NULL,
  `material_params_id` char(36) CHARACTER SET utf8 COLLATE utf8_bin DEFAULT NULL,
  `content` varchar(255) DEFAULT NULL,
  PRIMARY KEY (`id`),
  KEY `user_material_id` (`user_material_id`),
  KEY `material_params_id` (`material_params_id`),
  CONSTRAINT `user_material_params_ibfk_1` FOREIGN KEY (`user_material_id`) REFERENCES `user_material` (`id`) ON DELETE CASCADE ON UPDATE CASCADE,
  CONSTRAINT `user_material_params_ibfk_2` FOREIGN KEY (`material_params_id`) REFERENCES `material_params` (`id`) ON DELETE NO ACTION ON UPDATE CASCADE
) ENGINE=InnoDB DEFAULT CHARSET=utf8 ROW_FORMAT=COMPACT;

-- ----------------------------
-- Records of user_material_params
-- ----------------------------

-- ----------------------------
-- Table structure for user_module
-- ----------------------------
DROP TABLE IF EXISTS `user_module`;
CREATE TABLE `user_module` (
  `id` char(36) CHARACTER SET utf8 COLLATE utf8_bin NOT NULL DEFAULT '',
  `user_id` char(36) CHARACTER SET utf8 COLLATE utf8_bin NOT NULL,
  `module_id` char(36) CHARACTER SET utf8 COLLATE utf8_bin NOT NULL,
  `seq` int(11) NOT NULL DEFAULT '0',
  `add_time` datetime DEFAULT NULL,
  `start_time` datetime DEFAULT NULL,
  PRIMARY KEY (`id`),
  UNIQUE KEY `user_module_userId_moduleId_unique` (`user_id`,`module_id`),
  KEY `module_id` (`module_id`),
  CONSTRAINT `user_module_ibfk_1` FOREIGN KEY (`user_id`) REFERENCES `user` (`id`) ON DELETE CASCADE ON UPDATE CASCADE,
  CONSTRAINT `user_module_ibfk_2` FOREIGN KEY (`module_id`) REFERENCES `module` (`id`) ON DELETE CASCADE ON UPDATE CASCADE
) ENGINE=InnoDB DEFAULT CHARSET=utf8 ROW_FORMAT=COMPACT;

-- ----------------------------
-- Records of user_module
-- ----------------------------
INSERT INTO `user_module` VALUES ('05a94450-cca8-11e6-b6af-cdaca8571654', 'f87a7b00-cca7-11e6-b6af-cdaca8571654', '2edd4db0-c02f-11e6-b819-7da747d6df0f', '0', '2016-12-28 10:47:50', null);
INSERT INTO `user_module` VALUES ('05a94451-cca8-11e6-b6af-cdaca8571654', 'f87a7b00-cca7-11e6-b6af-cdaca8571654', '4d4ac990-c0fb-11e6-920f-11125a4240d9', '1', '2016-12-28 10:47:50', null);
INSERT INTO `user_module` VALUES ('05a94452-cca8-11e6-b6af-cdaca8571654', 'f87a7b00-cca7-11e6-b6af-cdaca8571654', '68920380-c038-11e6-8661-79cc8f85230d', '2', '2016-12-28 10:47:50', null);
INSERT INTO `user_module` VALUES ('05a94453-cca8-11e6-b6af-cdaca8571654', 'f87a7b00-cca7-11e6-b6af-cdaca8571654', 'cf5f2d50-c104-11e6-b9a0-cbfc5c2a91b0', '3', '2016-12-28 10:47:50', null);
INSERT INTO `user_module` VALUES ('29589700-cb51-11e6-866e-0daf31bc5540', '1', '1', '0', '2016-12-26 17:53:32', null);
INSERT INTO `user_module` VALUES ('29589701-cb51-11e6-866e-0daf31bc5540', '1', '2', '1', '2016-12-26 17:53:32', null);
INSERT INTO `user_module` VALUES ('29589702-cb51-11e6-866e-0daf31bc5540', '1', '3', '2', '2016-12-26 17:53:32', null);
INSERT INTO `user_module` VALUES ('29589703-cb51-11e6-866e-0daf31bc5540', '1', '4', '3', '2016-12-26 17:53:32', null);
INSERT INTO `user_module` VALUES ('29589704-cb51-11e6-866e-0daf31bc5540', '1', '5', '4', '2016-12-26 17:53:32', null);
INSERT INTO `user_module` VALUES ('29589705-cb51-11e6-866e-0daf31bc5540', '1', '6', '5', '2016-12-26 17:53:32', null);
INSERT INTO `user_module` VALUES ('2958be10-cb51-11e6-866e-0daf31bc5540', '1', '7', '6', '2016-12-26 17:53:32', null);
INSERT INTO `user_module` VALUES ('2958be11-cb51-11e6-866e-0daf31bc5540', '1', '2edd4db0-c02f-11e6-b819-7da747d6df0f', '7', '2016-12-26 17:53:32', null);
INSERT INTO `user_module` VALUES ('2958be12-cb51-11e6-866e-0daf31bc5540', '1', '4d4ac990-c0fb-11e6-920f-11125a4240d9', '8', '2016-12-26 17:53:32', null);
INSERT INTO `user_module` VALUES ('2958be13-cb51-11e6-866e-0daf31bc5540', '1', 'e8c6aff0-c02f-11e6-b819-7da747d6df0f', '9', '2016-12-26 17:53:32', null);
INSERT INTO `user_module` VALUES ('2958e520-cb51-11e6-866e-0daf31bc5540', '1', '68920380-c038-11e6-8661-79cc8f85230d', '10', '2016-12-26 17:53:32', null);
INSERT INTO `user_module` VALUES ('2958e521-cb51-11e6-866e-0daf31bc5540', '1', 'cf5f2d50-c104-11e6-b9a0-cbfc5c2a91b0', '11', '2016-12-26 17:53:32', null);
INSERT INTO `user_module` VALUES ('2958e522-cb51-11e6-866e-0daf31bc5540', '1', '328fb090-c680-11e6-bde2-310823582f99', '12', '2016-12-26 17:53:32', null);
INSERT INTO `user_module` VALUES ('2958e523-cb51-11e6-866e-0daf31bc5540', '1', 'd30cb570-c8da-11e6-847f-e56cec4d6932', '13', '2016-12-26 17:53:32', null);
INSERT INTO `user_module` VALUES ('2958e524-cb51-11e6-866e-0daf31bc5540', '1', '13b223d0-cb51-11e6-866e-0daf31bc5540', '14', '2016-12-26 17:53:32', null);
INSERT INTO `user_module` VALUES ('2ece3460-c8f4-11e6-a4a2-672550b8605a', '2427c3a0-c8f4-11e6-a4a2-672550b8605a', '2edd4db0-c02f-11e6-b819-7da747d6df0f', '0', '2016-12-23 17:42:56', null);
INSERT INTO `user_module` VALUES ('2ece3461-c8f4-11e6-a4a2-672550b8605a', '2427c3a0-c8f4-11e6-a4a2-672550b8605a', '4d4ac990-c0fb-11e6-920f-11125a4240d9', '1', '2016-12-23 17:42:56', null);
INSERT INTO `user_module` VALUES ('2ece3462-c8f4-11e6-a4a2-672550b8605a', '2427c3a0-c8f4-11e6-a4a2-672550b8605a', '68920380-c038-11e6-8661-79cc8f85230d', '2', '2016-12-23 17:42:56', null);
INSERT INTO `user_module` VALUES ('2ece3463-c8f4-11e6-a4a2-672550b8605a', '2427c3a0-c8f4-11e6-a4a2-672550b8605a', 'cf5f2d50-c104-11e6-b9a0-cbfc5c2a91b0', '3', '2016-12-23 17:42:56', null);
INSERT INTO `user_module` VALUES ('2f4f49f0-ccd3-11e6-aa45-59ef6cfe454d', '256d3aa0-ccd3-11e6-aa45-59ef6cfe454d', '1', '0', '2016-12-28 15:56:48', null);
INSERT INTO `user_module` VALUES ('2f4f49f1-ccd3-11e6-aa45-59ef6cfe454d', '256d3aa0-ccd3-11e6-aa45-59ef6cfe454d', '2edd4db0-c02f-11e6-b819-7da747d6df0f', '1', '2016-12-28 15:56:48', null);
INSERT INTO `user_module` VALUES ('2f4f49f2-ccd3-11e6-aa45-59ef6cfe454d', '256d3aa0-ccd3-11e6-aa45-59ef6cfe454d', 'e8c6aff0-c02f-11e6-b819-7da747d6df0f', '2', '2016-12-28 15:56:48', null);
INSERT INTO `user_module` VALUES ('2f4f49f3-ccd3-11e6-aa45-59ef6cfe454d', '256d3aa0-ccd3-11e6-aa45-59ef6cfe454d', '68920380-c038-11e6-8661-79cc8f85230d', '3', '2016-12-28 15:56:48', null);
INSERT INTO `user_module` VALUES ('3ac0c670-c67e-11e6-92fe-010a818bd7f6', 'af6226e0-c02f-11e6-b819-7da747d6df0f', '1', '0', '2016-12-20 14:33:33', null);
INSERT INTO `user_module` VALUES ('3ac0c671-c67e-11e6-92fe-010a818bd7f6', 'af6226e0-c02f-11e6-b819-7da747d6df0f', '2edd4db0-c02f-11e6-b819-7da747d6df0f', '1', '2016-12-20 14:33:33', null);
INSERT INTO `user_module` VALUES ('3ac0c672-c67e-11e6-92fe-010a818bd7f6', 'af6226e0-c02f-11e6-b819-7da747d6df0f', 'e8c6aff0-c02f-11e6-b819-7da747d6df0f', '2', '2016-12-20 14:33:33', null);
INSERT INTO `user_module` VALUES ('3ac0c673-c67e-11e6-92fe-010a818bd7f6', 'af6226e0-c02f-11e6-b819-7da747d6df0f', 'cf5f2d50-c104-11e6-b9a0-cbfc5c2a91b0', '3', '2016-12-20 14:33:33', null);
INSERT INTO `user_module` VALUES ('3ac0c674-c67e-11e6-92fe-010a818bd7f6', 'af6226e0-c02f-11e6-b819-7da747d6df0f', '68920380-c038-11e6-8661-79cc8f85230d', '4', '2016-12-20 14:33:33', null);
INSERT INTO `user_module` VALUES ('3ac0c675-c67e-11e6-92fe-010a818bd7f6', 'af6226e0-c02f-11e6-b819-7da747d6df0f', '4d4ac990-c0fb-11e6-920f-11125a4240d9', '5', '2016-12-20 14:33:33', null);
INSERT INTO `user_module` VALUES ('696b0220-cce0-11e6-82e9-cb154d72446c', '5edef730-cce0-11e6-82e9-cb154d72446c', '2edd4db0-c02f-11e6-b819-7da747d6df0f', '0', '2016-12-28 17:31:29', null);
INSERT INTO `user_module` VALUES ('70f09ab0-cd6b-11e6-a374-6da3754fe6cf', '67e1b9e0-cd6b-11e6-a374-6da3754fe6cf', '1', '0', '2016-12-29 10:06:42', null);
INSERT INTO `user_module` VALUES ('70f09ab1-cd6b-11e6-a374-6da3754fe6cf', '67e1b9e0-cd6b-11e6-a374-6da3754fe6cf', '2edd4db0-c02f-11e6-b819-7da747d6df0f', '1', '2016-12-29 10:06:42', null);
INSERT INTO `user_module` VALUES ('70f09ab2-cd6b-11e6-a374-6da3754fe6cf', '67e1b9e0-cd6b-11e6-a374-6da3754fe6cf', 'e8c6aff0-c02f-11e6-b819-7da747d6df0f', '2', '2016-12-29 10:06:42', null);
INSERT INTO `user_module` VALUES ('70f09ab3-cd6b-11e6-a374-6da3754fe6cf', '67e1b9e0-cd6b-11e6-a374-6da3754fe6cf', '68920380-c038-11e6-8661-79cc8f85230d', '3', '2016-12-29 10:06:42', null);
INSERT INTO `user_module` VALUES ('735986e0-cc17-11e6-a01e-839273cde757', '94b983b0-c03e-11e6-a076-05eec9bc829e', '2edd4db0-c02f-11e6-b819-7da747d6df0f', '0', '2016-12-27 17:32:57', null);
INSERT INTO `user_module` VALUES ('7b69bd10-cd6f-11e6-a374-6da3754fe6cf', 'cdca7b60-cd6c-11e6-a374-6da3754fe6cf', '2edd4db0-c02f-11e6-b819-7da747d6df0f', '0', '2016-12-29 10:35:37', null);
INSERT INTO `user_module` VALUES ('8b791760-ce3b-11e6-9b15-ad271eab55b7', '840214a0-ce3b-11e6-9b15-ad271eab55b7', '328fb090-c680-11e6-bde2-310823582f99', '0', '2016-12-30 10:56:21', null);
INSERT INTO `user_module` VALUES ('8b791761-ce3b-11e6-9b15-ad271eab55b7', '840214a0-ce3b-11e6-9b15-ad271eab55b7', 'd30cb570-c8da-11e6-847f-e56cec4d6932', '1', '2016-12-30 10:56:21', null);
INSERT INTO `user_module` VALUES ('8fafa0c0-cd6d-11e6-a374-6da3754fe6cf', 'f6b778c0-cd6c-11e6-a374-6da3754fe6cf', '2edd4db0-c02f-11e6-b819-7da747d6df0f', '0', '2016-12-29 10:21:52', null);
INSERT INTO `user_module` VALUES ('8fafa0c1-cd6d-11e6-a374-6da3754fe6cf', 'f6b778c0-cd6c-11e6-a374-6da3754fe6cf', '4d4ac990-c0fb-11e6-920f-11125a4240d9', '1', '2016-12-29 10:21:52', null);
INSERT INTO `user_module` VALUES ('8fafa0c2-cd6d-11e6-a374-6da3754fe6cf', 'f6b778c0-cd6c-11e6-a374-6da3754fe6cf', '68920380-c038-11e6-8661-79cc8f85230d', '2', '2016-12-29 10:21:52', null);
INSERT INTO `user_module` VALUES ('8fafa0c3-cd6d-11e6-a374-6da3754fe6cf', 'f6b778c0-cd6c-11e6-a374-6da3754fe6cf', 'cf5f2d50-c104-11e6-b9a0-cbfc5c2a91b0', '3', '2016-12-29 10:21:52', null);
INSERT INTO `user_module` VALUES ('c4a08940-c75d-11e6-b1b9-3153f4677e18', 'aead7cb0-c75d-11e6-b1b9-3153f4677e18', '2edd4db0-c02f-11e6-b819-7da747d6df0f', '0', '2016-12-21 17:13:42', null);
INSERT INTO `user_module` VALUES ('c4a08941-c75d-11e6-b1b9-3153f4677e18', 'aead7cb0-c75d-11e6-b1b9-3153f4677e18', '68920380-c038-11e6-8661-79cc8f85230d', '1', '2016-12-21 17:13:42', null);
INSERT INTO `user_module` VALUES ('c4a08942-c75d-11e6-b1b9-3153f4677e18', 'aead7cb0-c75d-11e6-b1b9-3153f4677e18', '4d4ac990-c0fb-11e6-920f-11125a4240d9', '2', '2016-12-21 17:13:42', null);
INSERT INTO `user_module` VALUES ('c4a08943-c75d-11e6-b1b9-3153f4677e18', 'aead7cb0-c75d-11e6-b1b9-3153f4677e18', 'cf5f2d50-c104-11e6-b9a0-cbfc5c2a91b0', '3', '2016-12-21 17:13:42', null);
INSERT INTO `user_module` VALUES ('c7e42490-cb18-11e6-8737-a94b61a27c81', 'a6d3a280-cb18-11e6-8737-a94b61a27c81', '328fb090-c680-11e6-bde2-310823582f99', '0', '2016-12-26 11:09:57', null);
INSERT INTO `user_module` VALUES ('c7e42491-cb18-11e6-8737-a94b61a27c81', 'a6d3a280-cb18-11e6-8737-a94b61a27c81', 'd30cb570-c8da-11e6-847f-e56cec4d6932', '1', '2016-12-26 11:09:57', null);
INSERT INTO `user_module` VALUES ('cb66da60-ccd3-11e6-aa45-59ef6cfe454d', 'be8100f0-ccd3-11e6-aa45-59ef6cfe454d', '2edd4db0-c02f-11e6-b819-7da747d6df0f', '0', '2016-12-28 16:01:10', null);
INSERT INTO `user_module` VALUES ('cb66da61-ccd3-11e6-aa45-59ef6cfe454d', 'be8100f0-ccd3-11e6-aa45-59ef6cfe454d', '4d4ac990-c0fb-11e6-920f-11125a4240d9', '1', '2016-12-28 16:01:10', null);
INSERT INTO `user_module` VALUES ('cb66da62-ccd3-11e6-aa45-59ef6cfe454d', 'be8100f0-ccd3-11e6-aa45-59ef6cfe454d', '68920380-c038-11e6-8661-79cc8f85230d', '2', '2016-12-28 16:01:10', null);
INSERT INTO `user_module` VALUES ('cb66da63-ccd3-11e6-aa45-59ef6cfe454d', 'be8100f0-ccd3-11e6-aa45-59ef6cfe454d', 'cf5f2d50-c104-11e6-b9a0-cbfc5c2a91b0', '3', '2016-12-28 16:01:10', null);
INSERT INTO `user_module` VALUES ('dfd519d0-c67f-11e6-92fe-010a818bd7f6', '16eb09f0-c0d8-11e6-8ebd-1b0f078634cf', '4d4ac990-c0fb-11e6-920f-11125a4240d9', '0', '2016-12-20 14:45:19', null);
INSERT INTO `user_module` VALUES ('dfd519d1-c67f-11e6-92fe-010a818bd7f6', '16eb09f0-c0d8-11e6-8ebd-1b0f078634cf', '68920380-c038-11e6-8661-79cc8f85230d', '1', '2016-12-20 14:45:19', null);
INSERT INTO `user_module` VALUES ('dfd519d2-c67f-11e6-92fe-010a818bd7f6', '16eb09f0-c0d8-11e6-8ebd-1b0f078634cf', '2edd4db0-c02f-11e6-b819-7da747d6df0f', '2', '2016-12-20 14:45:19', null);
INSERT INTO `user_module` VALUES ('dfd519d3-c67f-11e6-92fe-010a818bd7f6', '16eb09f0-c0d8-11e6-8ebd-1b0f078634cf', 'cf5f2d50-c104-11e6-b9a0-cbfc5c2a91b0', '3', '2016-12-20 14:45:19', null);
INSERT INTO `user_module` VALUES ('ec9b8a30-cd6b-11e6-a374-6da3754fe6cf', 'dc0db760-cd6b-11e6-a374-6da3754fe6cf', '2edd4db0-c02f-11e6-b819-7da747d6df0f', '0', '2016-12-29 10:10:09', null);
INSERT INTO `user_module` VALUES ('ec9b8a31-cd6b-11e6-a374-6da3754fe6cf', 'dc0db760-cd6b-11e6-a374-6da3754fe6cf', '4d4ac990-c0fb-11e6-920f-11125a4240d9', '1', '2016-12-29 10:10:09', null);
INSERT INTO `user_module` VALUES ('ec9b8a32-cd6b-11e6-a374-6da3754fe6cf', 'dc0db760-cd6b-11e6-a374-6da3754fe6cf', '68920380-c038-11e6-8661-79cc8f85230d', '2', '2016-12-29 10:10:09', null);
INSERT INTO `user_module` VALUES ('ec9b8a33-cd6b-11e6-a374-6da3754fe6cf', 'dc0db760-cd6b-11e6-a374-6da3754fe6cf', 'cf5f2d50-c104-11e6-b9a0-cbfc5c2a91b0', '3', '2016-12-29 10:10:09', null);
INSERT INTO `user_module` VALUES ('f1309d30-c03a-11e6-a076-05eec9bc829e', '904b03d0-c02f-11e6-b819-7da747d6df0f', '2edd4db0-c02f-11e6-b819-7da747d6df0f', '0', '2016-12-12 15:16:46', null);
INSERT INTO `user_module` VALUES ('f1a53880-d173-11e6-ac5b-9dc6f1f7188f', 'dd48d180-d173-11e6-ac5b-9dc6f1f7188f', '328fb090-c680-11e6-bde2-310823582f99', '0', '2017-01-03 13:17:38', null);
INSERT INTO `user_module` VALUES ('f1a53881-d173-11e6-ac5b-9dc6f1f7188f', 'dd48d180-d173-11e6-ac5b-9dc6f1f7188f', 'd30cb570-c8da-11e6-847f-e56cec4d6932', '1', '2017-01-03 13:17:38', null);

-- ----------------------------
-- Table structure for user_organization
-- ----------------------------
DROP TABLE IF EXISTS `user_organization`;
CREATE TABLE `user_organization` (
  `id` char(36) CHARACTER SET utf8 COLLATE utf8_bin NOT NULL DEFAULT '',
  PRIMARY KEY (`id`)
) ENGINE=InnoDB DEFAULT CHARSET=utf8 ROW_FORMAT=COMPACT;

-- ----------------------------
-- Records of user_organization
-- ----------------------------

-- ----------------------------
-- Table structure for user_role
-- ----------------------------
DROP TABLE IF EXISTS `user_role`;
CREATE TABLE `user_role` (
  `id` char(36) CHARACTER SET utf8 COLLATE utf8_bin NOT NULL DEFAULT '',
  `user_id` char(36) CHARACTER SET utf8 COLLATE utf8_bin NOT NULL,
  `role_id` char(36) CHARACTER SET utf8 COLLATE utf8_bin NOT NULL,
  PRIMARY KEY (`id`),
  UNIQUE KEY `user_role_userId_roleId_unique` (`user_id`,`role_id`),
  KEY `role_id` (`role_id`),
  CONSTRAINT `user_role_ibfk_1` FOREIGN KEY (`user_id`) REFERENCES `user` (`id`) ON DELETE CASCADE ON UPDATE CASCADE,
  CONSTRAINT `user_role_ibfk_2` FOREIGN KEY (`role_id`) REFERENCES `role` (`id`) ON DELETE CASCADE ON UPDATE CASCADE
) ENGINE=InnoDB DEFAULT CHARSET=utf8 ROW_FORMAT=COMPACT;

-- ----------------------------
-- Records of user_role
-- ----------------------------
INSERT INTO `user_role` VALUES ('bbc57ec0-ce65-11e6-8a91-d51e21d208cf', '1', 'ADMINISTRATOR');
INSERT INTO `user_role` VALUES ('e2d63eb0-ce3c-11e6-9b15-ad271eab55b7', '16eb09f0-c0d8-11e6-8ebd-1b0f078634cf', 'TRANSPORT_DISPATCHER');
INSERT INTO `user_role` VALUES ('242cccb0-c8f4-11e6-a4a2-672550b8605a', '2427c3a0-c8f4-11e6-a4a2-672550b8605a', 'TRANSPORT_DISPATCHER');
INSERT INTO `user_role` VALUES ('83904110-cd6c-11e6-a374-6da3754fe6cf', '256d3aa0-ccd3-11e6-aa45-59ef6cfe454d', 'TRANSPORT_ADMINISTRATOR');
INSERT INTO `user_role` VALUES ('57a873c0-d15d-11e6-9836-e9503d800356', '4065cb40-ce74-11e6-aa8a-4fce5cf821b5', 'TRANSPORT_DRIVER');
INSERT INTO `user_role` VALUES ('5ee36400-cce0-11e6-82e9-cb154d72446c', '5edef730-cce0-11e6-82e9-cb154d72446c', 'TRANSPORT_DRIVER');
INSERT INTO `user_role` VALUES ('67e9a920-cd6b-11e6-a374-6da3754fe6cf', '67e1b9e0-cd6b-11e6-a374-6da3754fe6cf', 'TRANSPORT_ADMINISTRATOR');
INSERT INTO `user_role` VALUES ('84063350-ce3b-11e6-9b15-ad271eab55b7', '840214a0-ce3b-11e6-9b15-ad271eab55b7', 'TRANSPORT_FINANCE');
INSERT INTO `user_role` VALUES ('51331d30-d197-11e6-9a38-c9733412cd3c', '904b03d0-c02f-11e6-b819-7da747d6df0f', 'TRANSPORT_VEHICLE_OWNER');
INSERT INTO `user_role` VALUES ('34fc6db0-ccc9-11e6-9207-df239d0a7cc2', '94b983b0-c03e-11e6-a076-05eec9bc829e', 'TRANSPORT_DRIVER');
INSERT INTO `user_role` VALUES ('1dc072d0-ce3c-11e6-9b15-ad271eab55b7', 'a6d3a280-cb18-11e6-8737-a94b61a27c81', 'TRANSPORT_FINANCE');
INSERT INTO `user_role` VALUES ('f4a52b50-c75d-11e6-b1b9-3153f4677e18', 'aead7cb0-c75d-11e6-b1b9-3153f4677e18', 'TRANSPORT_DISPATCHER');
INSERT INTO `user_role` VALUES ('a5272b20-cc01-11e6-bf70-3df5f582a89d', 'af6226e0-c02f-11e6-b819-7da747d6df0f', 'TRANSPORT_ADMINISTRATOR');
INSERT INTO `user_role` VALUES ('5d017df0-ce3b-11e6-9b15-ad271eab55b7', 'be8100f0-ccd3-11e6-aa45-59ef6cfe454d', 'TRANSPORT_DISPATCHER');
INSERT INTO `user_role` VALUES ('1f8f8730-cd70-11e6-a374-6da3754fe6cf', 'cdca7b60-cd6c-11e6-a374-6da3754fe6cf', 'TRANSPORT_VEHICLE_OWNER');
INSERT INTO `user_role` VALUES ('641b7830-cd6d-11e6-a374-6da3754fe6cf', 'dc0db760-cd6b-11e6-a374-6da3754fe6cf', 'TRANSPORT_DISPATCHER');
INSERT INTO `user_role` VALUES ('dd4f1310-d173-11e6-ac5b-9dc6f1f7188f', 'dd48d180-d173-11e6-ac5b-9dc6f1f7188f', 'TRANSPORT_FINANCE');
INSERT INTO `user_role` VALUES ('1aca8c70-cd6d-11e6-a374-6da3754fe6cf', 'f6b778c0-cd6c-11e6-a374-6da3754fe6cf', 'TRANSPORT_DISPATCHER');
INSERT INTO `user_role` VALUES ('ea892740-ce63-11e6-b909-0bed2c8dae22', 'f87a7b00-cca7-11e6-b6af-cdaca8571654', 'TRANSPORT_DISPATCHER');

-- ----------------------------
-- Table structure for vehicle
-- ----------------------------
DROP TABLE IF EXISTS `vehicle`;
CREATE TABLE `vehicle` (
  `id` char(36) CHARACTER SET utf8 COLLATE utf8_bin NOT NULL DEFAULT '',
  `owner_id` char(36) CHARACTER SET utf8 COLLATE utf8_bin DEFAULT NULL,
  `owner_type` varchar(30) DEFAULT 'ORGANIZATION',
  `driver_id` char(36) CHARACTER SET utf8 COLLATE utf8_bin DEFAULT NULL,
  `phone` varchar(20) NOT NULL,
  `no` varchar(20) NOT NULL,
  `load` float NOT NULL,
  `type` varchar(30) NOT NULL,
  `length` decimal(3,1) NOT NULL,
  `img` varchar(255) DEFAULT NULL,
  `box_brand` varchar(50) NOT NULL,
  `refrigerator_brand` varchar(50) NOT NULL,
  `lowest_temp` float NOT NULL,
  `highest_temp` float NOT NULL,
  `lines` text NOT NULL,
  `license_auth` varchar(30) NOT NULL DEFAULT 'UNCHECKED',
  `terminal_type_id` char(36) CHARACTER SET utf8 COLLATE utf8_bin DEFAULT NULL,
  `organization_id` char(36) CHARACTER SET utf8 COLLATE utf8_bin DEFAULT NULL,
  `seat_group_id` char(36) CHARACTER SET utf8 COLLATE utf8_bin DEFAULT NULL,
  `trust_status` varchar(30) NOT NULL DEFAULT 'UNTRUST',
  `visibility` varchar(30) NOT NULL DEFAULT 'ALL',
  `dispatch_city_id` int(11) DEFAULT NULL,
  `dispatch_time` datetime DEFAULT NULL,
  `creator_id` char(36) CHARACTER SET utf8 COLLATE utf8_bin NOT NULL,
  `create_time` datetime NOT NULL,
  `update_time` datetime NOT NULL,
  `delete_time` datetime DEFAULT NULL,
  PRIMARY KEY (`id`),
  UNIQUE KEY `no` (`no`),
  UNIQUE KEY `vehicle_no_unique` (`no`),
  KEY `owner_id` (`owner_id`),
  KEY `driver_id` (`driver_id`),
  KEY `terminal_type_id` (`terminal_type_id`),
  KEY `organization_id` (`organization_id`),
  KEY `seat_group_id` (`seat_group_id`),
  KEY `dispatch_city_id` (`dispatch_city_id`),
  KEY `creator_id` (`creator_id`),
  CONSTRAINT `vehicle_ibfk_2` FOREIGN KEY (`driver_id`) REFERENCES `user` (`id`) ON DELETE SET NULL ON UPDATE CASCADE,
  CONSTRAINT `vehicle_ibfk_3` FOREIGN KEY (`terminal_type_id`) REFERENCES `terminal_type` (`id`) ON DELETE NO ACTION ON UPDATE CASCADE,
  CONSTRAINT `vehicle_ibfk_4` FOREIGN KEY (`organization_id`) REFERENCES `organization` (`id`) ON DELETE SET NULL ON UPDATE CASCADE,
  CONSTRAINT `vehicle_ibfk_5` FOREIGN KEY (`seat_group_id`) REFERENCES `seat_group` (`id`) ON DELETE SET NULL ON UPDATE CASCADE,
  CONSTRAINT `vehicle_ibfk_6` FOREIGN KEY (`dispatch_city_id`) REFERENCES `city` (`id`) ON DELETE SET NULL ON UPDATE CASCADE,
  CONSTRAINT `vehicle_ibfk_7` FOREIGN KEY (`creator_id`) REFERENCES `user` (`id`) ON DELETE NO ACTION ON UPDATE CASCADE
) ENGINE=InnoDB DEFAULT CHARSET=utf8 ROW_FORMAT=COMPACT COMMENT='车辆表';

-- ----------------------------
-- Records of vehicle
-- ----------------------------
INSERT INTO `vehicle` VALUES ('06bb4560-c81a-11e6-8eca-31932eee1e32', '904b03d0-c02f-11e6-b819-7da747d6df0f', 'OWNER', '94b983b0-c03e-11e6-a076-05eec9bc829e', '13512341234', '京A123456', '10', 'INSULATED', '4.2', null, '新飞', '开利', '-16', '1', '[]', 'UNCHECKED', '1', null, null, 'UNTRUST', 'ALL', null, null, '1', '2016-12-22 15:41:18', '2016-12-22 16:27:48', '2016-12-22 16:37:43');
INSERT INTO `vehicle` VALUES ('09284230-c824-11e6-8708-bf31b68150a8', '1', 'ORGANIZATION', '94b983b0-c03e-11e6-a076-05eec9bc829e', '12', '京A22122', '1', 'INSULATED', '4.2', null, '新飞', '开利', '-17', '19', '[{\"province\":{\"id\":360000,\"name\":\"江西省\",\"lng\":0,\"lat\":0,\"createTime\":\"2016-04-29T08:05:37.000Z\",\"updateTime\":\"2016-04-29T08:05:37.000Z\"},\"city\":{\"id\":360900,\"name\":\"宜春市\",\"lng\":0,\"lat\":0,\"provinceId\":360000,\"createTime\":\"2016-04-29T08:05:31.000Z\",\"updateTime\":\"2016-04-29T08:05:31.000Z\"}}]', 'UNCHECKED', '1', null, '72172fe0-c806-11e6-8708-bf31b68150a8', 'UNTRUST', 'ALL', '110100', '2017-01-05 15:36:00', '1', '2016-12-22 16:52:57', '2017-01-05 16:01:03', null);
INSERT INTO `vehicle` VALUES ('0c7dc0b0-c822-11e6-8708-bf31b68150a8', '1', 'ORGANIZATION', null, '13141427077', '京A123457', '10', 'REFRIGERATED', '16.5', null, '冰熊', '冷王', '-1', '11', '[{\"province\":{\"id\":220000,\"name\":\"吉林省\",\"lng\":0,\"lat\":0,\"createTime\":\"2016-04-29T08:05:37.000Z\",\"updateTime\":\"2016-04-29T08:05:37.000Z\"},\"city\":{\"id\":220200,\"name\":\"吉林市\",\"lng\":0,\"lat\":0,\"provinceId\":220000,\"createTime\":\"2016-04-29T08:05:31.000Z\",\"updateTime\":\"2016-04-29T08:05:31.000Z\"}}]', 'UNCHECKED', '1', null, '72172fe0-c806-11e6-8708-bf31b68150a8', 'UNTRUST', 'ALL', null, null, '1', '2016-12-22 16:38:44', '2017-01-05 11:37:19', null);
INSERT INTO `vehicle` VALUES ('1132c150-cc14-11e6-a4c4-0d791db965b9', '1', 'ORGANIZATION', '94b983b0-c03e-11e6-a076-05eec9bc829e', '123', 'test13', '10', 'INSULATED', '5.2', null, '冰熊', '开利', '-2', '5', '[{\"city\":{\"id\":110100}}]', 'UNCHECKED', null, null, '72172fe0-c806-11e6-8708-bf31b68150a8', 'UNTRUST', 'PRIVATE', '130600', '2017-01-05 09:39:00', '16eb09f0-c0d8-11e6-8ebd-1b0f078634cf', '2016-12-27 17:08:44', '2017-01-05 11:55:54', null);
INSERT INTO `vehicle` VALUES ('12715240-cc08-11e6-8a6e-e72ebb9947db', '1', 'ORGANIZATION', '94b983b0-c03e-11e6-a076-05eec9bc829e', '12123', 'test', '10', 'INSULATED', '5.2', null, '中集', '冷王', '-1', '6', '[]', 'UNCHECKED', '1', null, '72172fe0-c806-11e6-8708-bf31b68150a8', 'UNTRUST', 'PRIVATE', '110100', '2016-12-27 16:22:00', '16eb09f0-c0d8-11e6-8ebd-1b0f078634cf', '2016-12-27 15:42:52', '2016-12-27 16:21:33', '2016-12-27 16:46:05');
INSERT INTO `vehicle` VALUES ('154e13e0-c59b-11e6-b6ec-cf8040d8331d', '904b03d0-c02f-11e6-b819-7da747d6df0f', 'OWNER', '94b983b0-c03e-11e6-a076-05eec9bc829e', '15531065984', '冀KJK180', '10', 'INSULATED', '4.2', null, '冰熊', '冷王', '-5', '18', '[{\"city\":{\"id\":110100}}]', 'UNCHECKED', '1', '1', '72172fe0-c806-11e6-8708-bf31b68150a8', 'CHECK_PASS', 'ALL', null, null, '1', '2016-12-19 11:27:34', '2017-01-05 11:38:34', null);
INSERT INTO `vehicle` VALUES ('2099f1b0-c8e3-11e6-bcb1-b39b3b3e5056', '1', 'ORGANIZATION', null, '13141427077', '京A55555', '10', 'REFRIGERATED', '15.0', null, '冰熊', '开利', '-17', '3', '[{\"province\":{\"id\":110000,\"name\":\"北京市\",\"lng\":0,\"lat\":0,\"createTime\":\"2016-04-29T08:05:37.000Z\",\"updateTime\":\"2016-04-29T08:05:37.000Z\"},\"city\":{\"id\":110100,\"name\":\"北京市\",\"lng\":0,\"lat\":0,\"provinceId\":110000,\"createTime\":\"2016-04-29T08:05:31.000Z\",\"updateTime\":\"2016-04-29T08:05:31.000Z\"}}]', 'UNCHECKED', '1', null, '72172fe0-c806-11e6-8708-bf31b68150a8', 'UNTRUST', 'ALL', null, null, 'af6226e0-c02f-11e6-b819-7da747d6df0f', '2016-12-23 15:40:51', '2017-01-05 11:37:25', null);
INSERT INTO `vehicle` VALUES ('212c0260-c039-11e6-a076-05eec9bc829e', '904b03d0-c02f-11e6-b819-7da747d6df0f', 'OWNER', '94b983b0-c03e-11e6-a076-05eec9bc829e', '15531068984', '冀DJK190', '20', 'REFRIGERATED', '5.2', null, '新飞', '冷王', '-1', '3', '\"[{\\\"province\\\":{\\\"id\\\":410000,\\\"name\\\":\\\"河南省\\\",\\\"lng\\\":0,\\\"lat\\\":0,\\\"createTime\\\":\\\"2016-04-29T08:05:37.000Z\\\",\\\"updateTime\\\":\\\"2016-04-29T08:05:37.000Z\\\"},\\\"city\\\":{\\\"id\\\":411400,\\\"name\\\":\\\"商丘市\\\",\\\"lng\\\":0,\\\"lat\\\":0,\\\"provinceId\\\":410000,\\\"createTime\\\":\\\"2016-04-29T08:05:31.000Z\\\",\\\"updateTime\\\":\\\"2016-04-29T08:05:31.000Z\\\"}},{\\\"province\\\":{\\\"id\\\":130000,\\\"name\\\":\\\"河北省\\\",\\\"lng\\\":0,\\\"lat\\\":0,\\\"createTime\\\":\\\"2016-04-29T08:05:37.000Z\\\",\\\"updateTime\\\":\\\"2016-04-29T08:05:37.000Z\\\"},\\\"city\\\":{\\\"id\\\":130300,\\\"name\\\":\\\"秦皇岛市\\\",\\\"lng\\\":0,\\\"lat\\\":0,\\\"provinceId\\\":130000,\\\"createTime\\\":\\\"2016-04-29T08:05:31.000Z\\\",\\\"updateTime\\\":\\\"2016-04-29T08:05:31.000Z\\\"}}]\"', 'UNCHECKED', '1', '1', '72172fe0-c806-11e6-8708-bf31b68150a8', 'CHECK_PASS', 'ALL', null, null, '1', '2016-12-12 15:03:48', '2017-01-05 11:37:29', null);
INSERT INTO `vehicle` VALUES ('22d9ec00-cc17-11e6-a01e-839273cde757', '904b03d0-c02f-11e6-b819-7da747d6df0f', 'OWNER', '5edef730-cce0-11e6-82e9-cb154d72446c', '13141427077', '京W88877', '10', 'REFRIGERATED', '12.5', null, '麒强', '大凤凰', '-18', '1', '[{\"city\":{\"id\":110100}}]', 'UNCHECKED', '1', '1', '72172fe0-c806-11e6-8708-bf31b68150a8', 'CHECK_PASS', 'ALL', '110100', '2017-01-05 15:12:00', 'af6226e0-c02f-11e6-b819-7da747d6df0f', '2016-12-27 17:30:42', '2017-01-05 15:11:41', null);
INSERT INTO `vehicle` VALUES ('29b79f40-d199-11e6-9a38-c9733412cd3c', '904b03d0-c02f-11e6-b819-7da747d6df0f', 'OWNER', '5edef730-cce0-11e6-82e9-cb154d72446c', '13141427077', '蒙A99999', '11', 'REFRIGERATED', '15.0', null, '冰熊', '开利', '-18', '1', '[{\"province\":{\"id\":110000,\"name\":\"北京市\",\"lng\":0,\"lat\":0,\"createTime\":\"2016-04-29T08:05:37.000Z\",\"updateTime\":\"2016-04-29T08:05:37.000Z\"},\"city\":{\"id\":110100,\"name\":\"北京市\",\"lng\":0,\"lat\":0,\"provinceId\":110000,\"createTime\":\"2016-04-29T08:05:31.000Z\",\"updateTime\":\"2016-04-29T08:05:31.000Z\"}}]', 'UNCHECKED', '1', '1', '72172fe0-c806-11e6-8708-bf31b68150a8', 'CHECK_PASS', 'PRIVATE', null, null, '904b03d0-c02f-11e6-b819-7da747d6df0f', '2017-01-03 17:44:04', '2017-01-05 11:37:36', null);
INSERT INTO `vehicle` VALUES ('2bb715d0-cc14-11e6-a4c4-0d791db965b9', '904b03d0-c02f-11e6-b819-7da747d6df0f', 'OWNER', '94b983b0-c03e-11e6-a076-05eec9bc829e', '123', 'test14', '10', 'INSULATED', '5.6', null, '新飞', '冷王', '-1', '4', '[{\"province\":{\"id\":110000,\"name\":\"北京市\",\"lng\":0,\"lat\":0,\"createTime\":\"2016-04-29T08:05:37.000Z\",\"updateTime\":\"2016-04-29T08:05:37.000Z\"},\"city\":{\"id\":110100,\"name\":\"北京市\",\"lng\":0,\"lat\":0,\"provinceId\":110000,\"createTime\":\"2016-04-29T08:05:31.000Z\",\"updateTime\":\"2016-04-29T08:05:31.000Z\"}},{\"city\":{\"id\":130300}}]', 'UNCHECKED', '1', '1', '72172fe0-c806-11e6-8708-bf31b68150a8', 'CHECK_PASS', 'UNION', '110100', '2016-12-30 14:39:00', '16eb09f0-c0d8-11e6-8ebd-1b0f078634cf', '2016-12-27 17:09:28', '2017-01-04 17:35:15', null);
INSERT INTO `vehicle` VALUES ('2cc5a940-c8eb-11e6-a715-19c88109dc4e', '1', 'ORGANIZATION', null, '13141427077', '京A66888', '10', 'REFRIGERATED', '15.0', null, '冰熊', '开利', '-18', '10', '[{\"province\":{\"id\":120000,\"name\":\"天津市\",\"lng\":0,\"lat\":0,\"createTime\":\"2016-04-29T08:05:37.000Z\",\"updateTime\":\"2016-04-29T08:05:37.000Z\"},\"city\":{\"id\":120100,\"name\":\"天津市\",\"lng\":0,\"lat\":0,\"provinceId\":120000,\"createTime\":\"2016-04-29T08:05:31.000Z\",\"updateTime\":\"2016-04-29T08:05:31.000Z\"}}]', 'UNCHECKED', '1', null, '72172fe0-c806-11e6-8708-bf31b68150a8', 'UNTRUST', 'ALL', null, null, '16eb09f0-c0d8-11e6-8ebd-1b0f078634cf', '2016-12-23 16:38:27', '2017-01-05 11:37:39', null);
INSERT INTO `vehicle` VALUES ('3f1a89e0-c59d-11e6-acaa-61483bd72c4b', '904b03d0-c02f-11e6-b819-7da747d6df0f', 'OWNER', '94b983b0-c03e-11e6-a076-05eec9bc829e', '13363096321', '冀KJK951', '5', 'REFRIGERATED', '5.2', null, '新飞', '开利', '-13', '15', '[{\"province\":{\"id\":430000,\"name\":\"湖南省\",\"lng\":0,\"lat\":0,\"createTime\":\"2016-04-29T08:05:37.000Z\",\"updateTime\":\"2016-04-29T08:05:37.000Z\"},\"city\":{\"id\":431300,\"name\":\"娄底市\",\"lng\":0,\"lat\":0,\"provinceId\":430000,\"createTime\":\"2016-04-29T08:05:31.000Z\",\"updateTime\":\"2016-04-29T08:05:31.000Z\"}},{\"province\":{\"id\":410000,\"name\":\"河南省\",\"lng\":0,\"lat\":0,\"createTime\":\"2016-04-29T08:05:37.000Z\",\"updateTime\":\"2016-04-29T08:05:37.000Z\"},\"city\":{\"id\":411300,\"name\":\"南阳市\",\"lng\":0,\"lat\":0,\"provinceId\":410000,\"createTime\":\"2016-04-29T08:05:31.000Z\",\"updateTime\":\"2016-04-29T08:05:31.000Z\"}}]', 'UNCHECKED', '1', '1', '1', 'CHECK_PASS', 'ALL', null, null, '1', '2016-12-19 11:43:04', '2016-12-27 15:21:15', null);
INSERT INTO `vehicle` VALUES ('42c25b10-cc12-11e6-9691-67c02122da86', '904b03d0-c02f-11e6-b819-7da747d6df0f', 'OWNER', '94b983b0-c03e-11e6-a076-05eec9bc829e', '13141427074', '京A66645', '10', 'REFRIGERATED', '15.0', null, '大力士', '开利', '-16', '3', '[{\"province\":{\"id\":110000,\"name\":\"北京市\",\"lng\":0,\"lat\":0,\"createTime\":\"2016-04-29T08:05:37.000Z\",\"updateTime\":\"2016-04-29T08:05:37.000Z\"},\"city\":{\"id\":110100,\"name\":\"北京市\",\"lng\":0,\"lat\":0,\"provinceId\":110000,\"createTime\":\"2016-04-29T08:05:31.000Z\",\"updateTime\":\"2016-04-29T08:05:31.000Z\"}}]', 'UNCHECKED', '1', '1', '72172fe0-c806-11e6-8708-bf31b68150a8', 'CHECK_PASS', 'PRIVATE', '110100', '2016-12-28 11:57:00', '16eb09f0-c0d8-11e6-8ebd-1b0f078634cf', '2016-12-27 16:55:48', '2017-01-03 13:42:48', null);
INSERT INTO `vehicle` VALUES ('4360dc00-d157-11e6-9a36-41dcfaae90db', 'cdca7b60-cd6c-11e6-a374-6da3754fe6cf', 'OWNER', '5edef730-cce0-11e6-82e9-cb154d72446c', '13141427077', '沪A45454', '10', 'REFRIGERATED', '15.0', null, '冰熊', '开利', '-18', '2', '[{\"province\":{\"id\":110000,\"name\":\"北京市\",\"lng\":0,\"lat\":0,\"createTime\":\"2016-04-29T08:05:37.000Z\",\"updateTime\":\"2016-04-29T08:05:37.000Z\"},\"city\":{\"id\":110100,\"name\":\"北京市\",\"lng\":0,\"lat\":0,\"provinceId\":110000,\"createTime\":\"2016-04-29T08:05:31.000Z\",\"updateTime\":\"2016-04-29T08:05:31.000Z\"}}]', 'UNCHECKED', '1', '1', '72172fe0-c806-11e6-8708-bf31b68150a8', 'CHECK_PASS', 'PRIVATE', null, null, '16eb09f0-c0d8-11e6-8ebd-1b0f078634cf', '2017-01-03 09:52:20', '2017-01-03 09:52:20', null);
INSERT INTO `vehicle` VALUES ('4e5f52c0-cd70-11e6-a374-6da3754fe6cf', 'cdca7b60-cd6c-11e6-a374-6da3754fe6cf', 'OWNER', '5edef730-cce0-11e6-82e9-cb154d72446c', '13141427177', '辽A46487', '10', 'REFRIGERATED', '15.0', null, '麒强', '开利', '-25', '1', '[{\"province\":{\"id\":110000,\"name\":\"北京市\",\"lng\":0,\"lat\":0,\"createTime\":\"2016-04-29T08:05:37.000Z\",\"updateTime\":\"2016-04-29T08:05:37.000Z\"},\"city\":{\"id\":110100,\"name\":\"北京市\",\"lng\":0,\"lat\":0,\"provinceId\":110000,\"createTime\":\"2016-04-29T08:05:31.000Z\",\"updateTime\":\"2016-04-29T08:05:31.000Z\"}},{\"province\":{\"id\":120000,\"name\":\"天津市\",\"lng\":0,\"lat\":0,\"createTime\":\"2016-04-29T08:05:37.000Z\",\"updateTime\":\"2016-04-29T08:05:37.000Z\"},\"city\":{\"id\":120100,\"name\":\"天津市\",\"lng\":0,\"lat\":0,\"provinceId\":120000,\"createTime\":\"2016-04-29T08:05:31.000Z\",\"updateTime\":\"2016-04-29T08:05:31.000Z\"}}]', 'UNCHECKED', '1', null, null, 'UNTRUST', 'PRIVATE', '110100', '2016-12-29 15:24:00', 'cdca7b60-cd6c-11e6-a374-6da3754fe6cf', '2016-12-29 10:41:31', '2016-12-29 15:37:48', null);
INSERT INTO `vehicle` VALUES ('505ce0d0-c828-11e6-9c57-2d5ad12e11b7', '1', 'ORGANIZATION', '94b983b0-c03e-11e6-a076-05eec9bc829e', '123123', '京A12342', '10', 'INSULATED', '4.2', null, '冰熊', '冷王', '-4', '5', '[]', 'UNCHECKED', '1', null, '72172fe0-c806-11e6-8708-bf31b68150a8', 'UNTRUST', 'ALL', null, null, 'af6226e0-c02f-11e6-b819-7da747d6df0f', '2016-12-22 17:23:35', '2017-01-05 11:36:54', null);
INSERT INTO `vehicle` VALUES ('550e34c0-cc16-11e6-8e05-9b2fb19b8d16', '1', 'ORGANIZATION', '94b983b0-c03e-11e6-a076-05eec9bc829e', '123', 'test15', '10', 'REFRIGERATED', '5.6', null, '中集', '大凤凰', '0', '3', '[]', 'UNCHECKED', null, null, '72172fe0-c806-11e6-8708-bf31b68150a8', 'UNTRUST', 'ALL', null, null, 'af6226e0-c02f-11e6-b819-7da747d6df0f', '2016-12-27 17:24:56', '2017-01-05 11:36:57', null);
INSERT INTO `vehicle` VALUES ('5b68f740-ce75-11e6-aa8a-4fce5cf821b5', '904b03d0-c02f-11e6-b819-7da747d6df0f', 'OWNER', '4065cb40-ce74-11e6-aa8a-4fce5cf821b5', '13141427077', '京H78999', '10', 'REFRIGERATED', '15.0', null, '中集', '开利', '-16', '3', '[{\"province\":{\"id\":110000,\"name\":\"北京市\",\"lng\":0,\"lat\":0,\"createTime\":\"2016-04-29T08:05:37.000Z\",\"updateTime\":\"2016-04-29T08:05:37.000Z\"},\"city\":{\"id\":110100,\"name\":\"北京市\",\"lng\":0,\"lat\":0,\"provinceId\":110000,\"createTime\":\"2016-04-29T08:05:31.000Z\",\"updateTime\":\"2016-04-29T08:05:31.000Z\"}}]', 'UNCHECKED', '1', '1', '72172fe0-c806-11e6-8708-bf31b68150a8', 'CHECK_PASS', 'ALL', '110100', '2016-12-30 19:14:00', '904b03d0-c02f-11e6-b819-7da747d6df0f', '2016-12-30 17:50:12', '2016-12-30 19:13:09', null);
INSERT INTO `vehicle` VALUES ('5d41b1f0-cd90-11e6-b699-f7176c686828', '1', 'ORGANIZATION', '5edef730-cce0-11e6-82e9-cb154d72446c', '13141427077', '京A77777', '10', 'REFRIGERATED', '15.0', null, '冰熊', '开利', '-20', '2', '[{\"province\":{\"id\":110000,\"name\":\"北京市\",\"lng\":0,\"lat\":0,\"createTime\":\"2016-04-29T08:05:37.000Z\",\"updateTime\":\"2016-04-29T08:05:37.000Z\"},\"city\":{\"id\":110100,\"name\":\"北京市\",\"lng\":0,\"lat\":0,\"provinceId\":110000,\"createTime\":\"2016-04-29T08:05:31.000Z\",\"updateTime\":\"2016-04-29T08:05:31.000Z\"}}]', 'UNCHECKED', '1', null, '72172fe0-c806-11e6-8708-bf31b68150a8', 'UNTRUST', 'ALL', null, null, 'af6226e0-c02f-11e6-b819-7da747d6df0f', '2016-12-29 14:31:00', '2017-01-05 11:37:00', null);
INSERT INTO `vehicle` VALUES ('67ed9e20-c8f4-11e6-a4a2-672550b8605a', '1', 'ORGANIZATION', null, '13141427077', '冀A66666', '10', 'REFRIGERATED', '15.0', null, '冰熊', '大凤凰', '-30', '1', '[{\"province\":{\"id\":130000,\"name\":\"河北省\",\"lng\":0,\"lat\":0,\"createTime\":\"2016-04-29T08:05:37.000Z\",\"updateTime\":\"2016-04-29T08:05:37.000Z\"},\"city\":{\"id\":130900,\"name\":\"沧州市\",\"lng\":0,\"lat\":0,\"provinceId\":130000,\"createTime\":\"2016-04-29T08:05:31.000Z\",\"updateTime\":\"2016-04-29T08:05:31.000Z\"}}]', 'UNCHECKED', '1', null, '72172fe0-c806-11e6-8708-bf31b68150a8', 'UNTRUST', 'ALL', null, null, '2427c3a0-c8f4-11e6-a4a2-672550b8605a', '2016-12-23 17:44:32', '2017-01-05 11:37:09', null);
INSERT INTO `vehicle` VALUES ('6b3d48a0-cc05-11e6-bf70-3df5f582a89d', '904b03d0-c02f-11e6-b819-7da747d6df0f', 'OWNER', '5edef730-cce0-11e6-82e9-cb154d72446c', '13141427077', '京A1234', '10', 'REFRIGERATED', '15.0', null, '冰熊', '开利', '-15', '3', '[{\"province\":{\"id\":110000,\"name\":\"北京市\",\"lng\":0,\"lat\":0,\"createTime\":\"2016-04-29T08:05:37.000Z\",\"updateTime\":\"2016-04-29T08:05:37.000Z\"},\"city\":{\"id\":110100,\"name\":\"北京市\",\"lng\":0,\"lat\":0,\"provinceId\":110000,\"createTime\":\"2016-04-29T08:05:31.000Z\",\"updateTime\":\"2016-04-29T08:05:31.000Z\"}}]', 'UNCHECKED', '1', '43b94970-cd6b-11e6-a374-6da3754fe6cf', null, 'CHECK_PASS', 'PRIVATE', '110100', '2016-12-30 15:21:00', '16eb09f0-c0d8-11e6-8ebd-1b0f078634cf', '2016-12-27 15:23:52', '2017-01-03 17:33:53', null);
INSERT INTO `vehicle` VALUES ('6ea74740-cc08-11e6-8184-e5701660dca3', '904b03d0-c02f-11e6-b819-7da747d6df0f', 'OWNER', '5edef730-cce0-11e6-82e9-cb154d72446c', '13141427077', '黑A11111', '10', 'REFRIGERATED', '15.0', null, '冰熊', '开利', '-18', '6', '[{\"province\":{\"id\":110000,\"name\":\"北京市\",\"lng\":0,\"lat\":0,\"createTime\":\"2016-04-29T08:05:37.000Z\",\"updateTime\":\"2016-04-29T08:05:37.000Z\"},\"city\":{\"id\":110100,\"name\":\"北京市\",\"lng\":0,\"lat\":0,\"provinceId\":110000,\"createTime\":\"2016-04-29T08:05:31.000Z\",\"updateTime\":\"2016-04-29T08:05:31.000Z\"}}]', 'UNCHECKED', '1', '1', '72172fe0-c806-11e6-8708-bf31b68150a8', 'CHECK_PASS', 'PRIVATE', '110100', '2017-01-03 18:01:00', '16eb09f0-c0d8-11e6-8ebd-1b0f078634cf', '2016-12-27 15:45:26', '2017-01-05 11:37:05', null);
INSERT INTO `vehicle` VALUES ('8b04d980-cc11-11e6-8723-8582837bb79d', '1', 'ORGANIZATION', '94b983b0-c03e-11e6-a076-05eec9bc829e', '123123', 'test12', '10', 'INSULATED', '5.6', null, '新飞', '冷王', '-3', '4', '[]', 'UNCHECKED', '1', null, '72172fe0-c806-11e6-8708-bf31b68150a8', 'UNTRUST', 'PRIVATE', null, null, '16eb09f0-c0d8-11e6-8ebd-1b0f078634cf', '2016-12-27 16:50:40', '2017-01-05 11:37:12', null);
INSERT INTO `vehicle` VALUES ('8ca0c260-c8f4-11e6-a4a2-672550b8605a', '904b03d0-c02f-11e6-b819-7da747d6df0f', 'OWNER', '94b983b0-c03e-11e6-a076-05eec9bc829e', '13141427077', '津A77777', '10', 'REFRIGERATED', '15.0', null, '冰熊', '冷王', '-20', '1', '[{\"province\":{\"id\":460000,\"name\":\"海南省\",\"lng\":0,\"lat\":0,\"createTime\":\"2016-04-29T08:05:37.000Z\",\"updateTime\":\"2016-04-29T08:05:37.000Z\"},\"city\":{\"id\":460200,\"name\":\"三亚市\",\"lng\":0,\"lat\":0,\"provinceId\":460000,\"createTime\":\"2016-04-29T08:05:31.000Z\",\"updateTime\":\"2016-04-29T08:05:31.000Z\"}}]', 'UNCHECKED', '1', '43b94970-cd6b-11e6-a374-6da3754fe6cf', '06573780-cd6c-11e6-a374-6da3754fe6cf', 'CHECK_PASS', 'ALL', '110100', '2016-12-29 14:01:00', '2427c3a0-c8f4-11e6-a4a2-672550b8605a', '2016-12-23 17:45:33', '2016-12-29 14:00:18', '2016-12-29 14:00:21');
INSERT INTO `vehicle` VALUES ('95380010-c821-11e6-8eca-31932eee1e32', '1', 'ORGANIZATION', '94b983b0-c03e-11e6-a076-05eec9bc829e', '13512343212', '京A12341', '10', 'INSULATED', '4.2', null, '冰熊', '冷王', '0', '3', '[]', 'UNCHECKED', '1', null, '72172fe0-c806-11e6-8708-bf31b68150a8', 'UNTRUST', 'ALL', null, null, 'af6226e0-c02f-11e6-b819-7da747d6df0f', '2016-12-22 16:35:24', '2017-01-05 11:36:44', null);
INSERT INTO `vehicle` VALUES ('96a0c440-cc05-11e6-bf70-3df5f582a89d', '1', 'ORGANIZATION', '94b983b0-c03e-11e6-a076-05eec9bc829e', '13141427077', '京Q99999', '10', 'REFRIGERATED', '15.0', null, '冰熊', '开利', '-16', '9', '[{\"province\":{\"id\":110000,\"name\":\"北京市\",\"lng\":0,\"lat\":0,\"createTime\":\"2016-04-29T08:05:37.000Z\",\"updateTime\":\"2016-04-29T08:05:37.000Z\"},\"city\":{\"id\":110100,\"name\":\"北京市\",\"lng\":0,\"lat\":0,\"provinceId\":110000,\"createTime\":\"2016-04-29T08:05:31.000Z\",\"updateTime\":\"2016-04-29T08:05:31.000Z\"}}]', 'UNCHECKED', '1', null, '72172fe0-c806-11e6-8708-bf31b68150a8', 'UNTRUST', 'ALL', null, null, '16eb09f0-c0d8-11e6-8ebd-1b0f078634cf', '2016-12-27 15:25:05', '2017-01-05 11:36:42', null);
INSERT INTO `vehicle` VALUES ('97dc1ac0-c8e1-11e6-bcb1-b39b3b3e5056', '1', 'ORGANIZATION', null, '13141427077', '京A88888', '10', 'REFRIGERATED', '15.0', null, '冰熊', '开利', '-19', '4', '[{\"province\":{\"id\":110000,\"name\":\"北京市\",\"lng\":0,\"lat\":0,\"createTime\":\"2016-04-29T08:05:37.000Z\",\"updateTime\":\"2016-04-29T08:05:37.000Z\"},\"city\":{\"id\":110100,\"name\":\"北京市\",\"lng\":0,\"lat\":0,\"provinceId\":110000,\"createTime\":\"2016-04-29T08:05:31.000Z\",\"updateTime\":\"2016-04-29T08:05:31.000Z\"}}]', 'UNCHECKED', '1', null, null, 'UNTRUST', 'ALL', null, null, 'af6226e0-c02f-11e6-b819-7da747d6df0f', '2016-12-23 15:29:52', '2016-12-23 15:29:52', '2016-12-23 15:36:02');
INSERT INTO `vehicle` VALUES ('9cc9c140-c8e6-11e6-bcb1-b39b3b3e5056', '1', 'ORGANIZATION', '94b983b0-c03e-11e6-a076-05eec9bc829e', '13141427077', '京P11111', '10', 'REFRIGERATED', '15.0', null, '冰熊', '开利', '-22', '1', '[{\"province\":{\"id\":120000,\"name\":\"天津市\",\"lng\":0,\"lat\":0,\"createTime\":\"2016-04-29T08:05:37.000Z\",\"updateTime\":\"2016-04-29T08:05:37.000Z\"},\"city\":{\"id\":120100,\"name\":\"天津市\",\"lng\":0,\"lat\":0,\"provinceId\":120000,\"createTime\":\"2016-04-29T08:05:31.000Z\",\"updateTime\":\"2016-04-29T08:05:31.000Z\"}}]', 'UNCHECKED', '1', null, '72172fe0-c806-11e6-8708-bf31b68150a8', 'UNTRUST', 'UNION', '110100', '2016-12-30 18:48:00', 'af6226e0-c02f-11e6-b819-7da747d6df0f', '2016-12-23 16:05:47', '2016-12-30 18:47:18', null);
INSERT INTO `vehicle` VALUES ('c6bacd60-cca5-11e6-b6af-cdaca8571654', '1', 'ORGANIZATION', '94b983b0-c03e-11e6-a076-05eec9bc829e', '13141427071', '浙T46046', '10', 'REFRIGERATED', '5.6', null, '冰熊', '开利', '-3', '7', '[{\"province\":{\"id\":110000,\"name\":\"北京市\",\"lng\":0,\"lat\":0,\"createTime\":\"2016-04-29T08:05:37.000Z\",\"updateTime\":\"2016-04-29T08:05:37.000Z\"},\"city\":{\"id\":110100,\"name\":\"北京市\",\"lng\":0,\"lat\":0,\"provinceId\":110000,\"createTime\":\"2016-04-29T08:05:31.000Z\",\"updateTime\":\"2016-04-29T08:05:31.000Z\"}}]', 'UNCHECKED', '1', null, '72172fe0-c806-11e6-8708-bf31b68150a8', 'UNTRUST', 'PRIVATE', '110100', '2016-12-30 16:55:00', '16eb09f0-c0d8-11e6-8ebd-1b0f078634cf', '2016-12-28 10:31:45', '2016-12-30 16:54:47', null);
INSERT INTO `vehicle` VALUES ('c6c9ab50-cd72-11e6-a374-6da3754fe6cf', '43b94970-cd6b-11e6-a374-6da3754fe6cf', 'ORGANIZATION', '94b983b0-c03e-11e6-a076-05eec9bc829e', '13141427077', '江L99999', '10', 'REFRIGERATED', '15.0', null, '中集', '开利', '-22', '4', '[{\"province\":{\"id\":110000,\"name\":\"北京市\",\"lng\":0,\"lat\":0,\"createTime\":\"2016-04-29T08:05:37.000Z\",\"updateTime\":\"2016-04-29T08:05:37.000Z\"},\"city\":{\"id\":110100,\"name\":\"北京市\",\"lng\":0,\"lat\":0,\"provinceId\":110000,\"createTime\":\"2016-04-29T08:05:31.000Z\",\"updateTime\":\"2016-04-29T08:05:31.000Z\"}}]', 'UNCHECKED', '1', null, '06573780-cd6c-11e6-a374-6da3754fe6cf', 'UNTRUST', 'PRIVATE', '110100', '2016-12-29 11:08:00', 'dc0db760-cd6b-11e6-a374-6da3754fe6cf', '2016-12-29 10:59:12', '2016-12-29 11:07:06', null);
INSERT INTO `vehicle` VALUES ('c7924eb0-c8e1-11e6-bcb1-b39b3b3e5056', '904b03d0-c02f-11e6-b819-7da747d6df0f', 'OWNER', null, '13141427077', '京A66666', '10', 'REFRIGERATED', '15.0', null, '冰熊', '开利', '-23', '1', '[{\"province\":{\"id\":110000,\"name\":\"北京市\",\"lng\":0,\"lat\":0,\"createTime\":\"2016-04-29T08:05:37.000Z\",\"updateTime\":\"2016-04-29T08:05:37.000Z\"},\"city\":{\"id\":110100,\"name\":\"北京市\",\"lng\":0,\"lat\":0,\"provinceId\":110000,\"createTime\":\"2016-04-29T08:05:31.000Z\",\"updateTime\":\"2016-04-29T08:05:31.000Z\"}}]', 'UNCHECKED', '1', '1', '72172fe0-c806-11e6-8708-bf31b68150a8', 'CHECK_PASS', 'PRIVATE', null, null, 'af6226e0-c02f-11e6-b819-7da747d6df0f', '2016-12-23 15:31:12', '2017-01-05 11:36:39', null);
INSERT INTO `vehicle` VALUES ('ccddba90-cce1-11e6-87e5-658fa6569c11', '52b7ecd0-ccd3-11e6-aa45-59ef6cfe454d', 'ORGANIZATION', '5edef730-cce0-11e6-82e9-cb154d72446c', '13141427077', '京A78451', '10', 'REFRIGERATED', '12.5', null, '冰熊', '开利', '-18', '2', '[{\"province\":{\"id\":110000,\"name\":\"北京市\",\"lng\":0,\"lat\":0,\"createTime\":\"2016-04-29T08:05:37.000Z\",\"updateTime\":\"2016-04-29T08:05:37.000Z\"},\"city\":{\"id\":110100,\"name\":\"北京市\",\"lng\":0,\"lat\":0,\"provinceId\":110000,\"createTime\":\"2016-04-29T08:05:31.000Z\",\"updateTime\":\"2016-04-29T08:05:31.000Z\"}}]', 'UNCHECKED', '1', null, '5f756140-ccd4-11e6-aa45-59ef6cfe454d', 'UNTRUST', 'PRIVATE', '110100', '2016-12-29 13:54:00', 'be8100f0-ccd3-11e6-aa45-59ef6cfe454d', '2016-12-28 17:41:25', '2016-12-29 13:53:47', null);
INSERT INTO `vehicle` VALUES ('d63fc370-c599-11e6-b6ec-cf8040d8331d', '904b03d0-c02f-11e6-b819-7da747d6df0f', 'OWNER', '94b983b0-c03e-11e6-a076-05eec9bc829e', '15531068964', '冀KJS195', '5', 'INSULATED', '4.2', null, '中集', '开利', '-1', '4', '[{\"province\":{\"id\":110000,\"name\":\"北京市\",\"lng\":0,\"lat\":0,\"createTime\":\"2016-04-29T08:05:37.000Z\",\"updateTime\":\"2016-04-29T08:05:37.000Z\"},\"city\":{\"id\":110100,\"name\":\"北京市\",\"lng\":0,\"lat\":0,\"provinceId\":110000,\"createTime\":\"2016-04-29T08:05:31.000Z\",\"updateTime\":\"2016-04-29T08:05:31.000Z\"}},{\"province\":{\"id\":120000,\"name\":\"天津市\",\"lng\":0,\"lat\":0,\"createTime\":\"2016-04-29T08:05:37.000Z\",\"updateTime\":\"2016-04-29T08:05:37.000Z\"},\"city\":{\"id\":120100,\"name\":\"天津市\",\"lng\":0,\"lat\":0,\"provinceId\":120000,\"createTime\":\"2016-04-29T08:05:31.000Z\",\"updateTime\":\"2016-04-29T08:05:31.000Z\"}}]', 'UNCHECKED', '1', '1', '72172fe0-c806-11e6-8708-bf31b68150a8', 'CHECK_PASS', 'PRIVATE', '110100', '2016-12-22 17:17:00', '904b03d0-c02f-11e6-b819-7da747d6df0f', '2016-12-19 11:18:39', '2017-01-05 11:36:49', null);
INSERT INTO `vehicle` VALUES ('e43f0990-ce54-11e6-b909-0bed2c8dae22', 'cdca7b60-cd6c-11e6-a374-6da3754fe6cf', 'OWNER', '94b983b0-c03e-11e6-a076-05eec9bc829e', '13141427077', '京L65656', '10', 'REFRIGERATED', '16.5', null, '冰熊', '开利', '-18', '4', '[{\"province\":{\"id\":110000,\"name\":\"北京市\",\"lng\":0,\"lat\":0,\"createTime\":\"2016-04-29T08:05:37.000Z\",\"updateTime\":\"2016-04-29T08:05:37.000Z\"},\"city\":{\"id\":110100,\"name\":\"北京市\",\"lng\":0,\"lat\":0,\"provinceId\":110000,\"createTime\":\"2016-04-29T08:05:31.000Z\",\"updateTime\":\"2016-04-29T08:05:31.000Z\"}}]', 'UNCHECKED', '1', '52b7ecd0-ccd3-11e6-aa45-59ef6cfe454d', '5f756140-ccd4-11e6-aa45-59ef6cfe454d', 'CHECK_PASS', 'PRIVATE', null, null, 'be8100f0-ccd3-11e6-aa45-59ef6cfe454d', '2016-12-30 13:57:48', '2016-12-30 13:57:48', null);
INSERT INTO `vehicle` VALUES ('eae92f70-cce0-11e6-8803-eb69fcedc7c2', '1', 'ORGANIZATION', '5edef730-cce0-11e6-82e9-cb154d72446c', 'sdf', 'test23', '10', 'INSULATED', '5.2', null, '新飞', '冷王', '-2', '3', '[]', 'UNCHECKED', '1', null, '72172fe0-c806-11e6-8708-bf31b68150a8', 'UNTRUST', 'ALL', null, null, 'af6226e0-c02f-11e6-b819-7da747d6df0f', '2016-12-28 17:35:06', '2017-01-05 11:36:35', null);
INSERT INTO `vehicle` VALUES ('f6dceb40-cce1-11e6-87e5-658fa6569c11', '904b03d0-c02f-11e6-b819-7da747d6df0f', 'OWNER', '5edef730-cce0-11e6-82e9-cb154d72446c', '13141427071', '京A124578', '10', 'REFRIGERATED', '15.0', null, '冰熊', '开利', '-17', '3', '[{\"province\":{\"id\":110000,\"name\":\"北京市\",\"lng\":0,\"lat\":0,\"createTime\":\"2016-04-29T08:05:37.000Z\",\"updateTime\":\"2016-04-29T08:05:37.000Z\"},\"city\":{\"id\":110100,\"name\":\"北京市\",\"lng\":0,\"lat\":0,\"provinceId\":110000,\"createTime\":\"2016-04-29T08:05:31.000Z\",\"updateTime\":\"2016-04-29T08:05:31.000Z\"}}]', 'UNCHECKED', '1', '1', '72172fe0-c806-11e6-8708-bf31b68150a8', 'CHECK_PASS', 'PRIVATE', null, null, 'be8100f0-ccd3-11e6-aa45-59ef6cfe454d', '2016-12-28 17:42:36', '2017-01-05 11:36:32', null);

-- ----------------------------
-- Table structure for vehicle_city
-- ----------------------------
DROP TABLE IF EXISTS `vehicle_city`;
CREATE TABLE `vehicle_city` (
  `vehicle_id` char(36) CHARACTER SET utf8 COLLATE utf8_bin NOT NULL DEFAULT '',
  `city_id` int(11) NOT NULL DEFAULT '0',
  PRIMARY KEY (`vehicle_id`,`city_id`),
  KEY `city_id` (`city_id`),
  CONSTRAINT `vehicle_city_ibfk_1` FOREIGN KEY (`vehicle_id`) REFERENCES `vehicle` (`id`) ON DELETE NO ACTION ON UPDATE CASCADE,
  CONSTRAINT `vehicle_city_ibfk_2` FOREIGN KEY (`city_id`) REFERENCES `city` (`id`) ON DELETE NO ACTION ON UPDATE CASCADE
) ENGINE=InnoDB DEFAULT CHARSET=utf8 ROW_FORMAT=COMPACT;

-- ----------------------------
-- Records of vehicle_city
-- ----------------------------

-- ----------------------------
-- Table structure for vehicle_driving_license
-- ----------------------------
DROP TABLE IF EXISTS `vehicle_driving_license`;
CREATE TABLE `vehicle_driving_license` (
  `id` char(36) CHARACTER SET utf8 COLLATE utf8_bin NOT NULL DEFAULT '',
  `vehicle_id` char(36) CHARACTER SET utf8 COLLATE utf8_bin NOT NULL,
  `front_img` varchar(255) DEFAULT NULL,
  `side_img` varchar(255) DEFAULT NULL,
  `license_img` varchar(255) DEFAULT NULL,
  `status` varchar(30) NOT NULL DEFAULT 'UNCHECKED',
  `current` int(11) NOT NULL DEFAULT '1',
  `status_description` varchar(255) DEFAULT NULL,
  `create_time` datetime NOT NULL,
  `update_time` datetime NOT NULL,
  PRIMARY KEY (`id`),
  KEY `vehicle_id` (`vehicle_id`),
  CONSTRAINT `vehicle_driving_license_ibfk_1` FOREIGN KEY (`vehicle_id`) REFERENCES `vehicle` (`id`) ON DELETE NO ACTION ON UPDATE CASCADE
) ENGINE=InnoDB DEFAULT CHARSET=utf8 ROW_FORMAT=COMPACT;

-- ----------------------------
-- Records of vehicle_driving_license
-- ----------------------------

-- ----------------------------
-- Table structure for vehicle_notice
-- ----------------------------
DROP TABLE IF EXISTS `vehicle_notice`;
CREATE TABLE `vehicle_notice` (
  `id` char(36) CHARACTER SET utf8 COLLATE utf8_bin NOT NULL DEFAULT '',
  `waybill_id` char(36) CHARACTER SET utf8 COLLATE utf8_bin NOT NULL,
  `message_type` varchar(30) DEFAULT NULL,
  `content` varchar(255) NOT NULL,
  `create_time` datetime NOT NULL,
  `update_time` datetime NOT NULL,
  `delete_time` datetime DEFAULT NULL,
  PRIMARY KEY (`id`),
  KEY `waybill_id` (`waybill_id`),
  CONSTRAINT `vehicle_notice_ibfk_1` FOREIGN KEY (`waybill_id`) REFERENCES `waybill` (`id`) ON DELETE NO ACTION ON UPDATE CASCADE
) ENGINE=InnoDB DEFAULT CHARSET=utf8 ROW_FORMAT=COMPACT;

-- ----------------------------
-- Records of vehicle_notice
-- ----------------------------

-- ----------------------------
-- Table structure for waybill
-- ----------------------------
DROP TABLE IF EXISTS `waybill`;
CREATE TABLE `waybill` (
  `id` char(36) CHARACTER SET utf8 COLLATE utf8_bin NOT NULL DEFAULT '',
  `task_id` char(36) CHARACTER SET utf8 COLLATE utf8_bin NOT NULL,
  `vehicle_id` char(36) CHARACTER SET utf8 COLLATE utf8_bin NOT NULL,
  `offer` decimal(11,2) NOT NULL,
  `status` varchar(30) NOT NULL,
  `create_time` datetime NOT NULL,
  `update_time` datetime NOT NULL,
  `delete_time` datetime DEFAULT NULL,
  `code` varchar(30) DEFAULT NULL,
  PRIMARY KEY (`id`),
  KEY `task_id` (`task_id`),
  KEY `vehicle_id` (`vehicle_id`),
  CONSTRAINT `waybill_ibfk_1` FOREIGN KEY (`task_id`) REFERENCES `task` (`id`) ON DELETE NO ACTION ON UPDATE CASCADE,
  CONSTRAINT `waybill_ibfk_2` FOREIGN KEY (`vehicle_id`) REFERENCES `vehicle` (`id`) ON DELETE NO ACTION ON UPDATE CASCADE
) ENGINE=InnoDB DEFAULT CHARSET=utf8 ROW_FORMAT=COMPACT;

-- ----------------------------
-- Records of waybill
-- ----------------------------
INSERT INTO `waybill` VALUES ('003da630-ce4e-11e6-9b15-ad271eab55b7', 'cad48db0-ce4d-11e6-9b15-ad271eab55b7', '6ea74740-cc08-11e6-8184-e5701660dca3', '1000.00', 'CONFIRMED_RECEIPT', '2016-12-30 13:08:28', '2017-01-03 15:27:55', null, '161230000059');
INSERT INTO `waybill` VALUES ('05da8990-ce81-11e6-ae0a-d19e25965f26', 'd8aed110-ce80-11e6-ae0a-d19e25965f26', '5b68f740-ce75-11e6-aa8a-4fce5cf821b5', '1000.00', 'NEW', '2016-12-30 19:13:42', '2016-12-30 19:13:42', null, '161230000076');
INSERT INTO `waybill` VALUES ('0789ed50-cd7b-11e6-b37c-1fdf36b4ac65', 'adf41ab0-cce2-11e6-87e5-658fa6569c11', 'f6dceb40-cce1-11e6-87e5-658fa6569c11', '1000.00', 'VEHICLE_OWNER_TERMINATED', '2016-12-29 11:58:17', '2016-12-29 13:26:48', null, '161229000033');
INSERT INTO `waybill` VALUES ('0db35a20-d19c-11e6-a438-4bcaa32e46de', '6882c2a0-d18e-11e6-90bc-15977fc57c62', '2bb715d0-cc14-11e6-a4c4-0d791db965b9', '100.00', 'TASK_OWNER_TERMINATED', '2017-01-03 18:04:45', '2017-01-03 18:20:05', null, '170103000088');
INSERT INTO `waybill` VALUES ('1', '1', '212c0260-c039-11e6-a076-05eec9bc829e', '9000.00', 'UPLOADED_ACK_IMG', '2016-12-12 16:31:36', '2016-12-29 10:58:50', '2016-12-30 18:00:58', 'WB20161212001');
INSERT INTO `waybill` VALUES ('10fa4570-d315-11e6-ad94-a35782780820', '375ab670-d313-11e6-aa22-15579b3c8250', '2099f1b0-c8e3-11e6-bcb1-b39b3b3e5056', '1000.00', 'NEW', '2017-01-05 15:03:31', '2017-01-05 15:03:31', null, '170105000096');
INSERT INTO `waybill` VALUES ('1bde92b0-cda8-11e6-96fc-4196ce5c5fc1', '542832b0-cda4-11e6-96fc-4196ce5c5fc1', '2bb715d0-cc14-11e6-a4c4-0d791db965b9', '1000.00', 'NEW', '2016-12-29 17:20:58', '2016-12-29 17:20:58', null, '161229000047');
INSERT INTO `waybill` VALUES ('2', '2', '212c0260-c039-11e6-a076-05eec9bc829e', '6000.00', 'UPLOADED_ACK_IMG', '2016-12-22 13:16:36', '2016-12-30 14:58:04', null, 'WB20161222001');
INSERT INTO `waybill` VALUES ('2b58bd30-d17a-11e6-ac5b-9dc6f1f7188f', '0ec7f6e0-d17a-11e6-ac5b-9dc6f1f7188f', '4360dc00-d157-11e6-9a36-41dcfaae90db', '4000.00', 'CONFIRMED_RECEIPT', '2017-01-03 14:02:12', '2017-01-03 14:03:17', null, '170103000084');
INSERT INTO `waybill` VALUES ('2d1e7420-d19d-11e6-bf3c-3de2cb4f83c6', 'f696f350-d19c-11e6-bf3c-3de2cb4f83c6', '4360dc00-d157-11e6-9a36-41dcfaae90db', '1000.00', 'CONFIRMED_RECEIPT', '2017-01-03 18:12:47', '2017-01-03 18:15:08', null, '170103000090');
INSERT INTO `waybill` VALUES ('3568fc20-ce7f-11e6-af85-3d3066d5f848', '10113370-ce7f-11e6-af85-3d3066d5f848', '6ea74740-cc08-11e6-8184-e5701660dca3', '1000.00', 'NEW', '2016-12-30 19:00:43', '2016-12-30 19:00:43', null, '161230000074');
INSERT INTO `waybill` VALUES ('3a7782c0-ccb0-11e6-b65d-4f10098aed2b', 'd21abe90-ccaf-11e6-b65d-4f10098aed2b', '1132c150-cc14-11e6-a4c4-0d791db965b9', '23000.00', 'VEHICLE_OWNER_TERMINATED', '2016-12-28 11:46:34', '2017-01-03 10:18:57', null, '161228000012');
INSERT INTO `waybill` VALUES ('3c3dfce0-ce5b-11e6-b909-0bed2c8dae22', '7851e3f0-ce5a-11e6-b909-0bed2c8dae22', 'c6bacd60-cca5-11e6-b6af-cdaca8571654', '2000.00', 'NEW', '2016-12-30 14:43:12', '2016-12-30 14:43:12', null, '161230000063');
INSERT INTO `waybill` VALUES ('41f27e50-ccca-11e6-9207-df239d0a7cc2', '53b20fd0-ccc9-11e6-9207-df239d0a7cc2', '1132c150-cc14-11e6-a4c4-0d791db965b9', '5000.00', 'VEHICLE_OWNER_TERMINATED', '2016-12-28 14:52:54', '2016-12-28 17:15:26', null, '161228000025');
INSERT INTO `waybill` VALUES ('4328ef70-ce5f-11e6-b909-0bed2c8dae22', '7851e3f0-ce5a-11e6-b909-0bed2c8dae22', '9cc9c140-c8e6-11e6-bcb1-b39b3b3e5056', '3000.00', 'NEW', '2016-12-30 15:12:02', '2016-12-30 15:12:02', null, '161230000064');
INSERT INTO `waybill` VALUES ('4c8eef80-d155-11e6-9a36-41dcfaae90db', '25b2a9b0-d155-11e6-9a36-41dcfaae90db', '5b68f740-ce75-11e6-aa8a-4fce5cf821b5', '5000.00', 'UPLOADED_ACK_IMG', '2017-01-03 09:38:16', '2017-01-03 09:39:02', null, '170103000080');
INSERT INTO `waybill` VALUES ('5470d200-d316-11e6-9533-fddfa4a34371', '375ab670-d313-11e6-aa22-15579b3c8250', '22d9ec00-cc17-11e6-a01e-839273cde757', '1000.00', 'CONFIRMED_RECEIPT', '2017-01-05 15:12:34', '2017-01-05 15:17:12', null, '170105000097');
INSERT INTO `waybill` VALUES ('5d8d0c70-cd88-11e6-b699-f7176c686828', 'baa45630-cd87-11e6-b699-f7176c686828', '4e5f52c0-cd70-11e6-a374-6da3754fe6cf', '2500.00', 'NEW', '2016-12-29 13:33:45', '2016-12-29 13:33:45', null, '161229000036');
INSERT INTO `waybill` VALUES ('5ed21c70-ce81-11e6-ae0a-d19e25965f26', '414dce60-ce81-11e6-ae0a-d19e25965f26', '1132c150-cc14-11e6-a4c4-0d791db965b9', '1000.00', 'NEW', '2016-12-30 19:16:11', '2016-12-30 19:16:11', null, '161230000078');
INSERT INTO `waybill` VALUES ('615b8740-ce51-11e6-b909-0bed2c8dae22', '9cfed230-ce50-11e6-b909-0bed2c8dae22', '2bb715d0-cc14-11e6-a4c4-0d791db965b9', '10000.00', 'NEW', '2016-12-30 13:32:40', '2016-12-30 13:32:40', null, '161230000061');
INSERT INTO `waybill` VALUES ('6f4f8130-cce4-11e6-9eb1-cb14892fa877', 'adf41ab0-cce2-11e6-87e5-658fa6569c11', 'ccddba90-cce1-11e6-87e5-658fa6569c11', '1000.00', 'VEHICLE_OWNER_TERMINATED', '2016-12-28 18:00:17', '2017-01-03 10:20:24', null, '161228000028');
INSERT INTO `waybill` VALUES ('70c59690-ce7d-11e6-af85-3d3066d5f848', '4bef0bd0-ce7d-11e6-af85-3d3066d5f848', '9cc9c140-c8e6-11e6-bcb1-b39b3b3e5056', '1000.00', 'CONFIRMED_RECEIPT', '2016-12-30 18:48:03', '2016-12-30 18:57:11', null, '161230000072');
INSERT INTO `waybill` VALUES ('715aa620-cd76-11e6-a374-6da3754fe6cf', '9bd656a0-cd72-11e6-a374-6da3754fe6cf', '2bb715d0-cc14-11e6-a4c4-0d791db965b9', '5000.00', 'VEHICLE_OWNER_TERMINATED', '2016-12-29 11:25:27', '2017-01-03 10:21:04', null, '161229000031');
INSERT INTO `waybill` VALUES ('75802ec0-cd88-11e6-b699-f7176c686828', 'baa45630-cd87-11e6-b699-f7176c686828', '4e5f52c0-cd70-11e6-a374-6da3754fe6cf', '2500.00', 'NEW', '2016-12-29 13:34:25', '2016-12-29 13:34:25', '2016-12-30 19:59:27', '161229000037');
INSERT INTO `waybill` VALUES ('75b08a60-d266-11e6-bacc-abcde23f89d4', '4f359400-ce6c-11e6-8af7-4701651947f3', '2bb715d0-cc14-11e6-a4c4-0d791db965b9', '200.00', 'NEW', '2017-01-04 18:13:38', '2017-01-04 18:13:38', null, '170104000091');
INSERT INTO `waybill` VALUES ('837e4880-cce4-11e6-9eb1-cb14892fa877', 'adf41ab0-cce2-11e6-87e5-658fa6569c11', 'f6dceb40-cce1-11e6-87e5-658fa6569c11', '1000.00', 'VEHICLE_OWNER_TERMINATED', '2016-12-28 18:00:51', '2016-12-29 13:20:56', null, '161228000029');
INSERT INTO `waybill` VALUES ('84298a50-cdad-11e6-a778-63d73d329fc9', 'b9c62b60-cdac-11e6-a778-63d73d329fc9', '6b3d48a0-cc05-11e6-bf70-3df5f582a89d', '4500.00', 'NEW', '2016-12-29 17:59:41', '2016-12-29 17:59:41', null, '161229000049');
INSERT INTO `waybill` VALUES ('88b3f470-cdad-11e6-a778-63d73d329fc9', 'b9c62b60-cdac-11e6-a778-63d73d329fc9', 'c6bacd60-cca5-11e6-b6af-cdaca8571654', '4500.00', 'NEW', '2016-12-29 17:59:48', '2016-12-29 17:59:48', null, '161229000050');
INSERT INTO `waybill` VALUES ('8900e340-ce6e-11e6-8af7-4701651947f3', '4f359400-ce6c-11e6-8af7-4701651947f3', 'c6bacd60-cca5-11e6-b6af-cdaca8571654', '4000.00', 'NEW', '2016-12-30 17:01:22', '2016-12-30 17:01:22', null, '161230000068');
INSERT INTO `waybill` VALUES ('9535f210-cda4-11e6-96fc-4196ce5c5fc1', '542832b0-cda4-11e6-96fc-4196ce5c5fc1', '1132c150-cc14-11e6-a4c4-0d791db965b9', '1000.00', 'NEW', '2016-12-29 16:55:44', '2016-12-29 16:55:44', null, '161229000046');
INSERT INTO `waybill` VALUES ('96fed4c0-cdb0-11e6-8fa6-c96f02f33ca0', '50411700-cdb0-11e6-8fa6-c96f02f33ca0', '2bb715d0-cc14-11e6-a4c4-0d791db965b9', '10000.00', 'NEW', '2016-12-29 18:21:41', '2016-12-29 18:21:41', null, '161229000052');
INSERT INTO `waybill` VALUES ('9a14e170-cd7b-11e6-a4e0-cf12c0a8c8b0', 'adf41ab0-cce2-11e6-87e5-658fa6569c11', 'ccddba90-cce1-11e6-87e5-658fa6569c11', '200.00', 'CONFIRMED_RECEIPT', '2016-12-29 12:02:23', '2017-01-03 18:09:03', null, '161229000034');
INSERT INTO `waybill` VALUES ('a02bdbf0-ce60-11e6-b909-0bed2c8dae22', '7851e3f0-ce5a-11e6-b909-0bed2c8dae22', '6b3d48a0-cc05-11e6-bf70-3df5f582a89d', '1000.00', 'NEW', '2016-12-30 15:21:48', '2016-12-30 15:21:48', null, '161230000065');
INSERT INTO `waybill` VALUES ('a7668500-cccb-11e6-aa45-59ef6cfe454d', 'f69ca860-cca9-11e6-b6af-cdaca8571654', '1132c150-cc14-11e6-a4c4-0d791db965b9', '1231.00', 'UPLOADED_ACK_IMG', '2016-12-28 15:02:54', '2016-12-28 15:03:48', null, '161228000026');
INSERT INTO `waybill` VALUES ('c64f59e0-ce30-11e6-88b4-39337a9faed9', '8d853c10-ce30-11e6-88b4-39337a9faed9', '2bb715d0-cc14-11e6-a4c4-0d791db965b9', '1000.00', 'UPLOADED_ACK_IMG', '2016-12-30 09:39:16', '2016-12-30 09:50:21', null, '161230000054');
INSERT INTO `waybill` VALUES ('d9858d70-cd8d-11e6-a56b-3182c53d42b3', 'adf41ab0-cce2-11e6-87e5-658fa6569c11', 'ccddba90-cce1-11e6-87e5-658fa6569c11', '1000.00', 'NEW', '2016-12-29 14:13:00', '2016-12-29 14:13:00', null, '161229000040');
INSERT INTO `waybill` VALUES ('da93f540-d174-11e6-ac5b-9dc6f1f7188f', 'be264750-d174-11e6-ac5b-9dc6f1f7188f', '4360dc00-d157-11e6-9a36-41dcfaae90db', '4000.00', 'CONFIRMED_RECEIPT', '2017-01-03 13:24:09', '2017-01-03 13:58:26', null, '170103000082');
INSERT INTO `waybill` VALUES ('e37610b0-d2e8-11e6-a8a4-a3d481243f64', '4f359400-ce6c-11e6-8af7-4701651947f3', '42c25b10-cc12-11e6-9691-67c02122da86', '1000.00', 'NEW', '2017-01-05 09:47:17', '2017-01-05 09:47:17', null, '170105000092');
INSERT INTO `waybill` VALUES ('e431c440-ccc1-11e6-9207-df239d0a7cc2', '984f9130-ccbf-11e6-9207-df239d0a7cc2', '2bb715d0-cc14-11e6-a4c4-0d791db965b9', '2000.00', 'CONFIRMED_RECEIPT', '2016-12-28 13:53:01', '2017-01-05 11:34:00', null, '161228000020');
INSERT INTO `waybill` VALUES ('f269e320-ce75-11e6-aa8a-4fce5cf821b5', 'be76a1c0-ce75-11e6-aa8a-4fce5cf821b5', '5b68f740-ce75-11e6-aa8a-4fce5cf821b5', '1000.00', 'UPLOADED_ACK_IMG', '2016-12-30 17:54:25', '2016-12-30 18:37:24', null, '161230000070');
INSERT INTO `waybill` VALUES ('f70717f0-ce33-11e6-9b15-ad271eab55b7', 'd0798e60-ce33-11e6-9b15-ad271eab55b7', '2bb715d0-cc14-11e6-a4c4-0d791db965b9', '3000.00', 'UPLOADED_ACK_IMG', '2016-12-30 10:02:06', '2016-12-30 11:06:46', null, '161230000056');
INSERT INTO `waybill` VALUES ('fa9540a0-cd97-11e6-bc2d-a55044349c4b', '523aa670-cd97-11e6-b88d-ffae508c0205', '4e5f52c0-cd70-11e6-a374-6da3754fe6cf', '5000.00', 'NEW', '2016-12-29 15:25:30', '2016-12-29 15:25:30', null, '161229000043');
INSERT INTO `waybill` VALUES ('fe998020-d18f-11e6-bedd-57c5fc4410b7', 'd0cd41e0-d18f-11e6-bedd-57c5fc4410b7', '42c25b10-cc12-11e6-9691-67c02122da86', '3000.00', 'CONFIRMED_RECEIPT', '2017-01-03 16:38:26', '2017-01-03 16:58:46', null, '170103000087');
INSERT INTO `waybill` VALUES ('ff4d2470-ccc8-11e6-9d4e-675634196e13', 'fec66fa0-ccc5-11e6-9207-df239d0a7cc2', '1132c150-cc14-11e6-a4c4-0d791db965b9', '1000.00', 'TASK_OWNER_TERMINATED', '2016-12-28 14:43:53', '2016-12-29 11:45:02', null, '161228000023');

-- ----------------------------
-- Table structure for waybill_ack_img
-- ----------------------------
DROP TABLE IF EXISTS `waybill_ack_img`;
CREATE TABLE `waybill_ack_img` (
  `id` char(36) CHARACTER SET utf8 COLLATE utf8_bin NOT NULL DEFAULT '',
  `waybill_id` char(36) CHARACTER SET utf8 COLLATE utf8_bin NOT NULL,
  `img` varchar(255) NOT NULL,
  `remark` varchar(255) DEFAULT NULL,
  `create_time` datetime NOT NULL,
  `update_time` datetime NOT NULL,
  `delete_time` datetime DEFAULT NULL,
  PRIMARY KEY (`id`),
  KEY `waybill_id` (`waybill_id`),
  CONSTRAINT `waybill_ack_img_ibfk_1` FOREIGN KEY (`waybill_id`) REFERENCES `waybill` (`id`) ON DELETE NO ACTION ON UPDATE CASCADE
) ENGINE=InnoDB DEFAULT CHARSET=utf8 ROW_FORMAT=COMPACT;

-- ----------------------------
-- Records of waybill_ack_img
-- ----------------------------
INSERT INTO `waybill_ack_img` VALUES ('0112e4d0-c72d-11e6-ad53-edbcaaef7cad', '1', '', null, '2016-12-21 11:24:38', '2016-12-21 11:24:38', '2016-12-26 10:34:49');
INSERT INTO `waybill_ack_img` VALUES ('3534f7f0-cccb-11e6-bbf4-7ff388bd7fae', '41f27e50-ccca-11e6-9207-df239d0a7cc2', 'http://10.10.9.99:8888/images/39156670-cccb-11e6-b0c1-eb2f91827652.jpg', null, '2016-12-28 14:59:42', '2016-12-28 14:59:42', null);
INSERT INTO `waybill_ack_img` VALUES ('4ee72950-c67e-11e6-92fe-010a818bd7f6', '1', '', null, '2016-12-20 14:34:07', '2016-12-20 14:34:07', '2016-12-26 10:34:55');
INSERT INTO `waybill_ack_img` VALUES ('52c1ad50-ce32-11e6-88b4-39337a9faed9', 'c64f59e0-ce30-11e6-88b4-39337a9faed9', 'http://10.10.9.98:8888/images/53172050-ce32-11e6-bb55-a30407107c23.jpg', null, '2016-12-30 09:50:21', '2016-12-30 09:50:21', null);
INSERT INTO `waybill_ack_img` VALUES ('67bacea0-d155-11e6-9a36-41dcfaae90db', '4c8eef80-d155-11e6-9a36-41dcfaae90db', 'http://10.10.9.98:8888/images/6701dee0-d155-11e6-bb55-a30407107c23.jpg', null, '2017-01-03 09:39:02', '2017-01-03 09:39:02', null);
INSERT INTO `waybill_ack_img` VALUES ('8c74ad70-c740-11e6-8a2a-2f487c4b78a5', '1', '', null, '2016-12-21 13:44:32', '2016-12-21 13:44:32', '2016-12-26 10:34:58');
INSERT INTO `waybill_ack_img` VALUES ('a6ee2a00-cd76-11e6-a374-6da3754fe6cf', '715aa620-cd76-11e6-a374-6da3754fe6cf', 'http://10.10.9.98:8888/images/a6bfee10-cd76-11e6-bb55-a30407107c23.jpg', null, '2016-12-29 11:26:57', '2016-12-29 11:26:57', null);
INSERT INTO `waybill_ack_img` VALUES ('a9284450-c80c-11e6-8708-bf31b68150a8', '2', 'http://10.10.9.99:8888/images/a8063280-c80c-11e6-b0c1-eb2f91827652.jpg', '到货', '2016-12-22 14:05:38', '2016-12-22 14:05:38', null);
INSERT INTO `waybill_ack_img` VALUES ('ae342ed0-c72d-11e6-ad53-edbcaaef7cad', '1', '', null, '2016-12-21 11:29:29', '2016-12-21 11:29:29', '2016-12-26 10:35:00');
INSERT INTO `waybill_ack_img` VALUES ('c7cf0740-cccb-11e6-bbf4-7ff388bd7fae', 'a7668500-cccb-11e6-aa45-59ef6cfe454d', 'http://10.10.9.99:8888/images/cbb716e0-cccb-11e6-b0c1-eb2f91827652.jpg', null, '2016-12-28 15:03:48', '2016-12-28 15:03:48', null);
INSERT INTO `waybill_ack_img` VALUES ('e10420a0-cce5-11e6-a8be-c3d9609175dd', '837e4880-cce4-11e6-9eb1-cb14892fa877', 'http://10.10.9.99:8888/images/e47ccca0-cce5-11e6-b0c1-eb2f91827652.jpg', null, '2016-12-28 18:10:37', '2016-12-28 18:10:37', null);
INSERT INTO `waybill_ack_img` VALUES ('f3c349e0-ce7b-11e6-91d0-c927cbf4f104', 'f269e320-ce75-11e6-aa8a-4fce5cf821b5', 'http://10.10.9.98:8888/images/f36ac9a0-ce7b-11e6-bb55-a30407107c23.jpg', null, '2016-12-30 18:37:24', '2016-12-30 18:37:24', null);
INSERT INTO `waybill_ack_img` VALUES ('fad2b970-cb13-11e6-9c16-5f78ee74da39', '1', 'http://10.10.9.99:8888/images/fa5d6260-cb13-11e6-b0c1-eb2f91827652.png', '1515', '2016-12-26 10:35:35', '2016-12-26 10:35:35', null);

-- ----------------------------
-- Table structure for waybill_compensation
-- ----------------------------
DROP TABLE IF EXISTS `waybill_compensation`;
CREATE TABLE `waybill_compensation` (
  `id` char(36) CHARACTER SET utf8 COLLATE utf8_bin NOT NULL DEFAULT '',
  `waybill_id` char(36) CHARACTER SET utf8 COLLATE utf8_bin NOT NULL,
  `amount` decimal(11,2) NOT NULL,
  `type` int(11) DEFAULT NULL,
  `reason` varchar(255) DEFAULT NULL,
  `status` varchar(30) DEFAULT 'UNCHECKED',
  `current` int(11) DEFAULT '1',
  `creator_id` char(36) CHARACTER SET utf8 COLLATE utf8_bin NOT NULL,
  `remark` varchar(255) DEFAULT NULL,
  `create_time` datetime NOT NULL,
  `update_time` datetime NOT NULL,
  `delete_time` datetime DEFAULT NULL,
  PRIMARY KEY (`id`),
  KEY `waybill_id` (`waybill_id`),
  CONSTRAINT `waybill_compensation_ibfk_1` FOREIGN KEY (`waybill_id`) REFERENCES `waybill` (`id`) ON DELETE NO ACTION ON UPDATE CASCADE
) ENGINE=InnoDB DEFAULT CHARSET=utf8 ROW_FORMAT=COMPACT COMMENT='运单理赔表';

-- ----------------------------
-- Records of waybill_compensation
-- ----------------------------
INSERT INTO `waybill_compensation` VALUES ('02072320-ce70-11e6-8af7-4701651947f3', '8900e340-ce6e-11e6-8af7-4701651947f3', '1000.00', '1', '1000', 'UNCHECKED', '1', '16eb09f0-c0d8-11e6-8ebd-1b0f078634cf', '1000', '2016-12-30 17:11:54', '2016-12-30 17:11:54', null);
INSERT INTO `waybill_compensation` VALUES ('0d106ef0-d192-11e6-9a38-c9733412cd3c', 'fe998020-d18f-11e6-bedd-57c5fc4410b7', '0.00', '1', '测试', 'UNCHECKED', '1', '16eb09f0-c0d8-11e6-8ebd-1b0f078634cf', null, '2017-01-03 16:53:09', '2017-01-03 17:06:42', null);
INSERT INTO `waybill_compensation` VALUES ('12e50810-cd7b-11e6-a374-6da3754fe6cf', '837e4880-cce4-11e6-9eb1-cb14892fa877', '100.00', null, '200', 'UNCHECKED', '1', '16eb09f0-c0d8-11e6-8ebd-1b0f078634cf', '300', '2016-12-29 11:58:36', '2016-12-29 11:58:36', null);
INSERT INTO `waybill_compensation` VALUES ('33fb37b0-d166-11e6-a892-0dde85a49c97', '0789ed50-cd7b-11e6-b37c-1fdf36b4ac65', '4.00', '1', '司机', 'UNCHECKED', '1', '1', null, '2017-01-03 11:39:17', '2017-01-03 11:39:17', null);
INSERT INTO `waybill_compensation` VALUES ('362d3510-d175-11e6-ac5b-9dc6f1f7188f', 'da93f540-d174-11e6-ac5b-9dc6f1f7188f', '1000.00', '2', '0', 'UNCHECKED', '1', '16eb09f0-c0d8-11e6-8ebd-1b0f078634cf', '0', '2017-01-03 13:26:43', '2017-01-03 13:26:43', null);
INSERT INTO `waybill_compensation` VALUES ('3a14dd10-d155-11e6-9001-75b2a732bd23', '05da8990-ce81-11e6-ae0a-d19e25965f26', '999.00', '2', '平台', 'UNCHECKED', '1', '1', null, '2017-01-03 09:37:45', '2017-01-03 13:35:44', null);
INSERT INTO `waybill_compensation` VALUES ('7fad14a0-cd86-11e6-8b94-0ba402d50fa9', '6f4f8130-cce4-11e6-9eb1-cb14892fa877', '1.00', null, '1', 'UNCHECKED', '1', '1', '1', '2016-12-29 13:20:23', '2016-12-29 13:20:23', null);
INSERT INTO `waybill_compensation` VALUES ('cb4c8050-c80c-11e6-8708-bf31b68150a8', '2', '1000.00', '1', '1000', 'UNCHECKED', '1', '1', '1000', '2016-12-22 14:06:35', '2016-12-22 14:06:35', null);
INSERT INTO `waybill_compensation` VALUES ('df728f70-cd7a-11e6-a374-6da3754fe6cf', 'a7668500-cccb-11e6-aa45-59ef6cfe454d', '1000.00', null, '111', 'UNCHECKED', '1', '16eb09f0-c0d8-11e6-8ebd-1b0f078634cf', '111', '2016-12-29 11:57:09', '2016-12-29 11:57:09', null);
INSERT INTO `waybill_compensation` VALUES ('e2ca7880-d316-11e6-9533-fddfa4a34371', '5470d200-d316-11e6-9533-fddfa4a34371', '1000.00', '1', '.', 'UNCHECKED', '1', '16eb09f0-c0d8-11e6-8ebd-1b0f078634cf', null, '2017-01-05 15:16:32', '2017-01-05 15:16:32', null);
INSERT INTO `waybill_compensation` VALUES ('f19136f0-d155-11e6-9a36-41dcfaae90db', '4c8eef80-d155-11e6-9a36-41dcfaae90db', '1000.00', '2', '延时', 'UNCHECKED', '1', '16eb09f0-c0d8-11e6-8ebd-1b0f078634cf', '延时', '2017-01-03 09:42:53', '2017-01-03 09:42:53', null);
INSERT INTO `waybill_compensation` VALUES ('f64a10d0-d165-11e6-a892-0dde85a49c97', '003da630-ce4e-11e6-9b15-ad271eab55b7', '666.00', '1', '司机', 'UNCHECKED', '1', '1', null, '2017-01-03 11:37:33', '2017-01-03 11:51:02', null);

-- ----------------------------
-- Table structure for waybill_event
-- ----------------------------
DROP TABLE IF EXISTS `waybill_event`;
CREATE TABLE `waybill_event` (
  `id` char(36) CHARACTER SET utf8 COLLATE utf8_bin NOT NULL DEFAULT '',
  `waybill_id` char(36) CHARACTER SET utf8 COLLATE utf8_bin NOT NULL,
  `event` varchar(255) NOT NULL,
  `creator_id` char(36) CHARACTER SET utf8 COLLATE utf8_bin NOT NULL,
  `create_time` datetime NOT NULL,
  `update_time` datetime NOT NULL,
  `delete_time` datetime DEFAULT NULL,
  PRIMARY KEY (`id`),
  KEY `waybill_id` (`waybill_id`),
  CONSTRAINT `waybill_event_ibfk_1` FOREIGN KEY (`waybill_id`) REFERENCES `waybill` (`id`) ON DELETE NO ACTION ON UPDATE CASCADE
) ENGINE=InnoDB DEFAULT CHARSET=utf8 ROW_FORMAT=COMPACT;

-- ----------------------------
-- Records of waybill_event
-- ----------------------------

-- ----------------------------
-- Table structure for waybill_loading_info
-- ----------------------------
DROP TABLE IF EXISTS `waybill_loading_info`;
CREATE TABLE `waybill_loading_info` (
  `id` char(36) CHARACTER SET utf8 COLLATE utf8_bin NOT NULL DEFAULT '',
  `waybill_id` char(36) CHARACTER SET utf8 COLLATE utf8_bin NOT NULL,
  `task_loading_info_id` char(36) CHARACTER SET utf8 COLLATE utf8_bin NOT NULL,
  `amount` float NOT NULL,
  `amount_unit` int(11) NOT NULL,
  PRIMARY KEY (`id`),
  KEY `waybill_id` (`waybill_id`),
  KEY `task_id` (`task_loading_info_id`),
  CONSTRAINT `waybill_loading_info_ibfk_1` FOREIGN KEY (`waybill_id`) REFERENCES `waybill` (`id`) ON DELETE NO ACTION ON UPDATE CASCADE,
  CONSTRAINT `waybill_loading_info_ibfk_2` FOREIGN KEY (`task_loading_info_id`) REFERENCES `task_loading_info` (`id`) ON DELETE NO ACTION ON UPDATE CASCADE
) ENGINE=InnoDB DEFAULT CHARSET=utf8 ROW_FORMAT=COMPACT COMMENT='运单卸货列表';

-- ----------------------------
-- Records of waybill_loading_info
-- ----------------------------
INSERT INTO `waybill_loading_info` VALUES ('003e9090-ce4e-11e6-9b15-ad271eab55b7', '003da630-ce4e-11e6-9b15-ad271eab55b7', 'cad5ed40-ce4d-11e6-9b15-ad271eab55b7', '10', '1');
INSERT INTO `waybill_loading_info` VALUES ('05dbe920-ce81-11e6-ae0a-d19e25965f26', '05da8990-ce81-11e6-ae0a-d19e25965f26', 'd8b0cce0-ce80-11e6-ae0a-d19e25965f26', '5', '1');
INSERT INTO `waybill_loading_info` VALUES ('07949bb0-cd7b-11e6-b37c-1fdf36b4ac65', '0789ed50-cd7b-11e6-b37c-1fdf36b4ac65', 'adf50510-cce2-11e6-87e5-658fa6569c11', '5', '1');
INSERT INTO `waybill_loading_info` VALUES ('0db46b90-d19c-11e6-a438-4bcaa32e46de', '0db35a20-d19c-11e6-a438-4bcaa32e46de', '68849760-d18e-11e6-90bc-15977fc57c62', '5', '2');
INSERT INTO `waybill_loading_info` VALUES ('1', '1', '1', '5', '1');
INSERT INTO `waybill_loading_info` VALUES ('10fb2fd0-d315-11e6-ad94-a35782780820', '10fa4570-d315-11e6-ad94-a35782780820', '375c8b30-d313-11e6-aa22-15579b3c8250', '5', '1');
INSERT INTO `waybill_loading_info` VALUES ('1bdff240-cda8-11e6-96fc-4196ce5c5fc1', '1bde92b0-cda8-11e6-96fc-4196ce5c5fc1', '542a2e80-cda4-11e6-96fc-4196ce5c5fc1', '5', '1');
INSERT INTO `waybill_loading_info` VALUES ('2', '2', '2', '10', '1');
INSERT INTO `waybill_loading_info` VALUES ('2b59a790-d17a-11e6-ac5b-9dc6f1f7188f', '2b58bd30-d17a-11e6-ac5b-9dc6f1f7188f', '0ec89320-d17a-11e6-ac5b-9dc6f1f7188f', '10', '1');
INSERT INTO `waybill_loading_info` VALUES ('2d1f5e80-d19d-11e6-bf3c-3de2cb4f83c6', '2d1e7420-d19d-11e6-bf3c-3de2cb4f83c6', 'f697b6a0-d19c-11e6-bf3c-3de2cb4f83c6', '10', '1');
INSERT INTO `waybill_loading_info` VALUES ('3569bf70-ce7f-11e6-af85-3d3066d5f848', '3568fc20-ce7f-11e6-af85-3d3066d5f848', '1011f6c0-ce7f-11e6-af85-3d3066d5f848', '10', '1');
INSERT INTO `waybill_loading_info` VALUES ('3a786d20-ccb0-11e6-b65d-4f10098aed2b', '3a7782c0-ccb0-11e6-b65d-4f10098aed2b', 'd21abe91-ccaf-11e6-b65d-4f10098aed2b', '10', '1');
INSERT INTO `waybill_loading_info` VALUES ('3c3ec030-ce5b-11e6-b909-0bed2c8dae22', '3c3dfce0-ce5b-11e6-b909-0bed2c8dae22', '7852ce50-ce5a-11e6-b909-0bed2c8dae22', '5', '3');
INSERT INTO `waybill_loading_info` VALUES ('41f2cc70-ccca-11e6-9207-df239d0a7cc2', '41f27e50-ccca-11e6-9207-df239d0a7cc2', '53b2d320-ccc9-11e6-9207-df239d0a7cc2', '10', '1');
INSERT INTO `waybill_loading_info` VALUES ('43298bb0-ce5f-11e6-b909-0bed2c8dae22', '4328ef70-ce5f-11e6-b909-0bed2c8dae22', '7852ce50-ce5a-11e6-b909-0bed2c8dae22', '3', '3');
INSERT INTO `waybill_loading_info` VALUES ('4c8fd9e0-d155-11e6-9a36-41dcfaae90db', '4c8eef80-d155-11e6-9a36-41dcfaae90db', '25b36d00-d155-11e6-9a36-41dcfaae90db', '8', '1');
INSERT INTO `waybill_loading_info` VALUES ('5471bc60-d316-11e6-9533-fddfa4a34371', '5470d200-d316-11e6-9533-fddfa4a34371', '375c8b30-d313-11e6-aa22-15579b3c8250', '3', '1');
INSERT INTO `waybill_loading_info` VALUES ('5d8d81a0-cd88-11e6-b699-f7176c686828', '5d8d0c70-cd88-11e6-b699-f7176c686828', 'baa54090-cd87-11e6-b699-f7176c686828', '5', '1');
INSERT INTO `waybill_loading_info` VALUES ('5ed306d0-ce81-11e6-ae0a-d19e25965f26', '5ed21c70-ce81-11e6-ae0a-d19e25965f26', '414e6aa0-ce81-11e6-ae0a-d19e25965f26', '15', '1');
INSERT INTO `waybill_loading_info` VALUES ('615c71a0-ce51-11e6-b909-0bed2c8dae22', '615b8740-ce51-11e6-b909-0bed2c8dae22', '9d000ab0-ce50-11e6-b909-0bed2c8dae22', '2', '1');
INSERT INTO `waybill_loading_info` VALUES ('6f4ff660-cce4-11e6-9eb1-cb14892fa877', '6f4f8130-cce4-11e6-9eb1-cb14892fa877', 'adf50510-cce2-11e6-87e5-658fa6569c11', '5', '1');
INSERT INTO `waybill_loading_info` VALUES ('70c6a800-ce7d-11e6-af85-3d3066d5f848', '70c59690-ce7d-11e6-af85-3d3066d5f848', '4befcf20-ce7d-11e6-af85-3d3066d5f848', '10', '1');
INSERT INTO `waybill_loading_info` VALUES ('715b1b50-cd76-11e6-a374-6da3754fe6cf', '715aa620-cd76-11e6-a374-6da3754fe6cf', '9bd7b630-cd72-11e6-a374-6da3754fe6cf', '5', '1');
INSERT INTO `waybill_loading_info` VALUES ('7580a3f0-cd88-11e6-b699-f7176c686828', '75802ec0-cd88-11e6-b699-f7176c686828', 'baa54090-cd87-11e6-b699-f7176c686828', '5', '1');
INSERT INTO `waybill_loading_info` VALUES ('75b19bd0-d266-11e6-bacc-abcde23f89d4', '75b08a60-d266-11e6-bacc-abcde23f89d4', '4f3741b0-ce6c-11e6-8af7-4701651947f3', '2', '1');
INSERT INTO `waybill_loading_info` VALUES ('837ebdb0-cce4-11e6-9eb1-cb14892fa877', '837e4880-cce4-11e6-9eb1-cb14892fa877', 'adf50510-cce2-11e6-87e5-658fa6569c11', '5', '1');
INSERT INTO `waybill_loading_info` VALUES ('842a4da0-cdad-11e6-a778-63d73d329fc9', '84298a50-cdad-11e6-a778-63d73d329fc9', 'b9c78af0-cdac-11e6-a778-63d73d329fc9', '5', '3');
INSERT INTO `waybill_loading_info` VALUES ('88b505e0-cdad-11e6-a778-63d73d329fc9', '88b3f470-cdad-11e6-a778-63d73d329fc9', 'b9c78af0-cdac-11e6-a778-63d73d329fc9', '5', '3');
INSERT INTO `waybill_loading_info` VALUES ('89021bc0-ce6e-11e6-8af7-4701651947f3', '8900e340-ce6e-11e6-8af7-4701651947f3', '4f3741b0-ce6c-11e6-8af7-4701651947f3', '2', '1');
INSERT INTO `waybill_loading_info` VALUES ('9536dc70-cda4-11e6-96fc-4196ce5c5fc1', '9535f210-cda4-11e6-96fc-4196ce5c5fc1', '542a2e80-cda4-11e6-96fc-4196ce5c5fc1', '5', '1');
INSERT INTO `waybill_loading_info` VALUES ('97003450-cdb0-11e6-8fa6-c96f02f33ca0', '96fed4c0-cdb0-11e6-8fa6-c96f02f33ca0', '504339e0-cdb0-11e6-8fa6-c96f02f33ca0', '10', '1');
INSERT INTO `waybill_loading_info` VALUES ('9c798560-cd7b-11e6-a4e0-cf12c0a8c8b0', '9a14e170-cd7b-11e6-a4e0-cf12c0a8c8b0', 'adf50510-cce2-11e6-87e5-658fa6569c11', '2', '1');
INSERT INTO `waybill_loading_info` VALUES ('a02ced60-ce60-11e6-b909-0bed2c8dae22', 'a02bdbf0-ce60-11e6-b909-0bed2c8dae22', '7852ce50-ce5a-11e6-b909-0bed2c8dae22', '2', '3');
INSERT INTO `waybill_loading_info` VALUES ('a7672140-cccb-11e6-aa45-59ef6cfe454d', 'a7668500-cccb-11e6-aa45-59ef6cfe454d', 'f69d6bb0-cca9-11e6-b6af-cdaca8571654', '5', '2');
INSERT INTO `waybill_loading_info` VALUES ('c6504440-ce30-11e6-88b4-39337a9faed9', 'c64f59e0-ce30-11e6-88b4-39337a9faed9', '8d8710d0-ce30-11e6-88b4-39337a9faed9', '5', '1');
INSERT INTO `waybill_loading_info` VALUES ('d9876230-cd8d-11e6-a56b-3182c53d42b3', 'd9858d70-cd8d-11e6-a56b-3182c53d42b3', 'adf50510-cce2-11e6-87e5-658fa6569c11', '2', '1');
INSERT INTO `waybill_loading_info` VALUES ('da94b890-d174-11e6-ac5b-9dc6f1f7188f', 'da93f540-d174-11e6-ac5b-9dc6f1f7188f', 'be29f0d0-d174-11e6-ac5b-9dc6f1f7188f', '10', '1');
INSERT INTO `waybill_loading_info` VALUES ('e37685e0-d2e8-11e6-a8a4-a3d481243f64', 'e37610b0-d2e8-11e6-a8a4-a3d481243f64', '4f3741b0-ce6c-11e6-8af7-4701651947f3', '5', '1');
INSERT INTO `waybill_loading_info` VALUES ('e4328790-ccc1-11e6-9207-df239d0a7cc2', 'e431c440-ccc1-11e6-9207-df239d0a7cc2', '98502d70-ccbf-11e6-9207-df239d0a7cc2', '5', '1');
INSERT INTO `waybill_loading_info` VALUES ('f26af490-ce75-11e6-aa8a-4fce5cf821b5', 'f269e320-ce75-11e6-aa8a-4fce5cf821b5', 'be776510-ce75-11e6-aa8a-4fce5cf821b5', '10', '1');
INSERT INTO `waybill_loading_info` VALUES ('f707db40-ce33-11e6-9b15-ad271eab55b7', 'f70717f0-ce33-11e6-9b15-ad271eab55b7', 'd07a51b0-ce33-11e6-9b15-ad271eab55b7', '10', '1');
INSERT INTO `waybill_loading_info` VALUES ('fa965210-cd97-11e6-bc2d-a55044349c4b', 'fa9540a0-cd97-11e6-bc2d-a55044349c4b', '523c2d10-cd97-11e6-b88d-ffae508c0205', '5', '1');
INSERT INTO `waybill_loading_info` VALUES ('fe9a9190-d18f-11e6-bedd-57c5fc4410b7', 'fe998020-d18f-11e6-bedd-57c5fc4410b7', 'd0ceef90-d18f-11e6-bedd-57c5fc4410b7', '10', '1');
INSERT INTO `waybill_loading_info` VALUES ('ff4dc0b0-ccc8-11e6-9d4e-675634196e13', 'ff4d2470-ccc8-11e6-9d4e-675634196e13', 'fec7f640-ccc5-11e6-9207-df239d0a7cc2', '10', '1');
INSERT INTO `waybill_loading_info` VALUES ('ff4dc0b1-ccc8-11e6-9d4e-675634196e13', 'ff4d2470-ccc8-11e6-9d4e-675634196e13', 'fec7f641-ccc5-11e6-9207-df239d0a7cc2', '0', '1');

-- ----------------------------
-- Table structure for waybill_notice
-- ----------------------------
DROP TABLE IF EXISTS `waybill_notice`;
CREATE TABLE `waybill_notice` (
  `id` char(36) CHARACTER SET utf8 COLLATE utf8_bin NOT NULL DEFAULT '',
  `waybill_id` char(36) CHARACTER SET utf8 COLLATE utf8_bin NOT NULL,
  `message_type` varchar(30) DEFAULT NULL,
  `content` varchar(255) NOT NULL,
  `create_time` datetime NOT NULL,
  `update_time` datetime NOT NULL,
  `delete_time` datetime DEFAULT NULL,
  PRIMARY KEY (`id`),
  KEY `waybill_id` (`waybill_id`),
  CONSTRAINT `waybill_notice_ibfk_1` FOREIGN KEY (`waybill_id`) REFERENCES `waybill` (`id`) ON DELETE NO ACTION ON UPDATE CASCADE
) ENGINE=InnoDB DEFAULT CHARSET=utf8 ROW_FORMAT=COMPACT;

-- ----------------------------
-- Records of waybill_notice
-- ----------------------------
INSERT INTO `waybill_notice` VALUES ('1', '1', 'SERVED', '运单已送达', '2016-12-19 15:13:26', '2016-12-19 15:13:29', null);

-- ----------------------------
-- Table structure for waybill_payment
-- ----------------------------
DROP TABLE IF EXISTS `waybill_payment`;
CREATE TABLE `waybill_payment` (
  `id` char(36) CHARACTER SET utf8 COLLATE utf8_bin NOT NULL DEFAULT '',
  `waybill_id` char(36) CHARACTER SET utf8 COLLATE utf8_bin NOT NULL,
  `amount` decimal(11,2) NOT NULL,
  `payment_time` datetime NOT NULL,
  `payment_type` varchar(30) NOT NULL DEFAULT 'UNCONFIRMED',
  `reason` varchar(255) NOT NULL,
  `remark` varchar(255) DEFAULT NULL,
  `status` varchar(30) NOT NULL DEFAULT 'UNCONFIRMED',
  `creator_id` char(36) CHARACTER SET utf8 COLLATE utf8_bin NOT NULL,
  `create_time` datetime NOT NULL,
  `update_time` datetime NOT NULL,
  `delete_time` datetime DEFAULT NULL,
  PRIMARY KEY (`id`),
  KEY `waybill_id` (`waybill_id`),
  KEY `creator_id` (`creator_id`),
  CONSTRAINT `waybill_payment_ibfk_1` FOREIGN KEY (`waybill_id`) REFERENCES `waybill` (`id`) ON DELETE NO ACTION ON UPDATE CASCADE,
  CONSTRAINT `waybill_payment_ibfk_2` FOREIGN KEY (`creator_id`) REFERENCES `user` (`id`) ON DELETE NO ACTION ON UPDATE CASCADE
) ENGINE=InnoDB DEFAULT CHARSET=utf8 ROW_FORMAT=COMPACT COMMENT='运单付款表';

-- ----------------------------
-- Records of waybill_payment
-- ----------------------------
INSERT INTO `waybill_payment` VALUES ('0e5ddcb0-d175-11e6-ac5b-9dc6f1f7188f', 'da93f540-d174-11e6-ac5b-9dc6f1f7188f', '1000.00', '2017-01-03 13:25:30', 'TRANSFER', '0', null, 'CONFIRMED', '16eb09f0-c0d8-11e6-8ebd-1b0f078634cf', '2017-01-03 13:25:36', '2017-01-03 13:26:15', null);
INSERT INTO `waybill_payment` VALUES ('0efbd990-ce84-11e6-94be-f3309df5aaf3', '1bde92b0-cda8-11e6-96fc-4196ce5c5fc1', '132.00', '2016-12-30 19:35:16', 'TRANSFER', '123', null, 'UNCONFIRMED', '1', '2016-12-30 19:35:26', '2016-12-30 19:35:26', null);
INSERT INTO `waybill_payment` VALUES ('11e54c40-ce34-11e6-9b15-ad271eab55b7', 'f70717f0-ce33-11e6-9b15-ad271eab55b7', '3500.00', '2016-12-30 10:02:39', 'TRANSFER', '1', null, 'CONFIRMED', '16eb09f0-c0d8-11e6-8ebd-1b0f078634cf', '2016-12-30 10:02:51', '2016-12-30 10:03:48', null);
INSERT INTO `waybill_payment` VALUES ('19ebe3c0-d174-11e6-ac5b-9dc6f1f7188f', '3568fc20-ce7f-11e6-af85-3d3066d5f848', '500.00', '2017-01-03 13:18:32', 'TRANSFER', '1', null, 'UNCONFIRMED', '16eb09f0-c0d8-11e6-8ebd-1b0f078634cf', '2017-01-03 13:18:46', '2017-01-03 13:18:46', null);
INSERT INTO `waybill_payment` VALUES ('2024c370-ce4e-11e6-9b15-ad271eab55b7', '003da630-ce4e-11e6-9b15-ad271eab55b7', '10000.00', '2016-12-30 13:09:14', 'TRANSFER', '1', null, 'UNCONFIRMED', '16eb09f0-c0d8-11e6-8ebd-1b0f078634cf', '2016-12-30 13:09:22', '2016-12-30 13:09:22', null);
INSERT INTO `waybill_payment` VALUES ('240c4380-d193-11e6-9a38-c9733412cd3c', 'fe998020-d18f-11e6-bedd-57c5fc4410b7', '100.00', '2017-01-03 17:00:48', 'TRANSFER', '.', null, 'UNCONFIRMED', '16eb09f0-c0d8-11e6-8ebd-1b0f078634cf', '2017-01-03 17:00:57', '2017-01-03 17:00:57', null);
INSERT INTO `waybill_payment` VALUES ('27249990-ce7e-11e6-af85-3d3066d5f848', '70c59690-ce7d-11e6-af85-3d3066d5f848', '500.00', '2016-12-30 18:53:00', 'TRANSFER', '11', null, 'CONFIRMED', '16eb09f0-c0d8-11e6-8ebd-1b0f078634cf', '2016-12-30 18:53:09', '2016-12-30 18:53:36', null);
INSERT INTO `waybill_payment` VALUES ('2aa5de10-c69c-11e6-97c1-9706137c107b', '1', '8000.00', '2016-12-20 18:07:40', 'TRANSFER', '测测', null, 'CONFIRMED', '1', '2016-12-20 18:07:51', '2016-12-21 11:12:43', null);
INSERT INTO `waybill_payment` VALUES ('2ed70310-cd8b-11e6-843a-352f7d2929cb', '3a7782c0-ccb0-11e6-b65d-4f10098aed2b', '120.00', '2016-12-29 13:53:35', 'TRANSFER', '第一次', null, 'CONFIRMED', '1', '2016-12-29 13:53:55', '2016-12-29 14:18:06', null);
INSERT INTO `waybill_payment` VALUES ('3219da40-d176-11e6-ac5b-9dc6f1f7188f', 'da93f540-d174-11e6-ac5b-9dc6f1f7188f', '1000.00', '2017-01-03 13:33:37', 'OFFLINE', '.', null, 'CONFIRMED', '16eb09f0-c0d8-11e6-8ebd-1b0f078634cf', '2017-01-03 13:33:45', '2017-01-03 13:36:26', null);
INSERT INTO `waybill_payment` VALUES ('3542bbc0-d17a-11e6-ac5b-9dc6f1f7188f', '2b58bd30-d17a-11e6-ac5b-9dc6f1f7188f', '1000.00', '2017-01-03 14:02:23', 'TRANSFER', '.', null, 'UNCONFIRMED', '16eb09f0-c0d8-11e6-8ebd-1b0f078634cf', '2017-01-03 14:02:29', '2017-01-03 14:02:29', null);
INSERT INTO `waybill_payment` VALUES ('3e513980-d19d-11e6-bf3c-3de2cb4f83c6', '2d1e7420-d19d-11e6-bf3c-3de2cb4f83c6', '500.00', '2017-01-03 18:13:06', 'TRANSFER', '.', null, 'CONFIRMED', '16eb09f0-c0d8-11e6-8ebd-1b0f078634cf', '2017-01-03 18:13:16', '2017-01-03 18:13:34', null);
INSERT INTO `waybill_payment` VALUES ('44617c30-ce6f-11e6-9421-a730901cb7f8', '8900e340-ce6e-11e6-8af7-4701651947f3', '2000.00', '2016-12-30 17:06:21', 'TRANSFER', '111', null, 'CONFIRMED', '16eb09f0-c0d8-11e6-8ebd-1b0f078634cf', '2016-12-30 17:06:36', '2016-12-30 17:10:48', null);
INSERT INTO `waybill_payment` VALUES ('4c1317b0-d174-11e6-ac5b-9dc6f1f7188f', '615b8740-ce51-11e6-b909-0bed2c8dae22', '5000.00', '2017-01-03 13:20:01', 'OFFLINE', '1', null, 'UNCONFIRMED', '16eb09f0-c0d8-11e6-8ebd-1b0f078634cf', '2017-01-03 13:20:10', '2017-01-03 13:20:10', null);
INSERT INTO `waybill_payment` VALUES ('53af2120-ce5f-11e6-b909-0bed2c8dae22', '4328ef70-ce5f-11e6-b909-0bed2c8dae22', '3500.00', '2016-12-30 15:12:20', 'TRANSFER', '11', null, 'UNCONFIRMED', '16eb09f0-c0d8-11e6-8ebd-1b0f078634cf', '2016-12-30 15:12:30', '2016-12-30 15:12:30', null);
INSERT INTO `waybill_payment` VALUES ('5cf92980-cd8b-11e6-843a-352f7d2929cb', '3a7782c0-ccb0-11e6-b65d-4f10098aed2b', '130.00', '2016-12-29 13:54:56', 'TRANSFER', '第二次', null, 'CONFIRMED', '1', '2016-12-29 13:55:12', '2016-12-29 17:30:36', null);
INSERT INTO `waybill_payment` VALUES ('6556f370-ce33-11e6-9b15-ad271eab55b7', 'c64f59e0-ce30-11e6-88b4-39337a9faed9', '1500.00', '2016-12-30 09:57:42', 'TRANSFER', '111', null, 'UNCONFIRMED', '16eb09f0-c0d8-11e6-8ebd-1b0f078634cf', '2016-12-30 09:58:02', '2016-12-30 09:58:02', null);
INSERT INTO `waybill_payment` VALUES ('6a0d03e0-cda3-11e6-b88d-ffae508c0205', '6f4f8130-cce4-11e6-9eb1-cb14892fa877', '500.00', '2016-12-29 16:47:14', 'TRANSFER', '0', null, 'CONFIRMED', '16eb09f0-c0d8-11e6-8ebd-1b0f078634cf', '2016-12-29 16:47:22', '2016-12-29 16:47:36', null);
INSERT INTO `waybill_payment` VALUES ('6d9857f0-d19d-11e6-bf3c-3de2cb4f83c6', '2d1e7420-d19d-11e6-bf3c-3de2cb4f83c6', '500.00', '2017-01-03 18:14:24', 'TRANSFER', '.', null, 'CONFIRMED', '16eb09f0-c0d8-11e6-8ebd-1b0f078634cf', '2017-01-03 18:14:36', '2017-01-03 18:14:44', null);
INSERT INTO `waybill_payment` VALUES ('745106e0-ce33-11e6-9b15-ad271eab55b7', 'c64f59e0-ce30-11e6-88b4-39337a9faed9', '1500.00', '2016-12-30 09:58:17', 'TRANSFER', '1', null, 'UNCONFIRMED', '16eb09f0-c0d8-11e6-8ebd-1b0f078634cf', '2016-12-30 09:58:27', '2016-12-30 09:58:27', null);
INSERT INTO `waybill_payment` VALUES ('77ae3630-d155-11e6-9a36-41dcfaae90db', '4c8eef80-d155-11e6-9a36-41dcfaae90db', '1000.00', '2017-01-03 09:39:07', 'TRANSFER', '提前预支', null, 'UNCONFIRMED', '16eb09f0-c0d8-11e6-8ebd-1b0f078634cf', '2017-01-03 09:39:29', '2017-01-03 09:39:29', null);
INSERT INTO `waybill_payment` VALUES ('7bb438a0-d156-11e6-9a36-41dcfaae90db', '4c8eef80-d155-11e6-9a36-41dcfaae90db', '1000.00', '2017-01-03 09:46:30', 'ETC', '支付', null, 'UNCONFIRMED', '16eb09f0-c0d8-11e6-8ebd-1b0f078634cf', '2017-01-03 09:46:45', '2017-01-03 09:46:45', null);
INSERT INTO `waybill_payment` VALUES ('84771980-d19c-11e6-bf3c-3de2cb4f83c6', '9a14e170-cd7b-11e6-a4e0-cf12c0a8c8b0', '100.00', '2017-01-03 18:07:58', 'TRANSFER', '.', null, 'CONFIRMED', '16eb09f0-c0d8-11e6-8ebd-1b0f078634cf', '2017-01-03 18:08:04', '2017-01-03 18:08:27', null);
INSERT INTO `waybill_payment` VALUES ('8a1cbfe0-d316-11e6-9533-fddfa4a34371', '5470d200-d316-11e6-9533-fddfa4a34371', '1000.00', '2017-01-05 15:13:50', 'FUEL_CARD', '.', null, 'CONFIRMED', '16eb09f0-c0d8-11e6-8ebd-1b0f078634cf', '2017-01-05 15:14:04', '2017-01-05 15:15:17', null);
INSERT INTO `waybill_payment` VALUES ('982f8c60-cd8b-11e6-843a-352f7d2929cb', '3a7782c0-ccb0-11e6-b65d-4f10098aed2b', '100.00', '2016-12-29 13:56:40', 'OFFLINE', '第三次', null, 'CONFIRMED', '1', '2016-12-29 13:56:51', '2016-12-29 16:21:21', null);
INSERT INTO `waybill_payment` VALUES ('a12683a0-d155-11e6-9a36-41dcfaae90db', '4c8eef80-d155-11e6-9a36-41dcfaae90db', '1000.00', '2017-01-03 09:40:25', 'TRANSFER', '提前预支', null, 'UNCONFIRMED', '16eb09f0-c0d8-11e6-8ebd-1b0f078634cf', '2017-01-03 09:40:38', '2017-01-03 09:40:38', null);
INSERT INTO `waybill_payment` VALUES ('b9c9ffd0-d179-11e6-ac5b-9dc6f1f7188f', 'da93f540-d174-11e6-ac5b-9dc6f1f7188f', '1000.00', '2017-01-03 13:58:46', 'TRANSFER', '测试', null, 'UNCONFIRMED', '16eb09f0-c0d8-11e6-8ebd-1b0f078634cf', '2017-01-03 13:59:01', '2017-01-03 13:59:01', null);
INSERT INTO `waybill_payment` VALUES ('be010740-c80c-11e6-8708-bf31b68150a8', '2', '1000.00', '2016-12-22 14:05:55', 'TRANSFER', '测试', null, 'CONFIRMED', '1', '2016-12-22 14:06:13', '2016-12-26 11:06:47', null);
INSERT INTO `waybill_payment` VALUES ('c3a9a880-d155-11e6-9a36-41dcfaae90db', '4c8eef80-d155-11e6-9a36-41dcfaae90db', '1000.00', '2017-01-03 09:41:25', 'TRANSFER', '提前预支', null, 'UNCONFIRMED', '16eb09f0-c0d8-11e6-8ebd-1b0f078634cf', '2017-01-03 09:41:36', '2017-01-03 09:41:36', null);
INSERT INTO `waybill_payment` VALUES ('c49f56c0-ce6e-11e6-8af7-4701651947f3', '8900e340-ce6e-11e6-8af7-4701651947f3', '2000.00', '2016-12-24 17:02:14', 'TRANSFER', '100', null, 'UNCONFIRMED', '16eb09f0-c0d8-11e6-8ebd-1b0f078634cf', '2016-12-30 17:03:02', '2016-12-30 17:03:02', null);
INSERT INTO `waybill_payment` VALUES ('cc442ff0-d192-11e6-9a38-c9733412cd3c', 'fe998020-d18f-11e6-bedd-57c5fc4410b7', '200.00', '2017-01-03 16:58:22', 'TRANSFER', '.', null, 'UNCONFIRMED', '16eb09f0-c0d8-11e6-8ebd-1b0f078634cf', '2017-01-03 16:58:30', '2017-01-03 16:58:30', null);
INSERT INTO `waybill_payment` VALUES ('d384e9d0-d179-11e6-ac5b-9dc6f1f7188f', 'da93f540-d174-11e6-ac5b-9dc6f1f7188f', '200.00', '2017-01-03 13:59:31', 'TRANSFER', '.', null, 'UNCONFIRMED', '16eb09f0-c0d8-11e6-8ebd-1b0f078634cf', '2017-01-03 13:59:45', '2017-01-03 13:59:45', null);
INSERT INTO `waybill_payment` VALUES ('e97058d0-cce5-11e6-a8be-c3d9609175dd', '837e4880-cce4-11e6-9eb1-cb14892fa877', '500.00', '2016-12-28 18:10:42', 'TRANSFER', '0', null, 'CONFIRMED', 'be8100f0-ccd3-11e6-aa45-59ef6cfe454d', '2016-12-28 18:10:51', '2016-12-28 18:16:37', null);
INSERT INTO `waybill_payment` VALUES ('edfd3e50-ccc1-11e6-9207-df239d0a7cc2', 'e431c440-ccc1-11e6-9207-df239d0a7cc2', '10.00', '2016-12-28 13:53:10', 'TRANSFER', '1', null, 'CONFIRMED', '16eb09f0-c0d8-11e6-8ebd-1b0f078634cf', '2016-12-28 13:53:17', '2016-12-28 13:53:31', null);
INSERT INTO `waybill_payment` VALUES ('f143ccb0-d175-11e6-ac5b-9dc6f1f7188f', 'da93f540-d174-11e6-ac5b-9dc6f1f7188f', '1000.00', '2017-01-03 13:31:50', 'TRANSFER', '.', null, 'UNCONFIRMED', '16eb09f0-c0d8-11e6-8ebd-1b0f078634cf', '2017-01-03 13:31:57', '2017-01-03 13:31:57', null);
INSERT INTO `waybill_payment` VALUES ('f5797140-ce6e-11e6-8af7-4701651947f3', '8900e340-ce6e-11e6-8af7-4701651947f3', '2000.00', '2016-12-30 17:04:16', 'TRANSFER', '111', null, 'UNCONFIRMED', '16eb09f0-c0d8-11e6-8ebd-1b0f078634cf', '2016-12-30 17:04:24', '2016-12-30 17:04:24', null);
INSERT INTO `waybill_payment` VALUES ('f7685440-d174-11e6-ac5b-9dc6f1f7188f', 'da93f540-d174-11e6-ac5b-9dc6f1f7188f', '2000.00', '2017-01-03 13:24:38', 'TRANSFER', '.', null, 'UNCONFIRMED', '16eb09f0-c0d8-11e6-8ebd-1b0f078634cf', '2017-01-03 13:24:57', '2017-01-03 13:24:57', null);
INSERT INTO `waybill_payment` VALUES ('f9512f60-ce7d-11e6-af85-3d3066d5f848', '70c59690-ce7d-11e6-af85-3d3066d5f848', '100.00', '2016-12-30 18:51:23', 'TRANSFER', '0', null, 'UNCONFIRMED', '16eb09f0-c0d8-11e6-8ebd-1b0f078634cf', '2016-12-30 18:51:53', '2016-12-30 18:51:53', null);
INSERT INTO `waybill_payment` VALUES ('ff9de5e0-d191-11e6-9a38-c9733412cd3c', 'fe998020-d18f-11e6-bedd-57c5fc4410b7', '1000.00', '2017-01-03 16:52:33', 'FUEL_CARD', '.', null, 'CONFIRMED', '16eb09f0-c0d8-11e6-8ebd-1b0f078634cf', '2017-01-03 16:52:47', '2017-01-03 16:54:36', null);

-- ----------------------------
-- Table structure for waybill_settlement
-- ----------------------------
DROP TABLE IF EXISTS `waybill_settlement`;
CREATE TABLE `waybill_settlement` (
  `id` char(36) CHARACTER SET utf8 COLLATE utf8_bin NOT NULL DEFAULT '',
  `waybill_id` char(36) CHARACTER SET utf8 COLLATE utf8_bin NOT NULL,
  `amount` decimal(11,2) NOT NULL,
  `compensation_amount` decimal(11,2) NOT NULL DEFAULT '0.00',
  `prepayment_amount` decimal(11,2) NOT NULL DEFAULT '0.00',
  `status` varchar(30) NOT NULL DEFAULT 'UNCHECKED',
  `current` int(11) NOT NULL DEFAULT '1',
  `creator_id` char(36) CHARACTER SET utf8 COLLATE utf8_bin NOT NULL,
  `create_time` datetime NOT NULL,
  `update_time` datetime NOT NULL,
  `delete_time` datetime DEFAULT NULL,
  PRIMARY KEY (`id`),
  KEY `waybill_id` (`waybill_id`),
  KEY `creator_id` (`creator_id`),
  CONSTRAINT `waybill_settlement_ibfk_1` FOREIGN KEY (`waybill_id`) REFERENCES `waybill` (`id`) ON DELETE NO ACTION ON UPDATE CASCADE,
  CONSTRAINT `waybill_settlement_ibfk_2` FOREIGN KEY (`creator_id`) REFERENCES `user` (`id`) ON DELETE NO ACTION ON UPDATE CASCADE
) ENGINE=InnoDB DEFAULT CHARSET=utf8 ROW_FORMAT=COMPACT COMMENT='运单结算表';

-- ----------------------------
-- Records of waybill_settlement
-- ----------------------------
INSERT INTO `waybill_settlement` VALUES ('2168fbd0-d186-11e6-b93d-d7e1f70cbc96', '003da630-ce4e-11e6-9b15-ad271eab55b7', '334.00', '666.00', '0.00', 'CHECK_PASS', '1', '1', '2017-01-03 15:27:49', '2017-01-03 15:27:55', null);
INSERT INTO `waybill_settlement` VALUES ('41a7b590-ce7e-11e6-af85-3d3066d5f848', '70c59690-ce7d-11e6-af85-3d3066d5f848', '500.00', '0.00', '500.00', 'CHECK_PASS', '1', '16eb09f0-c0d8-11e6-8ebd-1b0f078634cf', '2016-12-30 18:53:54', '2016-12-30 18:57:11', null);
INSERT INTO `waybill_settlement` VALUES ('4dd57970-d17a-11e6-ac5b-9dc6f1f7188f', '2b58bd30-d17a-11e6-ac5b-9dc6f1f7188f', '4000.00', '0.00', '0.00', 'CHECK_PASS', '1', '16eb09f0-c0d8-11e6-8ebd-1b0f078634cf', '2017-01-03 14:03:10', '2017-01-03 14:03:17', null);
INSERT INTO `waybill_settlement` VALUES ('4f6f1860-ce5d-11e6-b909-0bed2c8dae22', '2', '4000.00', '1000.00', '1000.00', 'UNCHECKED', '1', '16eb09f0-c0d8-11e6-8ebd-1b0f078634cf', '2016-12-30 14:58:04', '2016-12-30 14:58:04', null);
INSERT INTO `waybill_settlement` VALUES ('5e9bcf50-ccc2-11e6-9207-df239d0a7cc2', 'e431c440-ccc1-11e6-9207-df239d0a7cc2', '1990.00', '0.00', '10.00', 'CHECK_PASS', '1', '16eb09f0-c0d8-11e6-8ebd-1b0f078634cf', '2016-12-28 13:56:26', '2017-01-05 11:34:00', null);
INSERT INTO `waybill_settlement` VALUES ('7a2efff0-d19d-11e6-bf3c-3de2cb4f83c6', '2d1e7420-d19d-11e6-bf3c-3de2cb4f83c6', '0.00', '0.00', '1000.00', 'CHECK_PASS', '1', '16eb09f0-c0d8-11e6-8ebd-1b0f078634cf', '2017-01-03 18:14:57', '2017-01-03 18:15:08', null);
INSERT INTO `waybill_settlement` VALUES ('8edf81f0-ccdd-11e6-82e9-cb154d72446c', '41f27e50-ccca-11e6-9207-df239d0a7cc2', '5000.00', '0.00', '0.00', 'UNCHECKED', '1', '16eb09f0-c0d8-11e6-8ebd-1b0f078634cf', '2016-12-28 17:11:03', '2016-12-28 17:11:03', null);
INSERT INTO `waybill_settlement` VALUES ('9624f030-d179-11e6-ac5b-9dc6f1f7188f', 'da93f540-d174-11e6-ac5b-9dc6f1f7188f', '1000.00', '1000.00', '2000.00', 'CHECK_PASS', '1', '16eb09f0-c0d8-11e6-8ebd-1b0f078634cf', '2017-01-03 13:58:02', '2017-01-03 13:58:26', null);
INSERT INTO `waybill_settlement` VALUES ('9bba25b0-d19c-11e6-bf3c-3de2cb4f83c6', '9a14e170-cd7b-11e6-a4e0-cf12c0a8c8b0', '100.00', '0.00', '100.00', 'CHECK_PASS', '1', '16eb09f0-c0d8-11e6-8ebd-1b0f078634cf', '2017-01-03 18:08:43', '2017-01-03 18:09:03', null);
INSERT INTO `waybill_settlement` VALUES ('b9bac610-cd72-11e6-8b05-472592793924', '1', '1000.00', '0.00', '8000.00', 'UNCHECKED', '1', '1', '2016-12-29 10:58:50', '2016-12-29 10:58:50', null);
INSERT INTO `waybill_settlement` VALUES ('c1ece110-cce6-11e6-a8be-c3d9609175dd', '837e4880-cce4-11e6-9eb1-cb14892fa877', '500.00', '0.00', '500.00', 'CHECK_PASS', '1', 'be8100f0-ccd3-11e6-aa45-59ef6cfe454d', '2016-12-28 18:16:54', '2016-12-28 18:17:26', null);
INSERT INTO `waybill_settlement` VALUES ('c5925ee0-cce5-11e6-a8be-c3d9609175dd', '6f4f8130-cce4-11e6-9eb1-cb14892fa877', '1000.00', '0.00', '0.00', 'UNCHECKED', '1', 'be8100f0-ccd3-11e6-aa45-59ef6cfe454d', '2016-12-28 18:09:51', '2016-12-28 18:09:51', null);
INSERT INTO `waybill_settlement` VALUES ('cfd19c70-d192-11e6-9a38-c9733412cd3c', 'fe998020-d18f-11e6-bedd-57c5fc4410b7', '1000.00', '1000.00', '1000.00', 'CHECK_PASS', '1', '16eb09f0-c0d8-11e6-8ebd-1b0f078634cf', '2017-01-03 16:58:36', '2017-01-03 16:58:46', null);
INSERT INTO `waybill_settlement` VALUES ('eea23d50-d316-11e6-9533-fddfa4a34371', '5470d200-d316-11e6-9533-fddfa4a34371', '-1000.00', '1000.00', '1000.00', 'CHECK_PASS', '1', '16eb09f0-c0d8-11e6-8ebd-1b0f078634cf', '2017-01-05 15:16:52', '2017-01-05 15:17:12', null);
INSERT INTO `waybill_settlement` VALUES ('efdf0ee0-cd8b-11e6-843a-352f7d2929cb', '3a7782c0-ccb0-11e6-b65d-4f10098aed2b', '22650.00', '0.00', '350.00', 'UNCHECKED', '1', '1', '2016-12-29 13:59:18', '2016-12-29 13:59:18', null);
INSERT INTO `waybill_settlement` VALUES ('ffc8ad00-ce3c-11e6-9b15-ad271eab55b7', 'f70717f0-ce33-11e6-9b15-ad271eab55b7', '-500.00', '0.00', '3500.00', 'UNCHECKED', '1', 'f87a7b00-cca7-11e6-b6af-cdaca8571654', '2016-12-30 11:06:46', '2016-12-30 11:06:46', null);

-- ----------------------------
-- Table structure for waybill_settlement_detail
-- ----------------------------
DROP TABLE IF EXISTS `waybill_settlement_detail`;
CREATE TABLE `waybill_settlement_detail` (
  `id` char(36) CHARACTER SET utf8 COLLATE utf8_bin NOT NULL DEFAULT '',
  `waybill_settlement_id` char(36) CHARACTER SET utf8 COLLATE utf8_bin NOT NULL,
  `amount` decimal(11,2) NOT NULL,
  `payment_type` varchar(30) NOT NULL,
  PRIMARY KEY (`id`),
  KEY `waybill_settlement_id` (`waybill_settlement_id`),
  CONSTRAINT `waybill_settlement_detail_ibfk_1` FOREIGN KEY (`waybill_settlement_id`) REFERENCES `waybill_settlement` (`id`) ON DELETE CASCADE ON UPDATE CASCADE
) ENGINE=InnoDB DEFAULT CHARSET=utf8 ROW_FORMAT=COMPACT COMMENT='运单结算明细表';

-- ----------------------------
-- Records of waybill_settlement_detail
-- ----------------------------
INSERT INTO `waybill_settlement_detail` VALUES ('216c5730-d186-11e6-b93d-d7e1f70cbc96', '2168fbd0-d186-11e6-b93d-d7e1f70cbc96', '334.00', 'ETC');
INSERT INTO `waybill_settlement_detail` VALUES ('41a8c700-ce7e-11e6-af85-3d3066d5f848', '41a7b590-ce7e-11e6-af85-3d3066d5f848', '500.00', 'TRANSFER');
INSERT INTO `waybill_settlement_detail` VALUES ('4dd63cc0-d17a-11e6-ac5b-9dc6f1f7188f', '4dd57970-d17a-11e6-ac5b-9dc6f1f7188f', '4000.00', 'TRANSFER');
INSERT INTO `waybill_settlement_detail` VALUES ('4f71fe90-ce5d-11e6-b909-0bed2c8dae22', '4f6f1860-ce5d-11e6-b909-0bed2c8dae22', '4000.00', 'TRANSFER');
INSERT INTO `waybill_settlement_detail` VALUES ('5e9d7d00-ccc2-11e6-9207-df239d0a7cc2', '5e9bcf50-ccc2-11e6-9207-df239d0a7cc2', '1990.00', 'TRANSFER');
INSERT INTO `waybill_settlement_detail` VALUES ('7a2fea50-d19d-11e6-bf3c-3de2cb4f83c6', '7a2efff0-d19d-11e6-bf3c-3de2cb4f83c6', '0.00', 'TRANSFER');
INSERT INTO `waybill_settlement_detail` VALUES ('8ee12fa0-ccdd-11e6-82e9-cb154d72446c', '8edf81f0-ccdd-11e6-82e9-cb154d72446c', '5000.00', 'OFFLINE');
INSERT INTO `waybill_settlement_detail` VALUES ('96269de0-d179-11e6-ac5b-9dc6f1f7188f', '9624f030-d179-11e6-ac5b-9dc6f1f7188f', '1000.00', 'TRANSFER');
INSERT INTO `waybill_settlement_detail` VALUES ('9bbb3720-d19c-11e6-bf3c-3de2cb4f83c6', '9bba25b0-d19c-11e6-bf3c-3de2cb4f83c6', '100.00', 'FUEL_CARD');
INSERT INTO `waybill_settlement_detail` VALUES ('b9c01d40-cd72-11e6-8b05-472592793924', 'b9bac610-cd72-11e6-8b05-472592793924', '1000.00', 'TRANSFER');
INSERT INTO `waybill_settlement_detail` VALUES ('c1edcb70-cce6-11e6-a8be-c3d9609175dd', 'c1ece110-cce6-11e6-a8be-c3d9609175dd', '500.00', 'TRANSFER');
INSERT INTO `waybill_settlement_detail` VALUES ('c5940c90-cce5-11e6-a8be-c3d9609175dd', 'c5925ee0-cce5-11e6-a8be-c3d9609175dd', '1000.00', 'TRANSFER');
INSERT INTO `waybill_settlement_detail` VALUES ('cfd25fc0-d192-11e6-9a38-c9733412cd3c', 'cfd19c70-d192-11e6-9a38-c9733412cd3c', '1000.00', 'TRANSFER');
INSERT INTO `waybill_settlement_detail` VALUES ('eea327b0-d316-11e6-9533-fddfa4a34371', 'eea23d50-d316-11e6-9533-fddfa4a34371', '-1000.00', 'TRANSFER');
INSERT INTO `waybill_settlement_detail` VALUES ('efe0bc90-cd8b-11e6-843a-352f7d2929cb', 'efdf0ee0-cd8b-11e6-843a-352f7d2929cb', '22650.00', 'FREIGHT_FACTORING');
INSERT INTO `waybill_settlement_detail` VALUES ('ffca0c90-ce3c-11e6-9b15-ad271eab55b7', 'ffc8ad00-ce3c-11e6-9b15-ad271eab55b7', '-500.00', 'TRANSFER');

-- ----------------------------
-- Table structure for waybill_termination
-- ----------------------------
DROP TABLE IF EXISTS `waybill_termination`;
CREATE TABLE `waybill_termination` (
  `id` char(36) CHARACTER SET utf8 COLLATE utf8_bin NOT NULL DEFAULT '',
  `waybill_id` char(36) CHARACTER SET utf8 COLLATE utf8_bin DEFAULT NULL,
  `amount` decimal(10,0) DEFAULT NULL,
  `type` int(11) DEFAULT NULL,
  `reason` varchar(255) DEFAULT NULL,
  `status` varchar(30) DEFAULT 'UNCHECKED',
  `current` int(11) DEFAULT '1',
  `creator_id` char(36) CHARACTER SET utf8 COLLATE utf8_bin DEFAULT NULL,
  `create_time` datetime NOT NULL,
  `update_time` datetime NOT NULL,
  `uitype` int(11) DEFAULT NULL,
  `remark` varchar(255) DEFAULT NULL,
  `delete_time` datetime DEFAULT NULL,
  PRIMARY KEY (`id`),
  KEY `waybill_id` (`waybill_id`),
  KEY `creator_id` (`creator_id`),
  CONSTRAINT `waybill_termination_ibfk_1` FOREIGN KEY (`waybill_id`) REFERENCES `waybill` (`id`) ON DELETE NO ACTION ON UPDATE CASCADE,
  CONSTRAINT `waybill_termination_ibfk_2` FOREIGN KEY (`creator_id`) REFERENCES `user` (`id`) ON DELETE NO ACTION ON UPDATE CASCADE
) ENGINE=InnoDB DEFAULT CHARSET=utf8 ROW_FORMAT=COMPACT COMMENT='运单终止表';

-- ----------------------------
-- Records of waybill_termination
-- ----------------------------
INSERT INTO `waybill_termination` VALUES ('10ac19f0-cd79-11e6-b200-9dfd1c0a9726', '2', null, null, '试试', 'UNCHECKED', '1', '1', '2016-12-29 11:44:13', '2016-12-29 11:44:13', null, '试试', null);
INSERT INTO `waybill_termination` VALUES ('2b7765f0-ccde-11e6-82e9-cb154d72446c', '41f27e50-ccca-11e6-9207-df239d0a7cc2', '400', '1', '延迟', 'UNCHECKED', '1', 'be8100f0-ccd3-11e6-aa45-59ef6cfe454d', '2016-12-28 17:15:26', '2016-12-28 17:15:26', null, '延迟', null);
INSERT INTO `waybill_termination` VALUES ('2da65070-cd79-11e6-b200-9dfd1c0a9726', 'ff4d2470-ccc8-11e6-9d4e-675634196e13', '150', '1', '再试试', 'UNCHECKED', '1', '1', '2016-12-29 11:45:02', '2016-12-29 11:45:02', null, '再试试', null);
INSERT INTO `waybill_termination` VALUES ('2f60a1f0-d15b-11e6-9a36-41dcfaae90db', '6f4f8130-cce4-11e6-9eb1-cb14892fa877', '1000', '2', '车主终止', 'UNCHECKED', '1', 'dc0db760-cd6b-11e6-a374-6da3754fe6cf', '2017-01-03 10:20:24', '2017-01-03 10:20:24', null, '车主终止', null);
INSERT INTO `waybill_termination` VALUES ('31aedc40-d19e-11e6-bf3c-3de2cb4f83c6', '0db35a20-d19c-11e6-a438-4bcaa32e46de', '500', '2', '00', 'UNCHECKED', '1', '16eb09f0-c0d8-11e6-8ebd-1b0f078634cf', '2017-01-03 18:20:04', '2017-01-03 18:20:04', null, '00', null);
INSERT INTO `waybill_termination` VALUES ('46edd680-d15b-11e6-9a36-41dcfaae90db', '715aa620-cd76-11e6-a374-6da3754fe6cf', '1000', '1', '终止', 'UNCHECKED', '1', 'dc0db760-cd6b-11e6-a374-6da3754fe6cf', '2017-01-03 10:21:04', '2017-01-03 10:21:04', null, '终止', null);
INSERT INTO `waybill_termination` VALUES ('651df540-cd87-11e6-8b94-0ba402d50fa9', '0789ed50-cd7b-11e6-b37c-1fdf36b4ac65', '15', '1', 'asd', 'UNCHECKED', '1', '1', '2016-12-29 13:26:48', '2016-12-29 13:26:48', null, 'asd', null);
INSERT INTO `waybill_termination` VALUES ('933f9bf0-cd86-11e6-8b94-0ba402d50fa9', '837e4880-cce4-11e6-9eb1-cb14892fa877', null, null, '1', 'UNCHECKED', '1', '1', '2016-12-29 13:20:56', '2016-12-29 13:20:56', null, '1', null);
INSERT INTO `waybill_termination` VALUES ('fb269390-d15a-11e6-9a36-41dcfaae90db', '3a7782c0-ccb0-11e6-b65d-4f10098aed2b', '5000', '2', '调离', 'UNCHECKED', '1', 'dc0db760-cd6b-11e6-a374-6da3754fe6cf', '2017-01-03 10:18:57', '2017-01-03 10:18:57', null, '调离', null);

-- ----------------------------
-- Table structure for waybill_unloading_info
-- ----------------------------
DROP TABLE IF EXISTS `waybill_unloading_info`;
CREATE TABLE `waybill_unloading_info` (
  `id` char(36) CHARACTER SET utf8 COLLATE utf8_bin NOT NULL DEFAULT '',
  `waybill_id` char(36) CHARACTER SET utf8 COLLATE utf8_bin NOT NULL,
  `task_unloading_info_id` char(36) CHARACTER SET utf8 COLLATE utf8_bin NOT NULL,
  `amount` float NOT NULL,
  `amount_unit` int(11) NOT NULL,
  PRIMARY KEY (`id`),
  KEY `waybill_id` (`waybill_id`),
  KEY `task_id` (`task_unloading_info_id`),
  CONSTRAINT `waybill_unloading_info_ibfk_1` FOREIGN KEY (`waybill_id`) REFERENCES `waybill` (`id`) ON DELETE NO ACTION ON UPDATE CASCADE,
  CONSTRAINT `waybill_unloading_info_ibfk_2` FOREIGN KEY (`task_unloading_info_id`) REFERENCES `task_unloading_info` (`id`) ON DELETE NO ACTION ON UPDATE CASCADE
) ENGINE=InnoDB DEFAULT CHARSET=utf8 ROW_FORMAT=COMPACT COMMENT='运单卸货列表';

-- ----------------------------
-- Records of waybill_unloading_info
-- ----------------------------
INSERT INTO `waybill_unloading_info` VALUES ('003edeb0-ce4e-11e6-9b15-ad271eab55b7', '003da630-ce4e-11e6-9b15-ad271eab55b7', 'cad66270-ce4d-11e6-9b15-ad271eab55b7', '10', '1');
INSERT INTO `waybill_unloading_info` VALUES ('05dc5e50-ce81-11e6-ae0a-d19e25965f26', '05da8990-ce81-11e6-ae0a-d19e25965f26', 'd8b16920-ce80-11e6-ae0a-d19e25965f26', '5', '1');
INSERT INTO `waybill_unloading_info` VALUES ('07964960-cd7b-11e6-b37c-1fdf36b4ac65', '0789ed50-cd7b-11e6-b37c-1fdf36b4ac65', 'ae030ed0-cce2-11e6-87e5-658fa6569c11', '5', '1');
INSERT INTO `waybill_unloading_info` VALUES ('0dc0eeb0-d19c-11e6-a438-4bcaa32e46de', '0db35a20-d19c-11e6-a438-4bcaa32e46de', '688533a0-d18e-11e6-90bc-15977fc57c62', '5', '2');
INSERT INTO `waybill_unloading_info` VALUES ('1', '1', '1', '5', '1');
INSERT INTO `waybill_unloading_info` VALUES ('10fba500-d315-11e6-ad94-a35782780820', '10fa4570-d315-11e6-ad94-a35782780820', '3768c030-d313-11e6-aa22-15579b3c8250', '5', '1');
INSERT INTO `waybill_unloading_info` VALUES ('1be08e80-cda8-11e6-96fc-4196ce5c5fc1', '1bde92b0-cda8-11e6-96fc-4196ce5c5fc1', '542acac0-cda4-11e6-96fc-4196ce5c5fc1', '5', '1');
INSERT INTO `waybill_unloading_info` VALUES ('2', '2', '2', '10', '1');
INSERT INTO `waybill_unloading_info` VALUES ('2b59f5b0-d17a-11e6-ac5b-9dc6f1f7188f', '2b58bd30-d17a-11e6-ac5b-9dc6f1f7188f', '0ed56460-d17a-11e6-ac5b-9dc6f1f7188f', '10', '1');
INSERT INTO `waybill_unloading_info` VALUES ('2d1faca0-d19d-11e6-bf3c-3de2cb4f83c6', '2d1e7420-d19d-11e6-bf3c-3de2cb4f83c6', 'f6982bd0-d19c-11e6-bf3c-3de2cb4f83c6', '10', '1');
INSERT INTO `waybill_unloading_info` VALUES ('356a34a0-ce7f-11e6-af85-3d3066d5f848', '3568fc20-ce7f-11e6-af85-3d3066d5f848', '10129300-ce7f-11e6-af85-3d3066d5f848', '10', '1');
INSERT INTO `waybill_unloading_info` VALUES ('3a78e250-ccb0-11e6-b65d-4f10098aed2b', '3a7782c0-ccb0-11e6-b65d-4f10098aed2b', 'd21d2f90-ccaf-11e6-b65d-4f10098aed2b', '10', '1');
INSERT INTO `waybill_unloading_info` VALUES ('3c3f0e50-ce5b-11e6-b909-0bed2c8dae22', '3c3dfce0-ce5b-11e6-b909-0bed2c8dae22', '78534380-ce5a-11e6-b909-0bed2c8dae22', '5', '3');
INSERT INTO `waybill_unloading_info` VALUES ('41ff0170-ccca-11e6-9207-df239d0a7cc2', '41f27e50-ccca-11e6-9207-df239d0a7cc2', '53b34850-ccc9-11e6-9207-df239d0a7cc2', '10', '1');
INSERT INTO `waybill_unloading_info` VALUES ('4329d9d0-ce5f-11e6-b909-0bed2c8dae22', '4328ef70-ce5f-11e6-b909-0bed2c8dae22', '78534380-ce5a-11e6-b909-0bed2c8dae22', '3', '3');
INSERT INTO `waybill_unloading_info` VALUES ('4c9000f0-d155-11e6-9a36-41dcfaae90db', '4c8eef80-d155-11e6-9a36-41dcfaae90db', '25b3e230-d155-11e6-9a36-41dcfaae90db', '8', '1');
INSERT INTO `waybill_unloading_info` VALUES ('54720a80-d316-11e6-9533-fddfa4a34371', '5470d200-d316-11e6-9533-fddfa4a34371', '3768c030-d313-11e6-aa22-15579b3c8250', '3', '1');
INSERT INTO `waybill_unloading_info` VALUES ('5d8dcfc0-cd88-11e6-b699-f7176c686828', '5d8d0c70-cd88-11e6-b699-f7176c686828', 'baa5dcd0-cd87-11e6-b699-f7176c686828', '5', '1');
INSERT INTO `waybill_unloading_info` VALUES ('5ee137a0-ce81-11e6-ae0a-d19e25965f26', '5ed21c70-ce81-11e6-ae0a-d19e25965f26', '414eb8c0-ce81-11e6-ae0a-d19e25965f26', '15', '1');
INSERT INTO `waybill_unloading_info` VALUES ('616e4bf0-ce51-11e6-b909-0bed2c8dae22', '615b8740-ce51-11e6-b909-0bed2c8dae22', '9d00a6f0-ce50-11e6-b909-0bed2c8dae22', '2', '1');
INSERT INTO `waybill_unloading_info` VALUES ('6f5e0020-cce4-11e6-9eb1-cb14892fa877', '6f4f8130-cce4-11e6-9eb1-cb14892fa877', 'ae030ed0-cce2-11e6-87e5-658fa6569c11', '5', '1');
INSERT INTO `waybill_unloading_info` VALUES ('70c6f620-ce7d-11e6-af85-3d3066d5f848', '70c59690-ce7d-11e6-af85-3d3066d5f848', '4bf06b60-ce7d-11e6-af85-3d3066d5f848', '10', '1');
INSERT INTO `waybill_unloading_info` VALUES ('715bb790-cd76-11e6-a374-6da3754fe6cf', '715aa620-cd76-11e6-a374-6da3754fe6cf', '9bd82b60-cd72-11e6-a374-6da3754fe6cf', '5', '1');
INSERT INTO `waybill_unloading_info` VALUES ('758e86a0-cd88-11e6-b699-f7176c686828', '75802ec0-cd88-11e6-b699-f7176c686828', 'baa5dcd0-cd87-11e6-b699-f7176c686828', '5', '1');
INSERT INTO `waybill_unloading_info` VALUES ('75b21100-d266-11e6-bacc-abcde23f89d4', '75b08a60-d266-11e6-bacc-abcde23f89d4', '4f37b6e0-ce6c-11e6-8af7-4701651947f3', '2', '1');
INSERT INTO `waybill_unloading_info` VALUES ('837f0bd0-cce4-11e6-9eb1-cb14892fa877', '837e4880-cce4-11e6-9eb1-cb14892fa877', 'ae030ed0-cce2-11e6-87e5-658fa6569c11', '5', '1');
INSERT INTO `waybill_unloading_info` VALUES ('842ac2d0-cdad-11e6-a778-63d73d329fc9', '84298a50-cdad-11e6-a778-63d73d329fc9', 'b9c82730-cdac-11e6-a778-63d73d329fc9', '5', '3');
INSERT INTO `waybill_unloading_info` VALUES ('88b52cf0-cdad-11e6-a778-63d73d329fc9', '88b3f470-cdad-11e6-a778-63d73d329fc9', 'b9c82730-cdac-11e6-a778-63d73d329fc9', '5', '3');
INSERT INTO `waybill_unloading_info` VALUES ('89104c90-ce6e-11e6-8af7-4701651947f3', '8900e340-ce6e-11e6-8af7-4701651947f3', '4f37b6e0-ce6c-11e6-8af7-4701651947f3', '2', '1');
INSERT INTO `waybill_unloading_info` VALUES ('9543fbd0-cda4-11e6-96fc-4196ce5c5fc1', '9535f210-cda4-11e6-96fc-4196ce5c5fc1', '542acac0-cda4-11e6-96fc-4196ce5c5fc1', '5', '1');
INSERT INTO `waybill_unloading_info` VALUES ('970da1d0-cdb0-11e6-8fa6-c96f02f33ca0', '96fed4c0-cdb0-11e6-8fa6-c96f02f33ca0', '5043fd30-cdb0-11e6-8fa6-c96f02f33ca0', '10', '1');
INSERT INTO `waybill_unloading_info` VALUES ('9c79fa90-cd7b-11e6-a4e0-cf12c0a8c8b0', '9a14e170-cd7b-11e6-a4e0-cf12c0a8c8b0', 'ae030ed0-cce2-11e6-87e5-658fa6569c11', '2', '1');
INSERT INTO `waybill_unloading_info` VALUES ('a02d3b80-ce60-11e6-b909-0bed2c8dae22', 'a02bdbf0-ce60-11e6-b909-0bed2c8dae22', '78534380-ce5a-11e6-b909-0bed2c8dae22', '2', '3');
INSERT INTO `waybill_unloading_info` VALUES ('a767bd80-cccb-11e6-aa45-59ef6cfe454d', 'a7668500-cccb-11e6-aa45-59ef6cfe454d', 'f69de0e0-cca9-11e6-b6af-cdaca8571654', '5', '2');
INSERT INTO `waybill_unloading_info` VALUES ('c6509260-ce30-11e6-88b4-39337a9faed9', 'c64f59e0-ce30-11e6-88b4-39337a9faed9', '8d878600-ce30-11e6-88b4-39337a9faed9', '5', '1');
INSERT INTO `waybill_unloading_info` VALUES ('d987fe70-cd8d-11e6-a56b-3182c53d42b3', 'd9858d70-cd8d-11e6-a56b-3182c53d42b3', 'ae030ed0-cce2-11e6-87e5-658fa6569c11', '2', '1');
INSERT INTO `waybill_unloading_info` VALUES ('da9506b0-d174-11e6-ac5b-9dc6f1f7188f', 'da93f540-d174-11e6-ac5b-9dc6f1f7188f', 'be2a6600-d174-11e6-ac5b-9dc6f1f7188f', '10', '1');
INSERT INTO `waybill_unloading_info` VALUES ('e37685e1-d2e8-11e6-a8a4-a3d481243f64', 'e37610b0-d2e8-11e6-a8a4-a3d481243f64', '4f37b6e0-ce6c-11e6-8af7-4701651947f3', '5', '1');
INSERT INTO `waybill_unloading_info` VALUES ('e440df70-ccc1-11e6-9207-df239d0a7cc2', 'e431c440-ccc1-11e6-9207-df239d0a7cc2', '985d4cd0-ccbf-11e6-9207-df239d0a7cc2', '5', '1');
INSERT INTO `waybill_unloading_info` VALUES ('f26b69c0-ce75-11e6-aa8a-4fce5cf821b5', 'f269e320-ce75-11e6-aa8a-4fce5cf821b5', 'be83e830-ce75-11e6-aa8a-4fce5cf821b5', '10', '1');
INSERT INTO `waybill_unloading_info` VALUES ('f7080250-ce33-11e6-9b15-ad271eab55b7', 'f70717f0-ce33-11e6-9b15-ad271eab55b7', 'd086adc0-ce33-11e6-9b15-ad271eab55b7', '10', '1');
INSERT INTO `waybill_unloading_info` VALUES ('fa96c740-cd97-11e6-bc2d-a55044349c4b', 'fa9540a0-cd97-11e6-bc2d-a55044349c4b', '524a0fc0-cd97-11e6-b88d-ffae508c0205', '5', '1');
INSERT INTO `waybill_unloading_info` VALUES ('fe9adfb0-d18f-11e6-bedd-57c5fc4410b7', 'fe998020-d18f-11e6-bedd-57c5fc4410b7', 'd0cf8bd0-d18f-11e6-bedd-57c5fc4410b7', '10', '1');
INSERT INTO `waybill_unloading_info` VALUES ('ff4e0ed0-ccc8-11e6-9d4e-675634196e13', 'ff4d2470-ccc8-11e6-9d4e-675634196e13', 'fec86b70-ccc5-11e6-9207-df239d0a7cc2', '10', '1');
INSERT INTO `waybill_unloading_info` VALUES ('ff4e0ed1-ccc8-11e6-9d4e-675634196e13', 'ff4d2470-ccc8-11e6-9d4e-675634196e13', 'fec86b71-ccc5-11e6-9207-df239d0a7cc2', '0', '1');
